minutes_elapsed,value
-2.0,164.0
-2.0,165.0
-1.9833333333333334,166.0
-1.9833333333333334,166.0
-1.9666666666666666,166.0
-1.9666666666666666,166.0
-1.95,165.0
-1.95,165.0
-1.9333333333333333,166.0
-1.9333333333333333,166.0
-1.9166666666666667,166.0
-1.9166666666666667,166.0
-1.9,166.0
-1.9,166.0
-1.8833333333333333,166.0
-1.8833333333333333,165.0
-1.8666666666666667,165.0
-1.8666666666666667,166.0
-1.85,166.0
-1.85,166.0
-1.8333333333333333,165.0
-1.8333333333333333,165.0
-1.8166666666666667,165.0
-1.8166666666666667,165.0
-1.8,166.0
-1.8,166.0
-1.7833333333333334,166.0
-1.7666666666666666,165.0
-1.7666666666666666,166.0
-1.7666666666666666,165.0
-1.75,167.0
-1.75,166.0
-1.7333333333333334,167.0
-1.7333333333333334,167.0
-1.7166666666666666,167.0
-1.7166666666666666,168.0
-1.7,168.0
-1.7,169.0
-1.6833333333333333,169.0
-1.6833333333333333,169.0
-1.6666666666666667,170.0
-1.6666666666666667,170.0
-1.65,170.0
-1.65,170.0
-1.6333333333333333,170.0
-1.6333333333333333,170.0
-1.6166666666666667,170.0
-1.6166666666666667,170.0
-1.6,170.0
-1.6,170.0
-1.5833333333333333,169.0
-1.5833333333333333,169.0
-1.5666666666666667,169.0
-1.5666666666666667,169.0
-1.55,169.0
-1.55,169.0
-1.5333333333333334,170.0
-1.5333333333333334,170.0
-1.5166666666666666,169.0
-1.5166666666666666,169.0
-1.5,169.0
-1.5,169.0
-1.4833333333333334,169.0
-1.4833333333333334,169.0
-1.4666666666666666,169.0
-1.4666666666666666,169.0
-1.45,169.0
-1.45,169.0
-1.4333333333333333,169.0
-1.4333333333333333,169.0
-1.4166666666666667,169.0
-1.4166666666666667,169.0
-1.4,168.0
-1.4,168.0
-1.3833333333333333,169.0
-1.3833333333333333,168.0
-1.3666666666666667,168.0
-1.3666666666666667,168.0
-1.35,168.0
-1.35,169.0
-1.3333333333333333,168.0
-1.3333333333333333,168.0
-1.3166666666666667,169.0
-1.3166666666666667,169.0
-1.3,169.0
-1.3,170.0
-1.2833333333333334,169.0
-1.2833333333333334,169.0
-1.2666666666666666,170.0
-1.2666666666666666,169.0
-1.25,170.0
-1.25,170.0
-1.2333333333333334,170.0
-1.2333333333333334,170.0
-1.2166666666666666,169.0
-1.2166666666666666,170.0
-1.2,170.0
-1.2,170.0
-1.1833333333333333,171.0
-1.1833333333333333,171.0
-1.1666666666666667,171.0
-1.1666666666666667,171.0
-1.15,171.0
-1.1333333333333333,171.0
-1.1333333333333333,171.0
-1.1333333333333333,171.0
-1.1166666666666667,171.0
-1.1166666666666667,171.0
-1.1,170.0
-1.1,170.0
-1.0833333333333333,170.0
-1.0833333333333333,170.0
-1.0666666666666667,170.0
-1.0666666666666667,170.0
-1.05,171.0
-1.05,171.0
-1.0333333333333334,171.0
-1.0333333333333334,170.0
-1.0166666666666666,169.0
-1.0166666666666666,169.0
-1.0,169.0
-1.0,170.0
-0.9833333333333333,170.0
-0.9833333333333333,170.0
-0.9666666666666667,169.0
-0.9666666666666667,169.0
-0.95,169.0
-0.95,169.0
-0.9333333333333333,170.0
-0.9333333333333333,170.0
-0.9166666666666666,171.0
-0.9166666666666666,170.0
-0.9,170.0
-0.9,170.0
-0.8833333333333333,171.0
-0.8833333333333333,171.0
-0.8666666666666667,171.0
-0.8666666666666667,171.0
-0.85,171.0
-0.85,172.0
-0.8333333333333334,173.0
-0.8333333333333334,172.0
-0.8166666666666667,173.0
-0.8166666666666667,173.0
-0.8,173.0
-0.8,173.0
-0.7833333333333333,174.0
-0.7833333333333333,174.0
-0.7666666666666667,174.0
-0.7666666666666667,174.0
-0.75,175.0
-0.75,176.0
-0.7333333333333333,176.0
-0.7333333333333333,176.0
-0.7166666666666667,176.0
-0.7166666666666667,176.0
-0.7,176.0
-0.7,176.0
-0.6833333333333333,176.0
-0.6833333333333333,176.0
-0.6666666666666666,176.0
-0.6666666666666666,176.0
-0.65,176.0
-0.65,176.0
-0.6333333333333333,176.0
-0.6333333333333333,176.0
-0.6166666666666667,176.0
-0.6166666666666667,176.0
-0.6,176.0
-0.6,176.0
-0.5833333333333334,176.0
-0.5833333333333334,176.0
-0.5666666666666667,176.0
-0.5666666666666667,176.0
-0.55,176.0
-0.55,175.0
-0.5333333333333333,176.0
-0.5333333333333333,175.0
-0.5166666666666667,175.0
-0.5166666666666667,175.0
-0.5,175.0
-0.5,175.0
-0.48333333333333334,175.0
-0.48333333333333334,176.0
-0.4666666666666667,176.0
-0.4666666666666667,175.0
-0.45,175.0
-0.45,175.0
-0.43333333333333335,176.0
-0.43333333333333335,176.0
-0.4166666666666667,175.0
-0.4166666666666667,176.0
-0.4,176.0
-0.4,177.0
-0.38333333333333336,176.0
-0.38333333333333336,175.0
-0.36666666666666664,176.0
-0.36666666666666664,175.0
-0.35,176.0
-0.35,176.0
-0.3333333333333333,175.0
-0.3333333333333333,176.0
-0.31666666666666665,177.0
-0.31666666666666665,176.0
-0.3,176.0
-0.3,176.0
-0.2833333333333333,176.0
-0.2833333333333333,176.0
-0.26666666666666666,176.0
-0.26666666666666666,175.0
-0.25,176.0
-0.25,176.0
-0.23333333333333334,176.0
-0.23333333333333334,177.0
-0.21666666666666667,176.0
-0.21666666666666667,176.0
-0.2,176.0
-0.2,177.0
-0.16666666666666666,176.0
-0.16666666666666666,176.0
-0.16666666666666666,176.0
-0.16666666666666666,177.0
-0.15,177.0
-0.15,178.0
-0.13333333333333333,177.0
-0.13333333333333333,177.0
-0.11666666666666667,176.0
-0.11666666666666667,176.0
-0.1,177.0
-0.1,178.0
-0.08333333333333333,177.0
-0.08333333333333333,177.0
-0.06666666666666667,177.0
-0.06666666666666667,178.0
-0.05,178.0
-0.05,178.0
-0.03333333333333333,178.0
-0.03333333333333333,178.0
-0.016666666666666666,178.0
-0.016666666666666666,178.0
0.0,178.0
0.0,178.0
0.016666666666666666,178.0
0.016666666666666666,178.0
0.03333333333333333,178.0
0.03333333333333333,178.0
0.05,179.0
0.05,180.0
0.06666666666666667,180.0
0.06666666666666667,179.0
0.08333333333333333,179.0
0.08333333333333333,179.0
0.1,179.0
0.1,179.0
0.11666666666666667,179.0
0.11666666666666667,180.0
0.13333333333333333,179.0
0.13333333333333333,179.0
0.15,179.0
0.15,179.0
0.16666666666666666,179.0
0.16666666666666666,178.0
0.18333333333333332,179.0
0.2,179.0
0.2,178.0
0.2,178.0
0.21666666666666667,178.0
0.21666666666666667,177.0
0.23333333333333334,177.0
0.23333333333333334,177.0
0.25,177.0
0.25,176.0
0.26666666666666666,176.0
0.26666666666666666,176.0
0.2833333333333333,176.0
0.2833333333333333,177.0
0.3,176.0
0.3,177.0
0.31666666666666665,176.0
0.31666666666666665,176.0
0.3333333333333333,176.0
0.3333333333333333,176.0
0.35,175.0
0.35,175.0
0.36666666666666664,175.0
0.36666666666666664,175.0
0.38333333333333336,176.0
0.38333333333333336,176.0
0.4,176.0
0.4,176.0
0.4166666666666667,176.0
0.4166666666666667,176.0
0.43333333333333335,176.0
0.43333333333333335,177.0
0.45,177.0
0.45,177.0
0.4666666666666667,177.0
0.4666666666666667,177.0
0.48333333333333334,177.0
0.48333333333333334,177.0
0.5,177.0
0.5,178.0
0.5166666666666667,178.0
0.5166666666666667,178.0
0.5333333333333333,178.0
0.5333333333333333,179.0
0.55,179.0
0.55,179.0
0.5666666666666667,180.0
0.5666666666666667,180.0
0.5833333333333334,179.0
0.5833333333333334,179.0
0.6,179.0
0.6,179.0
0.6166666666666667,180.0
0.6166666666666667,179.0
0.6333333333333333,180.0
0.6333333333333333,180.0
0.65,180.0
0.65,179.0
0.6666666666666666,179.0
0.6666666666666666,179.0
0.6833333333333333,179.0
0.6833333333333333,180.0
0.7,180.0
0.7,180.0
0.7166666666666667,179.0
0.7166666666666667,180.0
0.7333333333333333,179.0
0.7333333333333333,179.0
0.75,179.0
0.75,179.0
0.7666666666666667,180.0
0.7666666666666667,179.0
0.7833333333333333,180.0
0.7833333333333333,180.0
0.8,180.0
0.8,180.0
0.8166666666666667,180.0
0.8166666666666667,180.0
0.8333333333333334,179.0
0.8333333333333334,180.0
0.85,182.0
0.85,179.0
0.8666666666666667,180.0
0.8666666666666667,180.0
0.8833333333333333,179.0
0.8833333333333333,180.0
0.9,179.0
0.9,179.0
0.9166666666666666,179.0
0.9166666666666666,179.0
0.9333333333333333,178.0
0.9333333333333333,179.0
0.95,176.0
0.95,176.0
0.9666666666666667,175.0
0.9666666666666667,177.0
0.9833333333333333,177.0
0.9833333333333333,177.0
1.0,176.0
1.0,175.0
1.0166666666666666,175.0
1.0166666666666666,175.0
1.0333333333333334,175.0
1.0333333333333334,175.0
1.05,175.0
1.05,175.0
1.0666666666666667,175.0
1.0666666666666667,176.0
1.0833333333333333,175.0
1.0833333333333333,176.0
1.1,175.0
1.1,175.0
1.1166666666666667,175.0
1.1166666666666667,175.0
1.1333333333333333,176.0
1.1333333333333333,175.0
1.15,175.0
1.15,175.0
1.1666666666666667,175.0
1.1666666666666667,175.0
1.1833333333333333,175.0
1.1833333333333333,175.0
1.2,175.0
1.2,175.0
1.2166666666666666,175.0
1.2166666666666666,175.0
1.2333333333333334,174.0
1.2333333333333334,174.0
1.25,174.0
1.25,174.0
1.2666666666666666,175.0
1.2666666666666666,174.0
1.2833333333333334,174.0
1.2833333333333334,174.0
1.3,174.0
1.3,174.0
1.3166666666666667,174.0
1.3166666666666667,174.0
1.3333333333333333,174.0
1.3333333333333333,174.0
1.35,174.0
1.35,174.0
1.3666666666666667,174.0
1.3666666666666667,174.0
1.3833333333333333,174.0
1.3833333333333333,174.0
1.4,173.0
1.4,173.0
1.4166666666666667,174.0
1.4333333333333333,173.0
1.4333333333333333,173.0
1.4333333333333333,174.0
1.45,174.0
1.45,174.0
1.4666666666666666,174.0
1.4666666666666666,173.0
1.4833333333333334,173.0
1.4833333333333334,173.0
1.5,174.0
1.5,174.0
1.5166666666666666,174.0
1.5166666666666666,174.0
1.5333333333333334,173.0
1.5333333333333334,173.0
1.55,174.0
1.55,173.0
1.5666666666666667,173.0
1.5666666666666667,174.0
1.5833333333333333,173.0
1.5833333333333333,174.0
1.6,173.0
1.6166666666666667,173.0
1.6166666666666667,173.0
1.6166666666666667,173.0
1.6333333333333333,173.0
1.6333333333333333,172.0
1.65,172.0
1.65,172.0
1.6666666666666667,172.0
1.6666666666666667,172.0
1.6833333333333333,172.0
1.6833333333333333,173.0
1.7,173.0
1.7,172.0
1.7166666666666666,172.0
1.7166666666666666,173.0
1.7333333333333334,173.0
1.7333333333333334,173.0
1.75,173.0
1.75,173.0
1.7666666666666666,172.0
1.7666666666666666,172.0
1.7833333333333334,173.0
1.7833333333333334,172.0
1.8,172.0
1.8,172.0
1.8166666666666667,172.0
1.8166666666666667,172.0
1.8333333333333333,173.0
1.8333333333333333,173.0
1.85,172.0
1.85,172.0
1.8666666666666667,172.0
1.8666666666666667,172.0
1.8833333333333333,172.0
1.8833333333333333,173.0
1.9,173.0
1.9,173.0
1.9166666666666667,174.0
1.9166666666666667,173.0
1.9333333333333333,173.0
1.9333333333333333,174.0
1.95,174.0
1.95,174.0
1.9666666666666666,174.0
1.9666666666666666,174.0
1.9833333333333334,174.0
1.9833333333333334,174.0
2.0,174.0
2.0,174.0
2.0166666666666666,174.0
2.0166666666666666,174.0
2.033333333333333,174.0
2.033333333333333,174.0
2.05,174.0
2.05,174.0
2.066666666666667,174.0
2.066666666666667,174.0
2.0833333333333335,174.0
2.0833333333333335,174.0
2.1,174.0
2.1,174.0
2.1333333333333333,175.0
2.1333333333333333,175.0
2.1333333333333333,174.0
2.1333333333333333,174.0
2.15,175.0
2.15,174.0
2.1666666666666665,175.0
2.1666666666666665,174.0
2.183333333333333,174.0
2.183333333333333,175.0
2.2,175.0
2.2,174.0
2.216666666666667,174.0
2.216666666666667,175.0
2.2333333333333334,174.0
2.2333333333333334,175.0
2.25,175.0
2.25,175.0
2.2666666666666666,175.0
2.2666666666666666,175.0
2.283333333333333,175.0
2.283333333333333,175.0
2.3,175.0
2.3,175.0
2.316666666666667,175.0
2.316666666666667,176.0
2.3333333333333335,173.0
2.3333333333333335,173.0
2.35,175.0
2.35,175.0
2.3666666666666667,174.0
2.3666666666666667,175.0
2.3833333333333333,175.0
2.3833333333333333,174.0
2.4,175.0
2.4,175.0
2.4166666666666665,174.0
2.4166666666666665,174.0
2.433333333333333,175.0
2.433333333333333,175.0
2.45,175.0
2.45,175.0
2.466666666666667,174.0
2.466666666666667,174.0
2.4833333333333334,174.0
2.4833333333333334,174.0
2.5,174.0
2.5,174.0
2.5166666666666666,174.0
2.5166666666666666,174.0
2.533333333333333,174.0
2.533333333333333,174.0
2.55,174.0
2.55,174.0
2.566666666666667,174.0
2.566666666666667,174.0
2.5833333333333335,174.0
2.5833333333333335,175.0
2.6,174.0
2.6,175.0
2.6166666666666667,175.0
2.6166666666666667,175.0
2.6333333333333333,175.0
2.6333333333333333,175.0
2.65,175.0
2.65,175.0
2.6666666666666665,175.0
2.6666666666666665,175.0
2.683333333333333,175.0
2.683333333333333,175.0
2.7,175.0
2.7,175.0
2.716666666666667,175.0
2.716666666666667,174.0
2.7333333333333334,173.0
2.7333333333333334,173.0
2.75,173.0
2.75,172.0
2.7666666666666666,171.0
2.7666666666666666,172.0
2.783333333333333,171.0
2.783333333333333,171.0
2.8,170.0
2.8,171.0
2.816666666666667,170.0
2.816666666666667,171.0
2.8333333333333335,171.0
2.8333333333333335,170.0
2.85,170.0
2.85,170.0
2.8666666666666667,169.0
2.8666666666666667,169.0
2.8833333333333333,170.0
2.8833333333333333,170.0
2.9,170.0
2.9,170.0
2.9166666666666665,170.0
2.9166666666666665,170.0
2.933333333333333,170.0
2.933333333333333,170.0
2.95,169.0
2.95,170.0
2.966666666666667,170.0
2.966666666666667,167.0
2.9833333333333334,168.0
2.9833333333333334,168.0
3.0,167.0
3.0,167.0
3.0166666666666666,167.0
3.033333333333333,166.0
3.033333333333333,166.0
3.033333333333333,167.0
3.05,167.0
3.05,167.0
3.066666666666667,167.0
3.066666666666667,166.0
3.0833333333333335,166.0
3.0833333333333335,166.0
3.1,166.0
3.1,166.0
3.1166666666666667,165.0
3.1166666666666667,165.0
3.1333333333333333,165.0
3.1333333333333333,165.0
3.15,165.0
3.15,166.0
3.1666666666666665,166.0
3.1666666666666665,166.0
3.183333333333333,166.0
3.183333333333333,167.0
3.2,166.0
3.2,166.0
3.216666666666667,166.0
3.216666666666667,166.0
3.2333333333333334,167.0
3.2333333333333334,167.0
3.25,167.0
3.25,166.0
3.2666666666666666,167.0
3.2666666666666666,167.0
3.283333333333333,167.0
3.283333333333333,166.0
3.3,167.0
3.3,167.0
3.316666666666667,167.0
3.316666666666667,166.0
3.3333333333333335,166.0
3.3333333333333335,167.0
3.35,167.0
3.35,168.0
3.3666666666666667,168.0
3.3666666666666667,167.0
3.3833333333333333,167.0
3.3833333333333333,167.0
3.4,166.0
3.4,166.0
3.4166666666666665,165.0
3.4166666666666665,166.0
3.433333333333333,166.0
3.433333333333333,166.0
3.45,166.0
3.45,166.0
3.466666666666667,166.0
3.466666666666667,167.0
3.4833333333333334,167.0
3.4833333333333334,167.0
3.5,167.0
3.5,168.0
3.5166666666666666,168.0
3.5166666666666666,169.0
3.533333333333333,168.0
3.533333333333333,168.0
3.55,169.0
3.55,169.0
3.566666666666667,170.0
3.566666666666667,169.0
3.5833333333333335,169.0
3.5833333333333335,169.0
3.6,169.0
3.6,169.0
3.6166666666666667,171.0
3.6166666666666667,170.0
3.6333333333333333,170.0
3.6333333333333333,170.0
3.65,170.0
3.65,170.0
3.6666666666666665,170.0
3.6666666666666665,170.0
3.683333333333333,169.0
3.683333333333333,169.0
3.7,169.0
3.7,169.0
3.716666666666667,169.0
3.716666666666667,169.0
3.7333333333333334,169.0
3.7333333333333334,169.0
3.75,169.0
3.75,169.0
3.7666666666666666,169.0
3.7666666666666666,169.0
3.783333333333333,170.0
3.783333333333333,170.0
3.8,169.0
3.8,169.0
3.816666666666667,169.0
3.816666666666667,169.0
3.8333333333333335,169.0
3.8333333333333335,169.0
3.85,170.0
3.85,170.0
3.8666666666666667,170.0
3.8666666666666667,170.0
3.8833333333333333,170.0
3.8833333333333333,169.0
3.9,171.0
3.9,170.0
3.9166666666666665,171.0
3.9166666666666665,170.0
3.933333333333333,171.0
3.933333333333333,171.0
3.95,171.0
3.95,171.0
3.966666666666667,171.0
3.966666666666667,171.0
3.9833333333333334,172.0
3.9833333333333334,172.0
4.0,171.0
4.0,172.0
4.016666666666667,172.0
4.016666666666667,172.0
4.033333333333333,172.0
4.033333333333333,172.0
4.05,173.0
4.05,173.0
4.066666666666666,173.0
4.066666666666666,173.0
4.083333333333333,173.0
4.083333333333333,175.0
4.1,175.0
4.1,175.0
4.116666666666666,175.0
4.116666666666666,175.0
4.133333333333334,175.0
4.133333333333334,176.0
4.15,176.0
4.15,176.0
4.166666666666667,176.0
4.166666666666667,176.0
4.183333333333334,176.0
4.183333333333334,176.0
4.2,176.0
4.2,176.0
4.216666666666667,176.0
4.216666666666667,176.0
4.233333333333333,176.0
4.233333333333333,176.0
4.25,176.0
4.25,178.0
4.266666666666667,183.0
4.266666666666667,185.0
4.283333333333333,186.0
4.283333333333333,188.0
4.3,188.0
4.3,187.0
4.316666666666666,185.0
4.316666666666666,185.0
4.333333333333333,185.0
4.333333333333333,185.0
4.35,185.0
4.35,185.0
4.366666666666666,185.0
4.366666666666666,186.0
4.383333333333334,185.0
4.383333333333334,185.0
4.4,185.0
4.4,180.0
4.416666666666667,176.0
4.416666666666667,176.0
4.433333333333334,175.0
4.433333333333334,175.0
4.45,176.0
4.45,176.0
4.466666666666667,176.0
4.466666666666667,176.0
4.483333333333333,176.0
4.483333333333333,176.0
4.5,176.0
4.5,176.0
4.516666666666667,176.0
4.516666666666667,176.0
4.533333333333333,176.0
4.533333333333333,176.0
4.55,177.0
4.55,177.0
4.566666666666666,177.0
4.566666666666666,177.0
4.583333333333333,177.0
4.583333333333333,177.0
4.6,177.0
4.633333333333334,176.0
4.633333333333334,176.0
4.633333333333334,177.0
4.633333333333334,177.0
4.633333333333334,176.0
4.65,176.0
4.65,177.0
4.666666666666667,177.0
4.666666666666667,177.0
4.683333333333334,178.0
4.683333333333334,177.0
4.7,178.0
4.7,179.0
4.716666666666667,178.0
4.716666666666667,178.0
4.733333333333333,178.0
4.733333333333333,177.0
4.75,177.0
4.75,178.0
4.766666666666667,178.0
4.766666666666667,178.0
4.783333333333333,177.0
4.783333333333333,177.0
4.8,176.0
4.8,176.0
4.816666666666666,177.0
4.816666666666666,177.0
4.833333333333333,177.0
4.833333333333333,177.0
4.85,177.0
4.85,177.0
4.866666666666666,177.0
4.866666666666666,177.0
4.883333333333334,178.0
4.883333333333334,178.0
4.9,178.0
4.9,178.0
4.916666666666667,177.0
4.916666666666667,177.0
4.933333333333334,177.0
4.95,177.0
4.95,177.0
4.95,178.0
4.966666666666667,178.0
4.966666666666667,177.0
4.983333333333333,177.0
4.983333333333333,177.0
5.0,178.0
5.0,178.0
5.016666666666667,178.0
5.016666666666667,178.0
5.033333333333333,177.0
5.033333333333333,177.0
5.05,177.0
5.05,176.0
5.066666666666666,177.0
5.066666666666666,177.0
5.083333333333333,176.0
5.083333333333333,176.0
5.1,176.0
5.1,176.0
5.116666666666666,176.0
5.133333333333334,176.0
5.133333333333334,175.0
5.133333333333334,175.0
5.15,175.0
5.15,175.0
5.166666666666667,175.0
5.166666666666667,175.0
5.183333333333334,175.0
5.183333333333334,175.0
5.2,175.0
5.2,175.0
5.216666666666667,175.0
5.216666666666667,175.0
5.233333333333333,175.0
5.233333333333333,175.0
5.25,175.0
5.25,175.0
5.266666666666667,175.0
5.266666666666667,175.0
5.283333333333333,175.0
5.283333333333333,175.0
5.3,174.0
5.3,174.0
5.316666666666666,174.0
5.316666666666666,174.0
5.333333333333333,174.0
5.333333333333333,175.0
5.35,174.0
5.35,174.0
5.366666666666666,174.0
5.366666666666666,174.0
5.383333333333334,173.0
5.383333333333334,173.0
5.4,174.0
5.4,172.0
5.416666666666667,174.0
5.416666666666667,174.0
5.433333333333334,174.0
5.433333333333334,174.0
5.45,175.0
5.45,175.0
5.466666666666667,175.0
5.466666666666667,175.0
5.483333333333333,175.0
5.483333333333333,176.0
5.5,176.0
5.5,176.0
5.516666666666667,176.0
5.516666666666667,176.0
5.533333333333333,176.0
5.533333333333333,177.0
5.55,177.0
5.55,177.0
5.566666666666666,177.0
5.566666666666666,177.0
5.583333333333333,177.0
5.583333333333333,177.0
5.6,177.0
5.6,177.0
5.616666666666666,177.0
5.616666666666666,177.0
5.633333333333334,177.0
5.633333333333334,176.0
5.65,176.0
5.65,177.0
5.666666666666667,177.0
5.666666666666667,176.0
5.683333333333334,176.0
5.683333333333334,176.0
5.7,175.0
5.7,176.0
5.716666666666667,176.0
5.716666666666667,176.0
5.733333333333333,175.0
5.733333333333333,176.0
5.75,176.0
5.75,176.0
5.766666666666667,176.0
5.766666666666667,176.0
5.783333333333333,175.0
5.783333333333333,176.0
5.8,175.0
5.8,175.0
5.816666666666666,174.0
5.816666666666666,175.0
5.833333333333333,174.0
5.833333333333333,174.0
5.85,175.0
5.85,175.0
5.866666666666666,175.0
5.866666666666666,174.0
5.883333333333334,174.0
5.883333333333334,174.0
5.9,174.0
5.9,174.0
5.916666666666667,174.0
5.916666666666667,175.0
5.933333333333334,175.0
5.933333333333334,174.0
5.95,174.0
5.95,174.0
5.966666666666667,174.0
5.966666666666667,174.0
5.983333333333333,174.0
6.0,174.0
6.0,174.0
6.0,174.0
6.016666666666667,175.0
6.016666666666667,173.0
6.033333333333333,173.0
6.033333333333333,173.0
6.05,174.0
6.05,173.0
6.066666666666666,173.0
6.066666666666666,172.0
6.083333333333333,173.0
6.1,173.0
6.1,173.0
6.1,173.0
6.116666666666666,172.0
6.116666666666666,172.0
6.133333333333334,172.0
6.15,172.0
6.15,172.0
6.15,172.0
6.166666666666667,172.0
6.166666666666667,172.0
6.183333333333334,172.0
6.183333333333334,173.0
6.2,173.0
6.2,173.0
6.216666666666667,173.0
6.233333333333333,173.0
6.233333333333333,173.0
6.233333333333333,173.0
6.25,173.0
6.25,173.0
6.266666666666667,173.0
6.266666666666667,173.0
6.283333333333333,174.0
6.283333333333333,174.0
6.3,174.0
6.3,174.0
6.316666666666666,174.0
6.316666666666666,175.0
6.333333333333333,174.0
6.333333333333333,174.0
6.35,175.0
6.35,174.0
6.366666666666666,174.0
6.366666666666666,174.0
6.383333333333334,175.0
6.383333333333334,176.0
6.4,176.0
6.4,176.0
6.416666666666667,176.0
6.416666666666667,176.0
6.433333333333334,176.0
6.433333333333334,176.0
6.45,176.0
6.45,177.0
6.466666666666667,177.0
6.466666666666667,176.0
6.483333333333333,178.0
6.483333333333333,177.0
6.5,177.0
6.5,177.0
6.516666666666667,176.0
6.533333333333333,176.0
6.55,176.0
6.55,178.0
6.55,177.0
6.55,176.0
6.566666666666666,176.0
6.566666666666666,176.0
6.583333333333333,175.0
6.583333333333333,176.0
6.6,175.0
6.6,175.0
6.616666666666666,175.0
6.616666666666666,174.0
6.633333333333334,174.0
6.633333333333334,174.0
6.65,173.0
6.65,174.0
6.666666666666667,174.0
6.666666666666667,174.0
6.683333333333334,174.0
6.683333333333334,174.0
6.7,174.0
6.7,174.0
6.716666666666667,175.0
6.716666666666667,175.0
6.733333333333333,175.0
6.75,174.0
6.75,174.0
6.75,175.0
6.766666666666667,175.0
6.766666666666667,174.0
6.783333333333333,174.0
6.783333333333333,174.0
6.8,174.0
6.8,174.0
6.816666666666666,175.0
6.816666666666666,175.0
6.833333333333333,174.0
6.833333333333333,174.0
6.85,174.0
6.866666666666666,174.0
6.866666666666666,175.0
6.866666666666666,175.0
6.883333333333334,174.0
6.883333333333334,174.0
6.9,175.0
6.9,174.0
6.916666666666667,174.0
6.916666666666667,174.0
6.933333333333334,174.0
6.933333333333334,174.0
6.95,175.0
6.95,174.0
6.966666666666667,174.0
6.966666666666667,174.0
6.983333333333333,174.0
6.983333333333333,174.0
7.0,173.0
7.0,174.0
7.016666666666667,174.0
7.016666666666667,173.0
7.033333333333333,174.0
7.033333333333333,174.0
7.05,173.0
7.05,174.0
7.066666666666666,174.0
7.066666666666666,174.0
7.083333333333333,174.0
7.083333333333333,174.0
7.1,174.0
7.1,174.0
7.116666666666666,174.0
7.116666666666666,174.0
7.133333333333334,174.0
7.133333333333334,174.0
7.15,174.0
7.15,173.0
7.166666666666667,173.0
7.166666666666667,175.0
7.183333333333334,175.0
7.183333333333334,175.0
7.2,176.0
7.2,176.0
7.216666666666667,176.0
7.216666666666667,177.0
7.233333333333333,176.0
7.233333333333333,176.0
7.25,176.0
7.25,176.0
7.266666666666667,176.0
7.266666666666667,176.0
7.283333333333333,176.0
7.283333333333333,176.0
7.3,176.0
7.3,176.0
7.316666666666666,176.0
7.316666666666666,176.0
7.333333333333333,176.0
7.333333333333333,175.0
7.35,174.0
7.35,174.0
7.366666666666666,175.0
7.366666666666666,176.0
7.383333333333334,175.0
7.383333333333334,175.0
7.4,175.0
7.4,175.0
7.416666666666667,175.0
7.416666666666667,175.0
7.433333333333334,175.0
7.433333333333334,174.0
7.45,175.0
7.45,174.0
7.466666666666667,174.0
7.466666666666667,175.0
7.483333333333333,174.0
7.483333333333333,174.0
7.5,174.0
7.516666666666667,175.0
7.516666666666667,174.0
7.516666666666667,174.0
7.533333333333333,174.0
7.533333333333333,174.0
7.55,175.0
7.55,175.0
7.566666666666666,174.0
7.566666666666666,175.0
7.583333333333333,174.0
7.583333333333333,175.0
7.6,174.0
7.6,174.0
7.616666666666666,174.0
7.616666666666666,174.0
7.633333333333334,175.0
7.633333333333334,174.0
7.65,174.0
7.65,174.0
7.666666666666667,174.0
7.666666666666667,174.0
7.683333333333334,174.0
7.683333333333334,174.0
7.7,174.0
7.7,174.0
7.716666666666667,175.0
7.716666666666667,175.0
7.733333333333333,175.0
7.733333333333333,175.0
7.75,175.0
7.75,175.0
7.766666666666667,176.0
7.766666666666667,175.0
7.783333333333333,175.0
7.783333333333333,176.0
7.8,175.0
7.8,176.0
7.816666666666666,176.0
7.833333333333333,175.0
7.833333333333333,176.0
7.833333333333333,176.0
7.85,175.0
7.85,176.0
7.866666666666666,176.0
7.866666666666666,176.0
7.883333333333334,175.0
7.883333333333334,176.0
7.9,176.0
7.9,176.0
7.916666666666667,176.0
7.916666666666667,176.0
7.933333333333334,176.0
7.933333333333334,177.0
7.95,175.0
7.95,175.0
7.966666666666667,176.0
7.966666666666667,175.0
7.983333333333333,176.0
7.983333333333333,176.0
8.0,176.0
8.0,176.0
8.016666666666667,176.0
8.016666666666667,176.0
8.033333333333333,176.0
8.033333333333333,176.0
8.05,176.0
8.05,176.0
8.066666666666666,176.0
8.066666666666666,176.0
8.083333333333334,176.0
8.083333333333334,176.0
8.1,178.0
8.1,176.0
8.116666666666667,177.0
8.116666666666667,176.0
8.133333333333333,176.0
8.133333333333333,176.0
8.15,177.0
8.15,176.0
8.166666666666666,176.0
8.166666666666666,175.0
8.183333333333334,175.0
8.183333333333334,176.0
8.2,176.0
8.2,177.0
8.216666666666667,176.0
8.216666666666667,176.0
8.233333333333333,175.0
8.233333333333333,175.0
8.25,175.0
8.25,175.0
8.266666666666667,175.0
8.283333333333333,175.0
8.283333333333333,175.0
8.283333333333333,175.0
8.3,174.0
8.3,174.0
8.316666666666666,174.0
8.316666666666666,175.0
8.333333333333334,175.0
8.333333333333334,174.0
8.35,174.0
8.35,174.0
8.366666666666667,174.0
8.366666666666667,175.0
8.383333333333333,176.0
8.383333333333333,175.0
8.4,174.0
8.4,175.0
8.416666666666666,176.0
8.416666666666666,176.0
8.433333333333334,176.0
8.433333333333334,177.0
8.45,176.0
8.45,176.0
8.466666666666667,176.0
8.483333333333333,177.0
8.483333333333333,178.0
8.483333333333333,177.0
8.5,177.0
8.5,176.0
8.516666666666667,177.0
8.516666666666667,177.0
8.533333333333333,177.0
8.533333333333333,176.0
8.55,176.0
8.55,175.0
8.566666666666666,175.0
8.566666666666666,176.0
8.583333333333334,176.0
8.583333333333334,175.0
8.6,175.0
8.6,175.0
8.616666666666667,176.0
8.616666666666667,176.0
8.633333333333333,176.0
8.633333333333333,175.0
8.65,175.0
8.65,175.0
8.666666666666666,175.0
8.666666666666666,175.0
8.683333333333334,175.0
8.683333333333334,175.0
8.7,175.0
8.7,175.0
8.716666666666667,175.0
8.716666666666667,175.0
8.733333333333333,175.0
8.733333333333333,176.0
8.75,176.0
8.75,175.0
8.766666666666667,175.0
8.766666666666667,176.0
8.783333333333333,176.0
8.783333333333333,175.0
8.8,176.0
8.8,175.0
8.816666666666666,175.0
8.816666666666666,175.0
8.833333333333334,175.0
8.833333333333334,175.0
8.85,176.0
8.85,175.0
8.866666666666667,175.0
8.866666666666667,176.0
8.883333333333333,176.0
8.883333333333333,176.0
8.9,175.0
8.9,176.0
8.916666666666666,176.0
8.916666666666666,176.0
8.933333333333334,176.0
8.933333333333334,176.0
8.95,176.0
8.95,176.0
8.966666666666667,176.0
8.966666666666667,175.0
8.983333333333333,175.0
8.983333333333333,175.0
9.0,176.0
9.0,175.0
9.016666666666667,176.0
9.016666666666667,176.0
9.033333333333333,176.0
9.033333333333333,176.0
9.05,175.0
9.05,175.0
9.066666666666666,176.0
9.066666666666666,175.0
9.083333333333334,175.0
9.1,176.0
9.1,175.0
9.1,176.0
9.116666666666667,176.0
9.116666666666667,176.0
9.133333333333333,175.0
9.133333333333333,175.0
9.15,175.0
9.15,175.0
9.166666666666666,176.0
9.166666666666666,176.0
9.183333333333334,175.0
9.183333333333334,175.0
9.2,175.0
9.2,176.0
9.216666666666667,177.0
9.216666666666667,176.0
9.233333333333333,176.0
9.233333333333333,176.0
9.25,176.0
9.25,175.0
9.266666666666667,175.0
9.266666666666667,176.0
9.283333333333333,176.0
9.283333333333333,176.0
9.3,176.0
9.3,176.0
9.316666666666666,176.0
9.316666666666666,176.0
9.333333333333334,176.0
9.333333333333334,176.0
9.35,176.0
9.35,177.0
9.366666666666667,177.0
9.366666666666667,177.0
9.383333333333333,177.0
9.383333333333333,177.0
9.4,177.0
9.4,177.0
9.416666666666666,177.0
9.433333333333334,176.0
9.433333333333334,177.0
9.433333333333334,176.0
9.45,177.0
9.45,176.0
9.466666666666667,176.0
9.466666666666667,177.0
9.483333333333333,175.0
9.483333333333333,176.0
9.5,176.0
9.5,175.0
9.516666666666667,175.0
9.516666666666667,175.0
9.533333333333333,176.0
9.533333333333333,176.0
9.55,174.0
9.566666666666666,174.0
9.566666666666666,174.0
9.566666666666666,174.0
9.583333333333334,174.0
9.583333333333334,174.0
9.6,174.0
9.6,174.0
9.616666666666667,174.0
9.616666666666667,174.0
9.633333333333333,175.0
9.633333333333333,174.0
9.65,175.0
9.65,175.0
9.666666666666666,175.0
9.666666666666666,175.0
9.683333333333334,175.0
9.683333333333334,176.0
9.7,176.0
9.7,175.0
9.716666666666667,176.0
9.716666666666667,175.0
9.733333333333333,176.0
9.733333333333333,177.0
9.75,176.0
9.75,176.0
9.766666666666667,175.0
9.766666666666667,176.0
9.783333333333333,176.0
9.783333333333333,176.0
9.8,175.0
9.8,175.0
9.816666666666666,175.0
9.816666666666666,175.0
9.833333333333334,175.0
9.833333333333334,175.0
9.85,175.0
9.85,174.0
9.866666666666667,173.0
9.866666666666667,175.0
9.883333333333333,175.0
9.883333333333333,175.0
9.9,175.0
9.9,175.0
9.916666666666666,175.0
9.916666666666666,174.0
9.933333333333334,174.0
9.933333333333334,174.0
9.95,174.0
9.95,174.0
9.966666666666667,173.0
9.966666666666667,174.0
9.983333333333333,174.0
9.983333333333333,174.0
10.0,175.0
10.0,174.0
10.016666666666667,174.0
10.016666666666667,174.0
10.033333333333333,174.0
10.033333333333333,175.0
10.05,174.0
10.05,175.0
10.066666666666666,175.0
10.066666666666666,175.0
10.083333333333334,175.0
10.083333333333334,174.0
10.1,174.0
10.1,174.0
10.116666666666667,174.0
10.116666666666667,174.0
10.133333333333333,174.0
10.133333333333333,175.0
10.15,175.0
10.15,175.0
10.166666666666666,175.0
10.166666666666666,174.0
10.183333333333334,174.0
10.183333333333334,175.0
10.2,175.0
10.2,175.0
10.216666666666667,177.0
10.216666666666667,175.0
10.233333333333333,178.0
10.233333333333333,175.0
10.25,175.0
10.25,176.0
10.266666666666667,177.0
10.266666666666667,176.0
10.283333333333333,175.0
10.283333333333333,176.0
10.3,176.0
10.3,175.0
10.316666666666666,175.0
10.316666666666666,175.0
10.333333333333334,175.0
10.333333333333334,175.0
10.35,174.0
10.35,176.0
10.366666666666667,176.0
10.366666666666667,176.0
10.383333333333333,178.0
10.383333333333333,178.0
10.4,178.0
10.4,178.0
10.416666666666666,177.0
10.416666666666666,176.0
10.433333333333334,176.0
10.433333333333334,176.0
10.45,176.0
10.45,176.0
10.466666666666667,176.0
10.466666666666667,177.0
10.483333333333333,177.0
10.483333333333333,178.0
10.5,178.0
10.5,178.0
10.516666666666667,178.0
10.516666666666667,178.0
10.533333333333333,177.0
10.533333333333333,179.0
10.55,179.0
10.55,178.0
10.566666666666666,178.0
10.566666666666666,177.0
10.583333333333334,178.0
10.6,178.0
10.6,179.0
10.6,179.0
10.616666666666667,178.0
10.616666666666667,178.0
10.633333333333333,178.0
10.633333333333333,178.0
10.65,177.0
10.65,178.0
10.666666666666666,177.0
10.666666666666666,177.0
10.683333333333334,177.0
10.683333333333334,177.0
10.7,177.0
10.7,177.0
10.716666666666667,177.0
10.716666666666667,177.0
10.733333333333333,177.0
10.733333333333333,177.0
10.75,178.0
10.75,178.0
10.766666666666667,178.0
10.766666666666667,178.0
10.783333333333333,179.0
10.783333333333333,180.0
10.8,179.0
10.8,178.0
10.816666666666666,181.0
10.816666666666666,181.0
10.833333333333334,180.0
10.833333333333334,180.0
10.85,180.0
10.85,181.0
10.866666666666667,182.0
10.866666666666667,182.0
10.883333333333333,182.0
10.883333333333333,182.0
10.9,182.0
10.9,182.0
10.916666666666666,183.0
10.916666666666666,184.0
10.933333333333334,184.0
10.933333333333334,184.0
10.95,184.0
10.95,184.0
10.966666666666667,184.0
10.966666666666667,184.0
10.983333333333333,184.0
10.983333333333333,184.0
11.0,185.0
11.0,184.0
11.016666666666667,184.0
11.033333333333333,184.0
11.033333333333333,185.0
11.033333333333333,184.0
11.05,185.0
11.05,185.0
11.066666666666666,187.0
11.066666666666666,187.0
11.083333333333334,187.0
11.083333333333334,186.0
11.1,183.0
11.1,183.0
11.116666666666667,185.0
11.116666666666667,185.0
11.133333333333333,184.0
11.133333333333333,185.0
11.15,185.0
11.15,185.0
11.166666666666666,184.0
11.166666666666666,185.0
11.183333333333334,184.0
11.183333333333334,183.0
11.2,183.0
11.2,184.0
11.216666666666667,184.0
11.216666666666667,182.0
11.233333333333333,182.0
11.233333333333333,182.0
11.25,182.0
11.25,182.0
11.266666666666667,184.0
11.266666666666667,182.0
11.283333333333333,184.0
11.283333333333333,184.0
11.3,184.0
11.3,184.0
11.316666666666666,184.0
11.316666666666666,184.0
11.333333333333334,184.0
11.333333333333334,185.0
11.35,184.0
11.35,183.0
11.366666666666667,184.0
11.366666666666667,184.0
11.383333333333333,184.0
11.383333333333333,184.0
11.4,184.0
11.4,184.0
11.416666666666666,184.0
11.416666666666666,184.0
11.433333333333334,184.0
11.433333333333334,184.0
11.45,184.0
11.45,184.0
11.466666666666667,182.0
11.466666666666667,184.0
11.483333333333333,182.0
11.483333333333333,182.0
11.5,182.0
11.5,182.0
11.516666666666667,182.0
11.533333333333333,182.0
11.533333333333333,182.0
11.533333333333333,183.0
11.55,182.0
11.55,182.0
11.566666666666666,181.0
11.566666666666666,183.0
11.583333333333334,181.0
11.583333333333334,182.0
11.6,182.0
11.6,181.0
11.616666666666667,181.0
11.616666666666667,181.0
11.633333333333333,181.0
11.633333333333333,181.0
11.65,181.0
11.666666666666666,182.0
11.666666666666666,181.0
11.666666666666666,181.0
11.683333333333334,180.0
11.683333333333334,180.0
11.7,181.0
11.7,181.0
11.716666666666667,180.0
11.716666666666667,182.0
11.733333333333333,181.0
11.733333333333333,181.0
11.75,181.0
11.75,181.0
11.766666666666667,181.0
11.766666666666667,181.0
11.783333333333333,181.0
11.783333333333333,181.0
11.8,181.0
11.8,181.0
11.816666666666666,182.0
11.816666666666666,181.0
11.833333333333334,181.0
11.833333333333334,181.0
11.85,181.0
11.85,180.0
11.866666666666667,180.0
11.866666666666667,179.0
11.883333333333333,181.0
11.883333333333333,180.0
11.9,180.0
11.9,181.0
11.916666666666666,182.0
11.916666666666666,182.0
11.933333333333334,181.0
11.933333333333334,181.0
11.95,181.0
11.95,181.0
11.966666666666667,181.0
11.966666666666667,181.0
11.983333333333333,181.0
11.983333333333333,181.0
12.0,180.0
12.0,180.0
12.016666666666667,181.0
12.016666666666667,181.0
12.033333333333333,181.0
12.033333333333333,181.0
12.05,181.0
12.05,181.0
12.066666666666666,180.0
12.066666666666666,180.0
12.083333333333334,181.0
12.083333333333334,181.0
12.1,181.0
12.1,181.0
12.116666666666667,180.0
12.116666666666667,180.0
12.133333333333333,181.0
12.133333333333333,181.0
12.15,181.0
12.15,181.0
12.166666666666666,181.0
12.166666666666666,181.0
12.183333333333334,181.0
12.183333333333334,181.0
12.2,181.0
12.2,181.0
12.216666666666667,181.0
12.216666666666667,182.0
12.233333333333333,184.0
12.233333333333333,183.0
12.25,181.0
12.25,182.0
12.266666666666667,181.0
12.266666666666667,181.0
12.283333333333333,182.0
12.283333333333333,182.0
12.3,182.0
12.3,182.0
12.316666666666666,182.0
12.316666666666666,181.0
12.333333333333334,182.0
12.333333333333334,181.0
12.35,182.0
12.35,179.0
12.383333333333333,179.0
12.383333333333333,180.0
12.383333333333333,181.0
12.383333333333333,180.0
12.4,180.0
12.4,180.0
12.416666666666666,180.0
12.416666666666666,181.0
12.433333333333334,180.0
12.433333333333334,180.0
12.45,179.0
12.45,179.0
12.466666666666667,180.0
12.466666666666667,180.0
12.483333333333333,180.0
12.483333333333333,179.0
12.5,179.0
12.5,179.0
12.516666666666667,180.0
12.516666666666667,180.0
12.533333333333333,179.0
12.533333333333333,180.0
12.55,180.0
12.55,180.0
12.566666666666666,180.0
12.566666666666666,179.0
12.583333333333334,180.0
12.583333333333334,179.0
12.6,180.0
12.6,180.0
12.616666666666667,180.0
12.633333333333333,179.0
12.633333333333333,179.0
12.633333333333333,180.0
12.65,181.0
12.65,181.0
12.666666666666666,180.0
12.666666666666666,180.0
12.683333333333334,180.0
12.683333333333334,182.0
12.7,182.0
12.7,181.0
12.716666666666667,180.0
12.716666666666667,181.0
12.733333333333333,181.0
12.733333333333333,181.0
12.75,181.0
12.75,181.0
12.766666666666667,181.0
12.766666666666667,181.0
12.783333333333333,181.0
12.783333333333333,181.0
12.8,181.0
12.8,181.0
12.816666666666666,182.0
12.816666666666666,181.0
12.833333333333334,181.0
12.833333333333334,180.0
12.85,179.0
12.85,179.0
12.866666666666667,179.0
12.866666666666667,179.0
12.883333333333333,179.0
12.883333333333333,180.0
12.9,180.0
12.9,180.0
12.916666666666666,179.0
12.916666666666666,180.0
12.933333333333334,179.0
12.95,180.0
12.95,179.0
12.95,179.0
12.966666666666667,180.0
12.966666666666667,178.0
12.983333333333333,178.0
12.983333333333333,179.0
13.0,179.0
13.0,179.0
13.016666666666667,179.0
13.016666666666667,179.0
13.033333333333333,178.0
13.033333333333333,178.0
13.05,180.0
13.05,179.0
13.066666666666666,179.0
13.066666666666666,178.0
13.083333333333334,179.0
13.083333333333334,179.0
13.1,179.0
13.1,179.0
13.116666666666667,179.0
13.116666666666667,179.0
13.133333333333333,179.0
13.133333333333333,179.0
13.15,180.0
13.15,180.0
13.166666666666666,180.0
13.166666666666666,180.0
13.183333333333334,180.0
13.183333333333334,180.0
13.2,180.0
13.2,180.0
13.216666666666667,180.0
13.216666666666667,180.0
13.233333333333333,180.0
13.233333333333333,180.0
13.25,180.0
13.25,180.0
13.266666666666667,180.0
13.266666666666667,179.0
13.283333333333333,179.0
13.283333333333333,179.0
13.3,180.0
13.3,180.0
13.316666666666666,179.0
13.316666666666666,179.0
13.333333333333334,178.0
13.333333333333334,178.0
13.35,179.0
13.35,180.0
13.366666666666667,179.0
13.366666666666667,177.0
13.383333333333333,177.0
13.383333333333333,177.0
13.4,179.0
13.4,178.0
13.416666666666666,178.0
13.416666666666666,178.0
13.433333333333334,177.0
13.433333333333334,178.0
13.45,178.0
13.45,178.0
13.466666666666667,178.0
13.466666666666667,178.0
13.483333333333333,178.0
13.483333333333333,178.0
13.5,178.0
13.5,178.0
13.516666666666667,178.0
13.516666666666667,178.0
13.533333333333333,178.0
13.533333333333333,178.0
13.55,178.0
13.55,178.0
13.566666666666666,178.0
13.566666666666666,178.0
13.583333333333334,178.0
13.583333333333334,178.0
13.6,178.0
13.6,178.0
13.616666666666667,178.0
13.616666666666667,178.0
13.633333333333333,178.0
13.633333333333333,178.0
13.65,178.0
13.65,178.0
13.666666666666666,178.0
13.666666666666666,178.0
13.683333333333334,178.0
13.683333333333334,178.0
13.7,178.0
13.7,178.0
13.716666666666667,178.0
13.716666666666667,178.0
13.733333333333333,178.0
13.733333333333333,178.0
13.75,178.0
13.75,178.0
13.766666666666667,178.0
13.766666666666667,179.0
13.783333333333333,179.0
13.783333333333333,179.0
13.8,179.0
13.8,178.0
13.816666666666666,178.0
13.816666666666666,177.0
13.833333333333334,178.0
13.833333333333334,177.0
13.85,178.0
13.85,178.0
13.866666666666667,177.0
13.866666666666667,177.0
13.883333333333333,176.0
13.883333333333333,176.0
13.9,176.0
13.9,175.0
13.916666666666666,175.0
13.916666666666666,175.0
13.933333333333334,175.0
13.933333333333334,174.0
13.95,175.0
13.95,174.0
13.966666666666667,173.0
13.966666666666667,173.0
13.983333333333333,170.0
13.983333333333333,169.0
14.0,169.0
14.0,169.0
14.016666666666667,169.0
14.016666666666667,169.0
14.033333333333333,169.0
14.033333333333333,169.0
14.05,169.0
14.05,169.0
14.066666666666666,169.0
14.066666666666666,169.0
14.083333333333334,169.0
14.083333333333334,169.0
14.1,169.0
14.1,169.0
14.116666666666667,169.0
14.116666666666667,169.0
14.133333333333333,169.0
14.133333333333333,169.0
14.15,169.0
14.15,169.0
14.166666666666666,169.0
14.166666666666666,168.0
14.183333333333334,168.0
14.183333333333334,168.0
14.2,168.0
14.2,167.0
14.216666666666667,167.0
14.233333333333333,165.0
14.233333333333333,166.0
14.233333333333333,166.0
14.25,165.0
14.25,165.0
14.266666666666667,163.0
14.266666666666667,161.0
14.283333333333333,162.0
14.283333333333333,161.0
14.3,162.0
14.3,162.0
14.316666666666666,161.0
14.316666666666666,160.0
14.333333333333334,159.0
14.333333333333334,158.0
14.35,157.0
14.35,157.0
14.366666666666667,157.0
14.366666666666667,157.0
14.383333333333333,156.0
14.383333333333333,156.0
14.4,156.0
14.4,159.0
14.416666666666666,159.0
14.416666666666666,160.0
14.433333333333334,161.0
14.433333333333334,162.0
14.45,163.0
14.45,163.0
14.466666666666667,162.0
14.466666666666667,162.0
14.483333333333333,162.0
14.483333333333333,162.0
14.5,165.0
14.5,164.0
14.516666666666667,165.0
14.516666666666667,163.0
14.533333333333333,162.0
14.533333333333333,163.0
14.55,163.0
14.55,164.0
14.566666666666666,164.0
14.566666666666666,164.0
14.583333333333334,163.0
14.583333333333334,163.0
14.6,163.0
14.6,163.0
14.616666666666667,163.0
14.616666666666667,163.0
14.633333333333333,163.0
14.633333333333333,163.0
14.65,163.0
14.65,163.0
14.666666666666666,163.0
14.666666666666666,163.0
14.683333333333334,163.0
14.683333333333334,163.0
14.7,163.0
14.7,163.0
14.716666666666667,163.0
14.716666666666667,163.0
14.733333333333333,163.0
14.733333333333333,163.0
14.75,163.0
14.75,163.0
14.766666666666667,163.0
14.766666666666667,163.0
14.783333333333333,161.0
14.783333333333333,163.0
14.8,163.0
14.8,163.0
14.816666666666666,166.0
14.816666666666666,165.0
14.833333333333334,165.0
14.833333333333334,165.0
14.85,166.0
14.866666666666667,166.0
14.866666666666667,166.0
14.866666666666667,166.0
14.883333333333333,166.0
14.883333333333333,167.0
14.9,169.0
14.9,170.0
14.916666666666666,178.0
14.916666666666666,181.0
14.933333333333334,182.0
14.933333333333334,181.0
14.95,180.0
14.95,181.0
14.966666666666667,180.0
14.966666666666667,180.0
14.983333333333333,180.0
14.983333333333333,180.0
15.0,180.0
15.0,180.0
15.016666666666667,180.0
15.016666666666667,180.0
15.033333333333333,180.0
15.033333333333333,180.0
15.05,180.0
15.05,180.0
15.066666666666666,179.0
15.066666666666666,178.0
15.083333333333334,177.0
15.083333333333334,178.0
15.1,177.0
15.1,177.0
15.116666666666667,177.0
15.116666666666667,177.0
15.133333333333333,178.0
15.133333333333333,178.0
15.15,178.0
15.15,178.0
15.166666666666666,176.0
15.166666666666666,176.0
15.183333333333334,174.0
15.183333333333334,172.0
15.2,171.0
15.2,171.0
15.216666666666667,167.0
15.216666666666667,169.0
15.233333333333333,167.0
15.233333333333333,167.0
15.25,167.0
15.25,166.0
15.266666666666667,166.0
15.266666666666667,165.0
15.283333333333333,164.0
15.283333333333333,162.0
15.3,162.0
15.3,162.0
15.316666666666666,164.0
15.316666666666666,162.0
15.333333333333334,164.0
15.333333333333334,163.0
15.35,163.0
15.35,164.0
15.366666666666667,162.0
15.366666666666667,163.0
15.383333333333333,163.0
15.383333333333333,164.0
15.4,164.0
15.4,164.0
15.416666666666666,163.0
15.416666666666666,165.0
15.433333333333334,168.0
15.433333333333334,168.0
15.45,170.0
15.45,170.0
15.466666666666667,170.0
15.466666666666667,170.0
15.483333333333333,170.0
15.483333333333333,170.0
15.5,170.0
15.5,170.0
15.516666666666667,170.0
15.516666666666667,170.0
15.533333333333333,170.0
15.533333333333333,170.0
15.55,170.0
15.55,170.0
15.566666666666666,170.0
15.566666666666666,170.0
15.583333333333334,169.0
15.583333333333334,170.0
15.6,168.0
15.616666666666667,168.0
15.616666666666667,168.0
15.616666666666667,167.0
15.633333333333333,167.0
15.633333333333333,167.0
15.65,166.0
15.65,165.0
15.666666666666666,164.0
15.666666666666666,163.0
15.683333333333334,163.0
15.683333333333334,162.0
15.7,162.0
15.7,162.0
15.716666666666667,162.0
15.716666666666667,161.0
15.733333333333333,160.0
15.733333333333333,161.0
15.75,161.0
15.75,160.0
15.766666666666667,161.0
15.766666666666667,160.0
15.783333333333333,160.0
15.783333333333333,160.0
15.8,159.0
15.8,160.0
15.816666666666666,160.0
15.833333333333334,160.0
15.833333333333334,161.0
15.833333333333334,161.0
15.85,161.0
15.85,161.0
15.866666666666667,162.0
15.866666666666667,161.0
15.883333333333333,162.0
15.883333333333333,162.0
15.9,162.0
15.9,162.0
15.916666666666666,162.0
15.916666666666666,162.0
15.933333333333334,162.0
15.933333333333334,162.0
15.95,162.0
15.95,162.0
15.966666666666667,162.0
15.966666666666667,161.0
15.983333333333333,161.0
15.983333333333333,161.0
16.0,161.0
16.0,161.0
16.016666666666666,161.0
16.016666666666666,162.0
16.033333333333335,161.0
16.033333333333335,161.0
16.05,161.0
16.05,161.0
16.066666666666666,161.0
16.066666666666666,161.0
16.083333333333332,161.0
16.083333333333332,161.0
16.1,161.0
16.1,161.0
16.116666666666667,161.0
16.116666666666667,161.0
16.133333333333333,161.0
16.133333333333333,162.0
16.15,161.0
16.15,161.0
16.166666666666668,161.0
16.166666666666668,161.0
16.183333333333334,160.0
16.183333333333334,160.0
16.2,159.0
16.2,160.0
16.216666666666665,159.0
16.216666666666665,158.0
16.233333333333334,156.0
16.233333333333334,157.0
16.25,158.0
16.25,157.0
16.266666666666666,157.0
16.266666666666666,157.0
16.283333333333335,158.0
16.283333333333335,158.0
16.3,159.0
16.3,159.0
16.316666666666666,159.0
16.316666666666666,159.0
16.333333333333332,159.0
16.333333333333332,159.0
16.35,159.0
16.35,159.0
16.366666666666667,158.0
16.366666666666667,158.0
16.383333333333333,159.0
16.383333333333333,160.0
16.4,161.0
16.4,161.0
16.416666666666668,159.0
16.416666666666668,160.0
16.433333333333334,162.0
16.433333333333334,160.0
16.45,162.0
16.45,162.0
16.466666666666665,162.0
16.466666666666665,162.0
16.483333333333334,162.0
16.483333333333334,163.0
16.5,162.0
16.5,162.0
16.516666666666666,164.0
16.516666666666666,163.0
16.533333333333335,163.0
16.533333333333335,163.0
16.55,163.0
16.55,162.0
16.566666666666666,163.0
16.566666666666666,162.0
16.583333333333332,164.0
16.583333333333332,164.0
16.6,164.0
16.6,164.0
16.616666666666667,165.0
16.616666666666667,166.0
16.633333333333333,165.0
16.633333333333333,167.0
16.65,169.0
16.65,170.0
16.666666666666668,174.0
16.666666666666668,173.0
16.683333333333334,179.0
16.683333333333334,180.0
16.7,182.0
16.7,181.0
16.716666666666665,183.0
16.716666666666665,183.0
16.733333333333334,182.0
16.733333333333334,182.0
16.75,181.0
16.75,180.0
16.766666666666666,181.0
16.766666666666666,181.0
16.783333333333335,181.0
16.783333333333335,180.0
16.8,180.0
16.8,180.0
16.816666666666666,179.0
16.816666666666666,180.0
16.833333333333332,181.0
16.833333333333332,180.0
16.85,180.0
16.85,181.0
16.866666666666667,181.0
16.866666666666667,181.0
16.883333333333333,179.0
16.883333333333333,180.0
16.9,179.0
16.9,179.0
16.916666666666668,180.0
16.916666666666668,181.0
16.933333333333334,181.0
16.95,180.0
16.95,179.0
16.95,180.0
16.966666666666665,180.0
16.966666666666665,180.0
16.983333333333334,179.0
16.983333333333334,181.0
17.0,181.0
17.0,181.0
17.016666666666666,179.0
17.016666666666666,179.0
17.033333333333335,180.0
17.033333333333335,180.0
17.05,180.0
17.05,180.0
17.066666666666666,180.0
17.066666666666666,180.0
17.083333333333332,180.0
17.083333333333332,179.0
17.1,181.0
17.1,181.0
17.116666666666667,180.0
17.116666666666667,179.0
17.133333333333333,179.0
17.133333333333333,180.0
17.15,179.0
17.15,179.0
17.166666666666668,180.0
17.166666666666668,179.0
17.183333333333334,179.0
17.183333333333334,179.0
17.2,179.0
17.2,179.0
17.216666666666665,180.0
17.216666666666665,183.0
17.233333333333334,181.0
17.233333333333334,179.0
17.25,180.0
17.25,179.0
17.266666666666666,178.0
17.266666666666666,179.0
17.283333333333335,178.0
17.283333333333335,180.0
17.3,180.0
17.3,180.0
17.316666666666666,180.0
17.316666666666666,180.0
17.333333333333332,180.0
17.333333333333332,179.0
17.35,180.0
17.35,180.0
17.366666666666667,180.0
17.366666666666667,180.0
17.383333333333333,181.0
17.383333333333333,182.0
17.4,181.0
17.4,181.0
17.416666666666668,181.0
17.433333333333334,181.0
17.433333333333334,181.0
17.433333333333334,181.0
17.45,181.0
17.45,181.0
17.466666666666665,181.0
17.466666666666665,181.0
17.483333333333334,181.0
17.483333333333334,181.0
17.5,181.0
17.5,181.0
17.516666666666666,181.0
17.516666666666666,181.0
17.533333333333335,181.0
17.533333333333335,181.0
17.55,181.0
17.55,181.0
17.566666666666666,181.0
17.566666666666666,181.0
17.583333333333332,181.0
17.583333333333332,181.0
17.6,181.0
17.6,181.0
17.616666666666667,181.0
17.616666666666667,181.0
17.633333333333333,181.0
17.633333333333333,181.0
17.65,181.0
17.65,181.0
17.666666666666668,181.0
17.666666666666668,181.0
17.683333333333334,182.0
17.683333333333334,181.0
17.7,182.0
17.7,182.0
17.716666666666665,181.0
17.716666666666665,181.0
17.733333333333334,181.0
17.733333333333334,181.0
17.75,182.0
17.75,182.0
17.766666666666666,182.0
17.766666666666666,181.0
17.783333333333335,180.0
17.783333333333335,181.0
17.8,182.0
17.8,182.0
17.816666666666666,182.0
17.816666666666666,182.0
17.833333333333332,181.0
17.833333333333332,181.0
17.85,181.0
17.85,181.0
17.866666666666667,180.0
17.866666666666667,180.0
17.883333333333333,180.0
17.883333333333333,180.0
17.9,180.0
17.9,180.0
17.916666666666668,180.0
17.916666666666668,180.0
17.933333333333334,181.0
17.933333333333334,181.0
17.95,181.0
17.95,181.0
17.966666666666665,181.0
17.966666666666665,181.0
17.983333333333334,181.0
17.983333333333334,181.0
18.0,181.0
18.0,181.0
18.016666666666666,181.0
18.016666666666666,181.0
18.033333333333335,181.0
18.033333333333335,181.0
18.05,180.0
18.066666666666666,181.0
18.066666666666666,181.0
18.066666666666666,181.0
18.083333333333332,180.0
18.083333333333332,180.0
18.1,180.0
18.1,179.0
18.116666666666667,178.0
18.116666666666667,178.0
18.133333333333333,178.0
18.133333333333333,178.0
18.15,179.0
18.15,179.0
18.166666666666668,178.0
18.166666666666668,177.0
18.183333333333334,177.0
18.183333333333334,177.0
18.2,176.0
18.2,175.0
18.216666666666665,176.0
18.216666666666665,175.0
18.233333333333334,174.0
18.233333333333334,174.0
18.25,172.0
18.25,171.0
18.266666666666666,171.0
18.266666666666666,170.0
18.283333333333335,171.0
18.283333333333335,172.0
18.3,172.0
18.3,171.0
18.316666666666666,170.0
18.316666666666666,170.0
18.333333333333332,171.0
18.333333333333332,171.0
18.35,170.0
18.35,171.0
18.366666666666667,170.0
18.366666666666667,170.0
18.383333333333333,171.0
18.383333333333333,171.0
18.4,171.0
18.4,171.0
18.416666666666668,171.0
18.416666666666668,171.0
18.433333333333334,178.0
18.433333333333334,179.0
18.45,179.0
18.45,179.0
18.466666666666665,180.0
18.466666666666665,180.0
18.483333333333334,180.0
18.483333333333334,180.0
18.5,180.0
18.5,180.0
18.516666666666666,180.0
18.516666666666666,179.0
18.533333333333335,179.0
18.533333333333335,178.0
18.55,178.0
18.55,178.0
18.566666666666666,179.0
18.566666666666666,179.0
18.583333333333332,179.0
18.583333333333332,179.0
18.6,178.0
18.6,178.0
18.616666666666667,177.0
18.616666666666667,175.0
18.633333333333333,175.0
18.633333333333333,175.0
18.65,174.0
18.65,172.0
18.666666666666668,173.0
18.666666666666668,173.0
18.683333333333334,173.0
18.683333333333334,172.0
18.7,172.0
18.7,172.0
18.716666666666665,172.0
18.716666666666665,172.0
18.733333333333334,172.0
18.75,172.0
18.75,172.0
18.75,172.0
18.766666666666666,172.0
18.766666666666666,171.0
18.783333333333335,171.0
18.783333333333335,171.0
18.8,170.0
18.8,170.0
18.816666666666666,170.0
18.816666666666666,171.0
18.833333333333332,171.0
18.833333333333332,171.0
18.85,170.0
18.85,170.0
18.866666666666667,170.0
18.866666666666667,171.0
18.883333333333333,170.0
18.883333333333333,172.0
18.9,179.0
18.9,181.0
18.916666666666668,181.0
18.916666666666668,181.0
18.933333333333334,182.0
18.933333333333334,182.0
18.95,182.0
18.95,181.0
18.966666666666665,180.0
18.966666666666665,180.0
18.983333333333334,180.0
18.983333333333334,180.0
19.0,179.0
19.0,179.0
19.016666666666666,179.0
19.033333333333335,179.0
19.033333333333335,180.0
19.033333333333335,180.0
19.05,179.0
19.05,180.0
19.066666666666666,180.0
19.066666666666666,180.0
19.083333333333332,179.0
19.083333333333332,179.0
19.1,179.0
19.1,179.0
19.116666666666667,180.0
19.116666666666667,179.0
19.133333333333333,178.0
19.133333333333333,178.0
19.15,178.0
19.15,179.0
19.166666666666668,179.0
19.166666666666668,178.0
19.183333333333334,177.0
19.183333333333334,178.0
19.2,177.0
19.2,177.0
19.216666666666665,177.0
19.216666666666665,177.0
19.233333333333334,177.0
19.233333333333334,177.0
19.25,177.0
19.25,177.0
19.266666666666666,177.0
19.266666666666666,177.0
19.283333333333335,180.0
19.283333333333335,180.0
19.3,180.0
19.3,180.0
19.316666666666666,175.0
19.316666666666666,180.0
19.333333333333332,175.0
19.333333333333332,174.0
19.35,174.0
19.35,174.0
19.366666666666667,174.0
19.366666666666667,175.0
19.383333333333333,174.0
19.383333333333333,174.0
19.4,175.0
19.4,175.0
19.416666666666668,175.0
19.416666666666668,174.0
19.433333333333334,174.0
19.433333333333334,174.0
19.45,174.0
19.45,175.0
19.466666666666665,175.0
19.466666666666665,174.0
19.483333333333334,174.0
19.483333333333334,174.0
19.5,174.0
19.5,174.0
19.516666666666666,174.0
19.516666666666666,173.0
19.533333333333335,173.0
19.533333333333335,172.0
19.55,170.0
19.55,170.0
19.566666666666666,168.0
19.566666666666666,167.0
19.583333333333332,167.0
19.583333333333332,166.0
19.6,166.0
19.6,165.0
19.616666666666667,164.0
19.616666666666667,164.0
19.633333333333333,163.0
19.633333333333333,164.0
19.65,163.0
19.65,164.0
19.666666666666668,164.0
19.666666666666668,164.0
19.683333333333334,165.0
19.683333333333334,166.0
19.7,166.0
19.7,166.0
19.716666666666665,165.0
19.716666666666665,165.0
19.733333333333334,166.0
19.733333333333334,166.0
19.75,167.0
19.75,167.0
19.766666666666666,167.0
19.766666666666666,167.0
19.783333333333335,167.0
19.783333333333335,167.0
19.8,167.0
19.8,167.0
19.816666666666666,167.0
19.816666666666666,167.0
19.833333333333332,167.0
19.833333333333332,167.0
19.85,167.0
19.85,166.0
19.866666666666667,166.0
19.866666666666667,165.0
19.883333333333333,165.0
19.883333333333333,165.0
19.9,164.0
19.9,164.0
19.916666666666668,164.0
19.916666666666668,163.0
19.933333333333334,164.0
19.933333333333334,165.0
19.95,165.0
19.95,165.0
19.966666666666665,165.0
19.966666666666665,164.0
19.983333333333334,164.0
19.983333333333334,163.0
20.0,163.0
20.0,163.0
20.016666666666666,162.0
20.016666666666666,162.0
20.033333333333335,162.0
20.033333333333335,162.0
20.05,162.0
20.05,161.0
20.066666666666666,161.0
20.066666666666666,161.0
20.083333333333332,161.0
20.083333333333332,161.0
20.1,160.0
20.1,161.0
20.116666666666667,160.0
20.116666666666667,160.0
20.133333333333333,159.0
20.133333333333333,159.0
20.15,159.0
20.15,159.0
20.166666666666668,159.0
20.166666666666668,159.0
20.183333333333334,159.0
20.183333333333334,159.0
20.2,159.0
20.2,159.0
20.216666666666665,158.0
20.216666666666665,158.0
20.233333333333334,158.0
20.233333333333334,158.0
20.25,158.0
20.25,159.0
20.266666666666666,160.0
20.266666666666666,159.0
20.283333333333335,159.0
20.283333333333335,160.0
20.3,161.0
20.3,161.0
20.316666666666666,161.0
20.316666666666666,161.0
20.333333333333332,160.0
20.333333333333332,160.0
20.35,159.0
20.35,159.0
20.366666666666667,158.0
20.366666666666667,158.0
20.383333333333333,159.0
20.383333333333333,158.0
20.4,158.0
20.4,158.0
20.416666666666668,158.0
20.416666666666668,158.0
20.433333333333334,158.0
20.433333333333334,156.0
20.45,156.0
20.45,155.0
20.466666666666665,156.0
20.466666666666665,156.0
20.483333333333334,156.0
20.483333333333334,157.0
20.5,157.0
20.5,157.0
20.516666666666666,157.0
20.516666666666666,157.0
20.533333333333335,156.0
20.533333333333335,156.0
20.55,155.0
20.55,155.0
20.566666666666666,154.0
20.566666666666666,153.0
20.583333333333332,153.0
20.583333333333332,153.0
20.6,153.0
20.6,153.0
20.616666666666667,153.0
20.633333333333333,154.0
20.633333333333333,154.0
20.633333333333333,154.0
20.65,153.0
20.65,153.0
20.666666666666668,152.0
20.666666666666668,152.0
20.683333333333334,151.0
20.683333333333334,151.0
20.7,151.0
20.7,150.0
20.716666666666665,150.0
20.716666666666665,150.0
20.733333333333334,150.0
20.733333333333334,151.0
20.75,151.0
20.75,151.0
20.766666666666666,151.0
20.766666666666666,151.0
20.783333333333335,152.0
20.783333333333335,153.0
20.8,153.0
20.8,153.0
20.816666666666666,153.0
20.816666666666666,153.0
20.833333333333332,153.0
20.833333333333332,153.0
20.85,154.0
20.85,153.0
20.866666666666667,154.0
20.866666666666667,154.0
20.883333333333333,154.0
20.883333333333333,153.0
20.9,153.0
20.9,153.0
20.916666666666668,153.0
20.916666666666668,153.0
20.933333333333334,153.0
20.95,155.0
20.95,153.0
20.95,155.0
20.966666666666665,155.0
20.966666666666665,155.0
20.983333333333334,155.0
20.983333333333334,155.0
21.0,155.0
21.0,155.0
21.016666666666666,153.0
21.016666666666666,150.0
21.033333333333335,150.0
21.033333333333335,149.0
21.05,149.0
21.05,149.0
21.066666666666666,148.0
21.066666666666666,147.0
21.083333333333332,147.0
21.083333333333332,147.0
21.1,147.0
21.1,147.0
21.116666666666667,148.0
21.116666666666667,147.0
21.133333333333333,149.0
21.133333333333333,148.0
21.15,150.0
21.15,151.0
21.166666666666668,152.0
21.166666666666668,152.0
21.183333333333334,152.0
21.183333333333334,151.0
21.2,149.0
21.2,149.0
21.216666666666665,149.0
21.216666666666665,149.0
21.233333333333334,149.0
21.233333333333334,149.0
21.25,149.0
21.25,149.0
21.266666666666666,155.0
21.266666666666666,151.0
21.283333333333335,156.0
21.283333333333335,156.0
21.3,156.0
21.3,160.0
21.316666666666666,162.0
21.316666666666666,163.0
21.333333333333332,164.0
21.333333333333332,164.0
21.35,165.0
21.35,166.0
21.366666666666667,167.0
21.366666666666667,168.0
21.383333333333333,168.0
21.383333333333333,169.0
21.4,169.0
21.4,169.0
21.416666666666668,169.0
21.416666666666668,168.0
21.433333333333334,167.0
21.433333333333334,167.0
21.45,167.0
21.45,167.0
21.466666666666665,167.0
21.466666666666665,167.0
21.483333333333334,167.0
21.483333333333334,167.0
21.5,167.0
21.5,167.0
21.516666666666666,167.0
21.516666666666666,168.0
21.533333333333335,166.0
21.533333333333335,166.0
21.55,167.0
21.55,167.0
21.566666666666666,171.0
21.566666666666666,171.0
21.583333333333332,171.0
21.583333333333332,171.0
21.6,171.0
21.6,171.0
21.616666666666667,170.0
21.616666666666667,170.0
21.633333333333333,170.0
21.633333333333333,169.0
21.65,170.0
21.65,172.0
21.666666666666668,173.0
21.666666666666668,173.0
21.683333333333334,174.0
21.683333333333334,174.0
21.7,174.0
21.7,174.0
21.716666666666665,173.0
21.716666666666665,174.0
21.733333333333334,174.0
21.733333333333334,174.0
21.75,174.0
21.75,174.0
21.766666666666666,174.0
21.766666666666666,174.0
21.783333333333335,175.0
21.783333333333335,175.0
21.8,175.0
21.8,175.0
21.816666666666666,175.0
21.816666666666666,175.0
21.833333333333332,175.0
21.833333333333332,175.0
21.85,175.0
21.85,176.0
21.866666666666667,177.0
21.866666666666667,177.0
21.883333333333333,176.0
21.883333333333333,177.0
21.9,175.0
21.9,175.0
21.916666666666668,175.0
21.916666666666668,174.0
21.933333333333334,175.0
21.933333333333334,175.0
21.95,175.0
21.95,176.0
21.966666666666665,176.0
21.966666666666665,174.0
21.983333333333334,176.0
21.983333333333334,176.0
22.0,176.0
22.0,176.0
22.016666666666666,176.0
22.016666666666666,176.0
22.033333333333335,177.0
22.033333333333335,177.0
22.05,177.0
22.05,176.0
22.066666666666666,176.0
22.066666666666666,176.0
22.083333333333332,176.0
22.083333333333332,176.0
22.1,176.0
22.1,176.0
22.116666666666667,176.0
22.116666666666667,176.0
22.133333333333333,176.0
22.133333333333333,175.0
22.15,175.0
22.15,175.0
22.166666666666668,175.0
22.166666666666668,175.0
22.183333333333334,176.0
22.183333333333334,175.0
22.2,175.0
22.2,175.0
22.216666666666665,176.0
22.233333333333334,176.0
22.233333333333334,176.0
22.233333333333334,176.0
22.25,176.0
22.25,177.0
22.266666666666666,177.0
22.266666666666666,178.0
22.283333333333335,178.0
22.283333333333335,178.0
22.3,178.0
22.3,178.0
22.316666666666666,177.0
22.316666666666666,177.0
22.333333333333332,178.0
22.333333333333332,178.0
22.35,179.0
22.35,179.0
22.366666666666667,180.0
22.366666666666667,180.0
22.383333333333333,179.0
22.383333333333333,180.0
22.4,179.0
22.4,179.0
22.416666666666668,179.0
22.416666666666668,179.0
22.433333333333334,179.0
22.433333333333334,179.0
22.45,179.0
22.45,179.0
22.466666666666665,181.0
22.466666666666665,180.0
22.483333333333334,181.0
22.483333333333334,181.0
22.5,180.0
22.5,179.0
22.516666666666666,179.0
22.516666666666666,179.0
22.533333333333335,179.0
22.533333333333335,178.0
22.55,178.0
22.55,178.0
22.566666666666666,177.0
22.566666666666666,176.0
22.583333333333332,176.0
22.583333333333332,176.0
22.6,177.0
22.6,179.0
22.616666666666667,180.0
22.616666666666667,179.0
22.633333333333333,178.0
22.633333333333333,178.0
22.65,178.0
22.65,178.0
22.666666666666668,179.0
22.666666666666668,179.0
22.683333333333334,178.0
22.683333333333334,178.0
22.7,179.0
22.7,179.0
22.716666666666665,178.0
22.716666666666665,178.0
22.733333333333334,178.0
22.733333333333334,176.0
22.75,177.0
22.75,177.0
22.766666666666666,178.0
22.766666666666666,179.0
22.783333333333335,178.0
22.783333333333335,179.0
22.8,179.0
22.8,179.0
22.816666666666666,178.0
22.816666666666666,178.0
22.833333333333332,178.0
22.833333333333332,178.0
22.85,179.0
22.866666666666667,178.0
22.866666666666667,177.0
22.866666666666667,177.0
22.883333333333333,178.0
22.883333333333333,178.0
22.9,178.0
22.9,178.0
22.916666666666668,178.0
22.916666666666668,178.0
22.933333333333334,177.0
22.933333333333334,178.0
22.95,177.0
22.95,177.0
22.966666666666665,179.0
22.966666666666665,181.0
22.983333333333334,181.0
22.983333333333334,181.0
23.0,180.0
23.0,179.0
23.016666666666666,178.0
23.016666666666666,178.0
23.033333333333335,178.0
23.033333333333335,178.0
23.05,178.0
23.05,179.0
23.083333333333332,179.0
23.083333333333332,179.0
23.083333333333332,179.0
23.083333333333332,179.0
23.1,179.0
23.1,179.0
23.116666666666667,178.0
23.116666666666667,178.0
23.133333333333333,179.0
23.133333333333333,179.0
23.15,179.0
23.15,179.0
23.166666666666668,179.0
23.166666666666668,178.0
23.183333333333334,178.0
23.183333333333334,179.0
23.2,177.0
23.2,177.0
23.216666666666665,178.0
23.216666666666665,178.0
23.233333333333334,178.0
23.233333333333334,177.0
23.25,177.0
23.25,177.0
23.266666666666666,177.0
23.266666666666666,177.0
23.283333333333335,176.0
23.283333333333335,177.0
23.3,177.0
23.3,177.0
23.316666666666666,177.0
23.316666666666666,178.0
23.333333333333332,175.0
23.333333333333332,178.0
23.35,175.0
23.35,176.0
23.366666666666667,176.0
23.366666666666667,176.0
23.383333333333333,177.0
23.383333333333333,176.0
23.4,176.0
23.4,176.0
23.416666666666668,175.0
23.416666666666668,176.0
23.433333333333334,178.0
23.433333333333334,177.0
23.45,178.0
23.45,178.0
23.466666666666665,178.0
23.466666666666665,178.0
23.483333333333334,178.0
23.483333333333334,178.0
23.5,179.0
23.5,179.0
23.516666666666666,179.0
23.516666666666666,179.0
23.533333333333335,179.0
23.533333333333335,179.0
23.55,180.0
23.55,180.0
23.566666666666666,180.0
23.566666666666666,180.0
23.583333333333332,181.0
23.583333333333332,181.0
23.6,181.0
23.6,181.0
23.616666666666667,181.0
23.616666666666667,181.0
23.633333333333333,181.0
23.633333333333333,181.0
23.65,181.0
23.65,181.0
23.666666666666668,182.0
23.666666666666668,182.0
23.683333333333334,182.0
23.683333333333334,182.0
23.7,182.0
23.7,182.0
23.716666666666665,183.0
23.716666666666665,183.0
23.733333333333334,181.0
23.733333333333334,181.0
23.75,182.0
23.75,183.0
23.766666666666666,183.0
23.766666666666666,182.0
23.783333333333335,182.0
23.783333333333335,181.0
23.8,183.0
23.8,183.0
23.816666666666666,184.0
23.833333333333332,185.0
23.833333333333332,185.0
23.833333333333332,185.0
23.85,183.0
23.85,185.0
23.866666666666667,182.0
23.866666666666667,181.0
23.883333333333333,181.0
23.883333333333333,181.0
23.9,181.0
23.9,181.0
23.916666666666668,181.0
23.916666666666668,181.0
23.933333333333334,182.0
23.933333333333334,181.0
23.95,182.0
23.95,182.0
23.966666666666665,182.0
23.966666666666665,182.0
23.983333333333334,182.0
23.983333333333334,182.0
24.0,182.0
24.0,182.0
24.016666666666666,182.0
24.016666666666666,182.0
24.033333333333335,182.0
24.033333333333335,182.0
24.05,182.0
24.05,182.0
24.066666666666666,182.0
24.066666666666666,183.0
24.083333333333332,183.0
24.083333333333332,183.0
24.1,183.0
24.1,183.0
24.116666666666667,182.0
24.116666666666667,182.0
24.133333333333333,181.0
24.133333333333333,181.0
24.15,183.0
24.15,183.0
24.166666666666668,182.0
24.166666666666668,181.0
24.183333333333334,181.0
24.183333333333334,182.0
24.2,182.0
24.2,182.0
24.216666666666665,182.0
24.216666666666665,182.0
24.233333333333334,182.0
24.233333333333334,182.0
24.25,183.0
24.25,183.0
24.266666666666666,183.0
24.266666666666666,182.0
24.283333333333335,183.0
24.283333333333335,183.0
24.3,182.0
24.3,182.0
24.316666666666666,183.0
24.316666666666666,181.0
24.333333333333332,182.0
24.333333333333332,181.0
24.35,182.0
24.35,182.0
24.366666666666667,182.0
24.366666666666667,181.0
24.383333333333333,182.0
24.383333333333333,182.0
24.4,183.0
24.4,183.0
24.416666666666668,182.0
24.416666666666668,182.0
24.433333333333334,183.0
24.433333333333334,182.0
24.45,182.0
24.45,183.0
24.466666666666665,183.0
24.466666666666665,182.0
24.483333333333334,182.0
24.483333333333334,183.0
24.5,183.0
24.5,183.0
24.516666666666666,183.0
24.516666666666666,183.0
24.533333333333335,183.0
24.533333333333335,183.0
24.55,182.0
24.55,183.0
24.566666666666666,183.0
24.566666666666666,183.0
24.583333333333332,182.0
24.583333333333332,183.0
24.6,182.0
24.6,182.0
24.616666666666667,182.0
24.616666666666667,182.0
24.633333333333333,182.0
24.633333333333333,182.0
24.65,183.0
24.65,183.0
24.666666666666668,183.0
24.666666666666668,183.0
24.683333333333334,183.0
24.683333333333334,183.0
24.7,182.0
24.7,182.0
24.716666666666665,182.0
24.716666666666665,183.0
24.733333333333334,182.0
24.733333333333334,182.0
24.75,182.0
24.75,181.0
24.766666666666666,183.0
24.766666666666666,181.0
24.783333333333335,183.0
24.783333333333335,184.0
24.8,182.0
24.8,182.0
24.816666666666666,182.0
24.816666666666666,182.0
24.833333333333332,182.0
24.833333333333332,182.0
24.85,182.0
24.85,182.0
24.866666666666667,182.0
24.866666666666667,182.0
24.883333333333333,181.0
24.883333333333333,182.0
24.9,182.0
24.9,181.0
24.916666666666668,181.0
24.916666666666668,180.0
24.933333333333334,181.0
24.933333333333334,181.0
24.95,181.0
24.95,181.0
24.966666666666665,181.0
24.966666666666665,181.0
24.983333333333334,180.0
24.983333333333334,179.0
25.0,180.0
25.0,180.0
25.016666666666666,180.0
25.016666666666666,180.0
25.033333333333335,180.0
25.033333333333335,180.0
25.05,180.0
25.05,180.0
25.066666666666666,180.0
25.066666666666666,180.0
25.083333333333332,180.0
25.083333333333332,181.0
25.1,181.0
25.1,181.0
25.116666666666667,180.0
25.116666666666667,180.0
25.133333333333333,181.0
25.133333333333333,181.0
25.15,181.0
25.15,181.0
25.166666666666668,182.0
25.166666666666668,181.0
25.183333333333334,181.0
25.183333333333334,182.0
25.2,179.0
25.2,179.0
25.216666666666665,182.0
25.216666666666665,180.0
25.233333333333334,181.0
25.233333333333334,181.0
25.25,182.0
25.25,182.0
25.266666666666666,182.0
25.266666666666666,182.0
25.283333333333335,181.0
25.283333333333335,181.0
25.3,182.0
25.3,182.0
25.316666666666666,182.0
25.316666666666666,182.0
25.333333333333332,182.0
25.333333333333332,182.0
25.35,182.0
25.35,182.0
25.366666666666667,182.0
25.366666666666667,182.0
25.383333333333333,182.0
25.383333333333333,182.0
25.4,182.0
25.4,182.0
25.416666666666668,183.0
25.433333333333334,183.0
25.433333333333334,183.0
25.433333333333334,183.0
25.45,183.0
25.45,183.0
25.466666666666665,183.0
25.466666666666665,182.0
25.483333333333334,182.0
25.483333333333334,182.0
25.5,183.0
25.5,183.0
25.516666666666666,183.0
25.516666666666666,182.0
25.533333333333335,183.0
25.533333333333335,184.0
25.55,183.0
25.55,183.0
25.566666666666666,182.0
25.566666666666666,182.0
25.583333333333332,182.0
25.583333333333332,183.0
25.6,185.0
25.6,189.0
25.616666666666667,191.0
25.616666666666667,190.0
25.633333333333333,191.0
25.633333333333333,190.0
25.65,189.0
25.65,190.0
25.666666666666668,190.0
25.666666666666668,190.0
25.683333333333334,190.0
25.683333333333334,190.0
25.7,190.0
25.7,190.0
25.716666666666665,187.0
25.716666666666665,186.0
25.733333333333334,185.0
25.733333333333334,185.0
25.75,185.0
25.75,186.0
25.766666666666666,188.0
25.766666666666666,187.0
25.783333333333335,188.0
25.783333333333335,188.0
25.8,189.0
25.8,189.0
25.816666666666666,189.0
25.816666666666666,189.0
25.833333333333332,187.0
25.833333333333332,186.0
25.85,186.0
25.85,186.0
25.866666666666667,185.0
25.866666666666667,185.0
25.883333333333333,186.0
25.883333333333333,185.0
25.9,185.0
25.9,186.0
25.916666666666668,186.0
25.916666666666668,186.0
25.933333333333334,185.0
25.933333333333334,184.0
25.95,185.0
25.95,185.0
25.966666666666665,185.0
25.966666666666665,185.0
25.983333333333334,185.0
25.983333333333334,185.0
26.0,184.0
26.0,185.0
26.016666666666666,184.0
26.016666666666666,184.0
26.033333333333335,184.0
26.033333333333335,184.0
26.05,184.0
26.05,184.0
26.066666666666666,184.0
26.066666666666666,184.0
26.083333333333332,184.0
26.083333333333332,183.0
26.1,183.0
26.116666666666667,184.0
26.116666666666667,184.0
26.116666666666667,184.0
26.133333333333333,184.0
26.133333333333333,184.0
26.15,184.0
26.15,184.0
26.166666666666668,185.0
26.166666666666668,184.0
26.183333333333334,184.0
26.183333333333334,183.0
26.2,183.0
26.2,183.0
26.216666666666665,185.0
26.216666666666665,184.0
26.233333333333334,184.0
26.233333333333334,184.0
26.25,184.0
26.25,184.0
26.266666666666666,185.0
26.266666666666666,186.0
26.283333333333335,186.0
26.283333333333335,186.0
26.3,184.0
26.3,184.0
26.316666666666666,185.0
26.316666666666666,185.0
26.333333333333332,185.0
26.333333333333332,185.0
26.35,184.0
26.35,185.0
26.366666666666667,184.0
26.366666666666667,184.0
26.383333333333333,185.0
26.383333333333333,185.0
26.4,185.0
26.4,186.0
26.416666666666668,186.0
26.416666666666668,186.0
26.433333333333334,186.0
26.433333333333334,185.0
26.45,186.0
26.45,186.0
26.466666666666665,185.0
26.466666666666665,184.0
26.483333333333334,183.0
26.483333333333334,183.0
26.5,183.0
26.5,183.0
26.516666666666666,183.0
26.516666666666666,184.0
26.533333333333335,185.0
26.55,186.0
26.55,186.0
26.55,186.0
26.566666666666666,186.0
26.566666666666666,186.0
26.583333333333332,185.0
26.583333333333332,187.0
26.6,188.0
26.6,186.0
26.616666666666667,185.0
26.616666666666667,185.0
26.633333333333333,186.0
26.633333333333333,185.0
26.65,186.0
26.65,186.0
26.666666666666668,186.0
26.666666666666668,186.0
26.683333333333334,186.0
26.683333333333334,185.0
26.7,185.0
26.7,186.0
26.716666666666665,186.0
26.716666666666665,186.0
26.733333333333334,186.0
26.733333333333334,185.0
26.75,185.0
26.75,186.0
26.766666666666666,186.0
26.766666666666666,186.0
26.783333333333335,186.0
26.783333333333335,186.0
26.8,185.0
26.8,185.0
26.816666666666666,185.0
26.816666666666666,185.0
26.833333333333332,185.0
26.833333333333332,186.0
26.85,186.0
26.85,186.0
26.866666666666667,186.0
26.866666666666667,185.0
26.883333333333333,186.0
26.883333333333333,186.0
26.9,186.0
26.9,186.0
26.916666666666668,186.0
26.916666666666668,186.0
26.933333333333334,185.0
26.933333333333334,186.0
26.95,185.0
26.95,185.0
26.966666666666665,185.0
26.966666666666665,184.0
26.983333333333334,184.0
26.983333333333334,184.0
27.0,184.0
27.016666666666666,183.0
27.033333333333335,183.0
27.033333333333335,183.0
27.033333333333335,184.0
27.033333333333335,184.0
27.05,184.0
27.05,184.0
27.066666666666666,184.0
27.066666666666666,184.0
27.083333333333332,184.0
27.083333333333332,184.0
27.1,184.0
27.1,184.0
27.116666666666667,184.0
27.116666666666667,184.0
27.133333333333333,183.0
27.133333333333333,183.0
27.15,184.0
27.15,184.0
27.166666666666668,184.0
27.166666666666668,184.0
27.183333333333334,184.0
27.183333333333334,183.0
27.2,184.0
27.2,184.0
27.216666666666665,184.0
27.216666666666665,184.0
27.233333333333334,185.0
27.233333333333334,185.0
27.25,186.0
27.25,189.0
27.266666666666666,189.0
27.266666666666666,189.0
27.283333333333335,189.0
27.283333333333335,187.0
27.3,184.0
27.3,183.0
27.316666666666666,183.0
27.316666666666666,183.0
27.333333333333332,183.0
27.333333333333332,183.0
27.35,183.0
27.35,183.0
27.366666666666667,183.0
27.366666666666667,183.0
27.383333333333333,183.0
27.383333333333333,183.0
27.4,183.0
27.4,183.0
27.416666666666668,184.0
27.416666666666668,183.0
27.433333333333334,184.0
27.433333333333334,184.0
27.45,184.0
27.45,184.0
27.466666666666665,183.0
27.466666666666665,184.0
27.483333333333334,184.0
27.483333333333334,184.0
27.5,184.0
27.5,184.0
27.516666666666666,184.0
27.516666666666666,183.0
27.533333333333335,185.0
27.533333333333335,186.0
27.55,186.0
27.55,186.0
27.566666666666666,185.0
27.566666666666666,184.0
27.583333333333332,184.0
27.6,184.0
27.6,184.0
27.6,184.0
27.616666666666667,183.0
27.616666666666667,183.0
27.633333333333333,185.0
27.633333333333333,184.0
27.65,183.0
27.65,184.0
27.666666666666668,185.0
27.666666666666668,185.0
27.683333333333334,184.0
27.683333333333334,185.0
27.7,184.0
27.7,185.0
27.716666666666665,185.0
27.716666666666665,186.0
27.733333333333334,185.0
27.733333333333334,185.0
27.75,185.0
27.75,185.0
27.766666666666666,186.0
27.766666666666666,185.0
27.783333333333335,184.0
27.783333333333335,185.0
27.8,185.0
27.8,185.0
27.816666666666666,185.0
27.816666666666666,185.0
27.833333333333332,186.0
27.833333333333332,185.0
27.85,190.0
27.85,191.0
27.866666666666667,191.0
27.866666666666667,191.0
27.883333333333333,191.0
27.883333333333333,191.0
27.9,190.0
27.9,190.0
27.916666666666668,190.0
27.916666666666668,190.0
27.933333333333334,188.0
27.933333333333334,185.0
27.95,185.0
27.95,184.0
27.966666666666665,186.0
27.966666666666665,184.0
27.983333333333334,186.0
27.983333333333334,187.0
28.0,185.0
28.0,184.0
28.016666666666666,184.0
28.016666666666666,185.0
28.033333333333335,186.0
28.033333333333335,185.0
28.05,185.0
28.05,185.0
28.066666666666666,185.0
28.066666666666666,185.0
28.083333333333332,185.0
28.083333333333332,185.0
28.1,186.0
28.1,186.0
28.116666666666667,186.0
28.116666666666667,185.0
28.133333333333333,185.0
28.133333333333333,184.0
28.15,185.0
28.15,186.0
28.166666666666668,185.0
28.166666666666668,185.0
28.183333333333334,185.0
28.183333333333334,185.0
28.2,186.0
28.2,185.0
28.216666666666665,187.0
28.216666666666665,187.0
28.233333333333334,187.0
28.233333333333334,187.0
28.25,186.0
28.25,187.0
28.266666666666666,188.0
28.266666666666666,187.0
28.283333333333335,187.0
28.283333333333335,187.0
28.3,187.0
28.3,187.0
28.316666666666666,187.0
28.316666666666666,187.0
28.333333333333332,186.0
28.333333333333332,187.0
28.35,187.0
28.35,187.0
28.366666666666667,190.0
28.366666666666667,188.0
28.383333333333333,187.0
28.383333333333333,187.0
28.4,187.0
28.4,186.0
28.416666666666668,187.0
28.416666666666668,187.0
28.433333333333334,187.0
28.433333333333334,187.0
28.45,187.0
28.45,187.0
28.466666666666665,187.0
28.466666666666665,186.0
28.483333333333334,186.0
28.483333333333334,186.0
28.5,186.0
28.5,186.0
28.516666666666666,186.0
28.516666666666666,186.0
28.533333333333335,186.0
28.533333333333335,185.0
28.55,185.0
28.55,185.0
28.566666666666666,186.0
28.566666666666666,186.0
28.583333333333332,186.0
28.583333333333332,187.0
28.6,187.0
28.6,187.0
28.616666666666667,186.0
28.633333333333333,187.0
28.633333333333333,186.0
28.65,187.0
28.65,187.0
28.65,187.0
28.666666666666668,186.0
28.666666666666668,186.0
28.683333333333334,187.0
28.683333333333334,188.0
28.7,188.0
28.7,187.0
28.716666666666665,186.0
28.716666666666665,186.0
28.733333333333334,186.0
28.733333333333334,186.0
28.75,186.0
28.75,187.0
28.766666666666666,187.0
28.766666666666666,187.0
28.783333333333335,186.0
28.783333333333335,187.0
28.8,186.0
28.8,186.0
28.816666666666666,185.0
28.816666666666666,183.0
28.833333333333332,183.0
28.833333333333332,184.0
28.85,184.0
28.85,184.0
28.866666666666667,184.0
28.866666666666667,184.0
28.883333333333333,184.0
28.883333333333333,184.0
28.9,186.0
28.9,184.0
28.916666666666668,186.0
28.916666666666668,186.0
28.933333333333334,186.0
28.95,186.0
28.95,186.0
28.95,186.0
28.966666666666665,186.0
28.966666666666665,186.0
28.983333333333334,186.0
28.983333333333334,186.0
29.0,186.0
29.0,185.0
29.016666666666666,185.0
29.016666666666666,185.0
29.033333333333335,185.0
29.033333333333335,185.0
29.05,185.0
29.05,185.0
29.066666666666666,185.0
29.066666666666666,185.0
29.083333333333332,186.0
29.083333333333332,186.0
29.1,185.0
29.1,185.0
29.116666666666667,185.0
29.116666666666667,185.0
29.133333333333333,185.0
29.133333333333333,186.0
29.15,186.0
29.15,185.0
29.166666666666668,185.0
29.166666666666668,186.0
29.183333333333334,186.0
29.183333333333334,186.0
29.2,186.0
29.2,185.0
29.216666666666665,185.0
29.216666666666665,186.0
29.233333333333334,186.0
29.233333333333334,186.0
29.25,186.0
29.25,185.0
29.266666666666666,185.0
29.266666666666666,185.0
29.283333333333335,186.0
29.283333333333335,185.0
29.3,185.0
29.3,185.0
29.316666666666666,186.0
29.316666666666666,186.0
29.333333333333332,186.0
29.333333333333332,186.0
29.35,185.0
29.35,185.0
29.366666666666667,185.0
29.366666666666667,184.0
29.383333333333333,183.0
29.383333333333333,184.0
29.4,185.0
29.4,185.0
29.416666666666668,185.0
29.416666666666668,185.0
29.433333333333334,185.0
29.433333333333334,185.0
29.45,185.0
29.45,185.0
29.466666666666665,185.0
29.466666666666665,185.0
29.483333333333334,184.0
29.483333333333334,185.0
29.5,184.0
29.5,184.0
29.516666666666666,184.0
29.516666666666666,184.0
29.533333333333335,183.0
29.533333333333335,183.0
29.55,183.0
29.55,183.0
29.566666666666666,183.0
29.566666666666666,183.0
29.583333333333332,183.0
29.583333333333332,184.0
29.6,185.0
29.6,184.0
29.616666666666667,184.0
29.616666666666667,184.0
29.633333333333333,184.0
29.633333333333333,184.0
29.65,184.0
29.65,184.0
29.666666666666668,185.0
29.666666666666668,184.0
29.683333333333334,184.0
29.683333333333334,184.0
29.7,185.0
29.7,184.0
29.716666666666665,184.0
29.716666666666665,184.0
29.733333333333334,184.0
29.733333333333334,184.0
29.75,184.0
29.75,183.0
29.766666666666666,183.0
29.766666666666666,183.0
29.783333333333335,182.0
29.783333333333335,183.0
29.8,181.0
29.8,182.0
29.816666666666666,182.0
29.816666666666666,182.0
29.833333333333332,181.0
29.833333333333332,181.0
29.85,181.0
29.85,180.0
29.866666666666667,180.0
29.866666666666667,180.0
29.883333333333333,180.0
29.883333333333333,179.0
29.9,179.0
29.9,179.0
29.916666666666668,178.0
29.916666666666668,178.0
29.933333333333334,178.0
29.933333333333334,177.0
29.95,177.0
29.95,177.0
29.966666666666665,177.0
29.966666666666665,175.0
29.983333333333334,175.0
29.983333333333334,174.0
30.0,174.0
30.0,174.0
30.016666666666666,173.0
30.016666666666666,173.0
30.033333333333335,172.0
30.033333333333335,171.0
30.05,171.0
30.05,171.0
30.066666666666666,171.0
30.066666666666666,170.0
30.083333333333332,170.0
30.083333333333332,170.0
30.1,171.0
30.1,170.0
30.133333333333333,170.0
30.133333333333333,171.0
30.133333333333333,171.0
30.133333333333333,171.0
30.15,170.0
30.15,170.0
30.166666666666668,170.0
30.183333333333334,170.0
30.183333333333334,170.0
30.183333333333334,169.0
30.2,169.0
30.2,169.0
30.216666666666665,169.0
30.233333333333334,169.0
30.233333333333334,169.0
30.233333333333334,167.0
30.25,167.0
30.25,166.0
30.266666666666666,166.0
30.266666666666666,165.0
30.283333333333335,164.0
30.283333333333335,164.0
30.3,163.0
30.3,163.0
30.316666666666666,162.0
30.316666666666666,161.0
30.333333333333332,161.0
30.333333333333332,160.0
30.35,160.0
30.35,160.0
30.366666666666667,159.0
30.366666666666667,160.0
30.383333333333333,158.0
30.383333333333333,159.0
30.4,157.0
30.4,158.0
30.416666666666668,157.0
30.416666666666668,156.0
30.433333333333334,156.0
30.433333333333334,155.0
30.45,155.0
30.45,155.0
30.466666666666665,155.0
30.466666666666665,155.0
30.483333333333334,155.0
30.483333333333334,155.0
30.5,155.0
30.5,154.0
30.516666666666666,154.0
30.516666666666666,154.0
30.533333333333335,153.0
30.533333333333335,153.0
30.55,152.0
30.55,153.0
30.566666666666666,152.0
30.566666666666666,152.0
30.583333333333332,152.0
30.583333333333332,152.0
30.6,151.0
30.6,151.0
30.616666666666667,151.0
30.616666666666667,151.0
30.633333333333333,152.0
30.633333333333333,152.0
30.65,153.0
30.65,153.0
30.666666666666668,153.0
30.666666666666668,153.0
30.683333333333334,153.0
30.683333333333334,153.0
30.7,152.0
30.7,152.0
30.716666666666665,153.0
30.716666666666665,153.0
30.733333333333334,153.0
30.733333333333334,153.0
30.75,154.0
30.75,154.0
30.766666666666666,155.0
30.766666666666666,154.0
30.783333333333335,155.0
30.783333333333335,154.0
30.8,154.0
30.8,154.0
30.816666666666666,154.0
30.816666666666666,154.0
30.833333333333332,155.0
30.833333333333332,155.0
30.85,156.0
30.866666666666667,156.0
30.866666666666667,156.0
30.866666666666667,156.0
30.883333333333333,156.0
30.883333333333333,155.0
30.9,155.0
30.9,155.0
30.916666666666668,155.0
30.916666666666668,155.0
30.933333333333334,155.0
30.933333333333334,155.0
30.95,156.0
30.95,156.0
30.966666666666665,156.0
30.966666666666665,156.0
30.983333333333334,156.0
30.983333333333334,156.0
31.0,156.0
31.0,155.0
31.016666666666666,155.0
31.016666666666666,156.0
31.033333333333335,156.0
31.033333333333335,156.0
31.05,155.0
31.05,155.0
31.066666666666666,154.0
31.066666666666666,154.0
31.083333333333332,154.0
31.083333333333332,153.0
31.1,153.0
31.1,153.0
31.116666666666667,153.0
31.116666666666667,153.0
31.133333333333333,153.0
31.133333333333333,153.0
31.15,154.0
31.15,155.0
31.166666666666668,155.0
31.166666666666668,155.0
31.183333333333334,156.0
31.183333333333334,157.0
31.2,157.0
31.2,158.0
31.216666666666665,157.0
31.216666666666665,158.0
31.233333333333334,159.0
31.233333333333334,158.0
31.25,160.0
31.25,159.0
31.266666666666666,159.0
31.266666666666666,160.0
31.283333333333335,159.0
31.283333333333335,159.0
31.3,157.0
31.3,157.0
31.316666666666666,157.0
31.316666666666666,157.0
31.333333333333332,157.0
31.333333333333332,156.0
31.35,155.0
31.35,154.0
31.366666666666667,154.0
31.366666666666667,154.0
31.383333333333333,154.0
31.383333333333333,154.0
31.4,154.0
31.4,154.0
31.416666666666668,153.0
31.416666666666668,153.0
31.433333333333334,152.0
31.433333333333334,152.0
31.45,153.0
31.45,154.0
31.466666666666665,154.0
31.466666666666665,154.0
31.483333333333334,153.0
31.483333333333334,152.0
31.5,152.0
31.5,151.0
31.516666666666666,150.0
31.516666666666666,151.0
31.533333333333335,151.0
31.533333333333335,151.0
31.55,150.0
31.55,150.0
31.566666666666666,150.0
31.566666666666666,151.0
31.583333333333332,150.0
31.583333333333332,150.0
31.6,150.0
31.6,150.0
31.616666666666667,149.0
31.616666666666667,150.0
31.633333333333333,150.0
31.633333333333333,151.0
31.65,151.0
31.65,151.0
31.666666666666668,151.0
31.666666666666668,152.0
31.683333333333334,152.0
31.683333333333334,152.0
31.7,152.0
31.7,152.0
31.716666666666665,152.0
31.716666666666665,152.0
31.733333333333334,151.0
31.733333333333334,151.0
31.75,151.0
31.766666666666666,150.0
31.766666666666666,150.0
31.766666666666666,152.0
31.783333333333335,150.0
31.783333333333335,151.0
31.8,150.0
31.816666666666666,150.0
31.833333333333332,150.0
31.833333333333332,150.0
31.833333333333332,150.0
31.833333333333332,150.0
31.85,149.0
31.85,149.0
31.866666666666667,150.0
31.866666666666667,150.0
31.883333333333333,150.0
31.883333333333333,150.0
31.9,150.0
31.9,150.0
31.916666666666668,151.0
31.916666666666668,151.0
31.933333333333334,151.0
31.933333333333334,151.0
31.95,151.0
31.95,151.0
31.966666666666665,152.0
31.983333333333334,152.0
31.983333333333334,152.0
31.983333333333334,152.0
32.0,152.0
32.0,152.0
32.016666666666666,152.0
32.016666666666666,153.0
32.03333333333333,153.0
32.03333333333333,153.0
32.05,153.0
32.05,152.0
32.06666666666667,152.0
32.06666666666667,152.0
32.083333333333336,152.0
32.083333333333336,153.0
32.1,152.0
32.1,152.0
32.11666666666667,152.0
32.11666666666667,152.0
32.13333333333333,151.0
32.13333333333333,152.0
32.15,151.0
32.15,151.0
32.166666666666664,151.0
32.166666666666664,151.0
32.18333333333333,151.0
32.18333333333333,152.0
32.2,152.0
32.2,152.0
32.21666666666667,152.0
32.21666666666667,151.0
32.233333333333334,152.0
32.233333333333334,152.0
32.25,153.0
32.25,153.0
32.266666666666666,153.0
32.266666666666666,153.0
32.28333333333333,153.0
32.28333333333333,154.0
32.3,153.0
32.3,154.0
32.31666666666667,154.0
32.31666666666667,155.0
32.333333333333336,154.0
32.333333333333336,154.0
32.35,154.0
32.35,154.0
32.36666666666667,154.0
32.36666666666667,154.0
32.38333333333333,154.0
32.38333333333333,155.0
32.4,155.0
32.4,155.0
32.416666666666664,155.0
32.416666666666664,156.0
32.43333333333333,155.0
32.43333333333333,156.0
32.45,156.0
32.45,156.0
32.46666666666667,156.0
32.46666666666667,156.0
32.483333333333334,157.0
32.483333333333334,157.0
32.5,157.0
32.5,157.0
32.516666666666666,157.0
32.516666666666666,157.0
32.53333333333333,156.0
32.53333333333333,157.0
32.55,156.0
32.55,155.0
32.56666666666667,156.0
32.56666666666667,156.0
32.583333333333336,156.0
32.583333333333336,156.0
32.6,156.0
32.6,156.0
32.61666666666667,156.0
32.61666666666667,155.0
32.63333333333333,155.0
32.63333333333333,156.0
32.65,155.0
32.65,155.0
32.666666666666664,155.0
32.666666666666664,153.0
32.68333333333333,153.0
32.68333333333333,152.0
32.7,153.0
32.7,154.0
32.71666666666667,154.0
32.71666666666667,155.0
32.733333333333334,155.0
32.733333333333334,156.0
32.75,156.0
32.75,156.0
32.766666666666666,156.0
32.766666666666666,156.0
32.78333333333333,155.0
32.78333333333333,156.0
32.8,156.0
32.8,155.0
32.81666666666667,155.0
32.81666666666667,155.0
32.833333333333336,156.0
32.833333333333336,156.0
32.85,156.0
32.85,156.0
32.86666666666667,156.0
32.86666666666667,157.0
32.88333333333333,157.0
32.88333333333333,157.0
32.9,156.0
32.9,156.0
32.916666666666664,157.0
32.916666666666664,156.0
32.93333333333333,157.0
32.93333333333333,156.0
32.95,156.0
32.95,156.0
32.96666666666667,156.0
32.96666666666667,157.0
32.983333333333334,156.0
32.983333333333334,156.0
33.0,156.0
33.0,156.0
33.016666666666666,156.0
33.016666666666666,156.0
33.03333333333333,155.0
33.03333333333333,155.0
33.05,155.0
33.05,156.0
33.06666666666667,156.0
33.06666666666667,156.0
33.083333333333336,156.0
33.083333333333336,156.0
33.1,156.0
33.1,156.0
33.11666666666667,155.0
33.11666666666667,156.0
33.13333333333333,156.0
33.13333333333333,157.0
33.15,156.0
33.15,156.0
33.166666666666664,156.0
33.166666666666664,156.0
33.18333333333333,157.0
33.18333333333333,157.0
33.2,156.0
33.2,156.0
33.21666666666667,156.0
33.21666666666667,156.0
33.233333333333334,157.0
33.233333333333334,156.0
33.25,156.0
33.25,156.0
33.266666666666666,157.0
33.266666666666666,155.0
33.28333333333333,156.0
33.28333333333333,156.0
33.3,156.0
33.3,156.0
33.31666666666667,156.0
33.31666666666667,156.0
33.333333333333336,155.0
33.333333333333336,155.0
33.35,155.0
33.35,156.0
33.36666666666667,155.0
33.36666666666667,156.0
33.38333333333333,154.0
33.38333333333333,154.0
33.4,155.0
33.4,155.0
33.416666666666664,155.0
33.43333333333333,155.0
33.43333333333333,154.0
33.43333333333333,155.0
33.45,155.0
33.45,155.0
33.46666666666667,155.0
33.46666666666667,155.0
33.483333333333334,155.0
33.483333333333334,155.0
33.5,155.0
33.5,155.0
33.516666666666666,155.0
33.516666666666666,156.0
33.53333333333333,156.0
33.53333333333333,156.0
33.55,156.0
33.55,156.0
33.56666666666667,156.0
33.56666666666667,157.0
33.583333333333336,157.0
33.583333333333336,157.0
33.6,157.0
33.6,157.0
33.61666666666667,158.0
33.61666666666667,159.0
33.63333333333333,159.0
33.63333333333333,158.0
33.65,158.0
33.65,159.0
33.666666666666664,159.0
33.68333333333333,159.0
33.68333333333333,159.0
33.68333333333333,159.0
33.7,160.0
33.7,159.0
33.71666666666667,160.0
33.71666666666667,160.0
33.733333333333334,160.0
33.733333333333334,160.0
33.75,160.0
33.75,160.0
33.766666666666666,161.0
33.766666666666666,160.0
33.78333333333333,161.0
33.78333333333333,160.0
33.8,159.0
33.8,158.0
33.81666666666667,159.0
33.81666666666667,159.0
33.833333333333336,158.0
33.833333333333336,158.0
33.85,158.0
33.85,158.0
33.86666666666667,157.0
33.86666666666667,158.0
33.88333333333333,157.0
33.88333333333333,157.0
33.9,157.0
33.9,156.0
33.916666666666664,156.0
33.916666666666664,156.0
33.93333333333333,156.0
33.93333333333333,156.0
33.95,156.0
33.95,156.0
33.96666666666667,156.0
33.96666666666667,156.0
33.983333333333334,155.0
33.983333333333334,156.0
34.0,156.0
34.0,156.0
34.016666666666666,156.0
34.016666666666666,156.0
34.03333333333333,156.0
34.03333333333333,156.0
34.05,157.0
34.05,157.0
34.06666666666667,157.0
34.06666666666667,157.0
34.083333333333336,157.0
34.083333333333336,158.0
34.1,159.0
34.1,159.0
34.11666666666667,158.0
34.11666666666667,159.0
34.13333333333333,159.0
34.13333333333333,159.0
34.15,160.0
34.15,160.0
34.166666666666664,160.0
34.166666666666664,160.0
34.18333333333333,161.0
34.18333333333333,160.0
34.2,161.0
34.2,161.0
34.21666666666667,163.0
34.21666666666667,163.0
34.233333333333334,163.0
34.233333333333334,164.0
34.25,164.0
34.266666666666666,164.0
34.266666666666666,164.0
34.266666666666666,164.0
34.28333333333333,166.0
34.28333333333333,166.0
34.3,167.0
34.3,168.0
34.31666666666667,168.0
34.31666666666667,168.0
34.333333333333336,167.0
34.333333333333336,167.0
34.35,167.0
34.35,168.0
34.36666666666667,169.0
34.36666666666667,170.0
34.38333333333333,170.0
34.38333333333333,171.0
34.4,171.0
34.4,171.0
34.416666666666664,170.0
34.416666666666664,169.0
34.43333333333333,170.0
34.43333333333333,171.0
34.45,170.0
34.45,169.0
34.46666666666667,168.0
34.46666666666667,168.0
34.483333333333334,169.0
34.483333333333334,169.0
34.5,169.0
34.5,170.0
