start_time,km,split_time_sec,split_pace_min,avg_speed_ms,date
2019-12-31 13:46:29,1,2126.0,35.43,0.53,2019-12-31
2019-12-31 13:46:29,2,1679.0,27.98,0.85,2019-12-31
2020-01-03 12:35:44,1,643.0,10.72,1.56,2020-01-03
2020-01-09 12:58:14,1,1022.0,17.03,0.98,2020-01-09
2020-01-13 15:05:00,1,718.0,11.97,1.39,2020-01-13
2020-01-13 15:05:00,2,738.0,12.3,1.36,2020-01-13
2020-01-13 16:11:34,1,744.0,12.4,1.34,2020-01-13
2020-01-19 19:33:46,1,675.0,11.25,1.49,2020-01-19
2020-01-19 19:33:46,2,634.0,10.57,1.58,2020-01-19
2020-01-19 19:33:46,3,606.0,10.1,1.65,2020-01-19
2020-01-20 09:32:25,1,1600.0,26.67,1.24,2020-01-20
2020-01-20 15:05:17,1,693.0,11.55,1.45,2020-01-20
2020-01-21 16:05:03,1,728.0,12.13,1.38,2020-01-21
2020-01-21 16:05:03,2,624.0,10.4,1.6,2020-01-21
2020-01-21 16:05:03,3,655.0,10.92,1.53,2020-01-21
2020-01-22 06:28:41,1,670.0,11.17,1.49,2020-01-22
2020-01-22 06:28:41,2,712.0,11.87,1.4,2020-01-22
2020-01-22 06:28:41,3,664.0,11.07,1.51,2020-01-22
2020-01-23 15:11:37,1,596.0,9.93,1.7,2020-01-23
2020-01-23 15:11:37,2,615.0,10.25,1.63,2020-01-23
2020-01-23 15:11:37,3,617.0,10.28,1.62,2020-01-23
2020-01-23 23:10:57,1,914.0,15.23,1.09,2020-01-23
2020-01-23 23:10:57,2,3898.0,64.97,0.57,2020-01-23
2020-01-25 20:22:37,1,802.0,13.37,1.25,2020-01-25
2020-01-25 20:22:37,2,644.0,10.73,1.56,2020-01-25
2020-01-25 20:22:37,3,638.0,10.63,1.57,2020-01-25
2020-01-25 20:22:37,4,687.0,11.45,1.46,2020-01-25
2020-01-25 20:22:37,5,629.0,10.48,1.59,2020-01-25
2020-01-25 15:04:49,1,140.0,2.33,7.16,2020-01-25
2020-01-26 20:53:39,1,649.0,10.82,1.55,2020-01-26
2020-01-26 16:24:04,1,693.0,11.55,1.45,2020-01-26
2020-01-26 16:24:04,2,765.0,12.75,1.31,2020-01-26
2020-01-26 16:24:04,3,833.0,13.88,1.2,2020-01-26
2020-01-26 16:24:04,4,691.0,11.52,1.45,2020-01-26
2020-01-27 12:32:38,1,968.0,16.13,1.03,2020-01-27
2020-01-27 16:10:26,1,632.0,10.53,1.59,2020-01-27
2020-01-27 16:10:26,2,665.0,11.08,1.5,2020-01-27
2020-01-27 16:10:26,3,652.0,10.87,1.54,2020-01-27
2020-01-27 06:55:07,1,627.0,10.45,1.6,2020-01-27
2020-01-27 06:55:07,2,654.0,10.9,1.53,2020-01-27
2020-01-27 06:55:07,3,616.0,10.27,1.62,2020-01-27
2020-01-28 17:09:31,1,662.0,11.03,1.51,2020-01-28
2020-01-28 17:09:31,2,626.0,10.43,1.6,2020-01-28
2020-01-29 11:47:07,1,588.0,9.8,1.73,2020-01-29
2020-01-29 11:47:07,2,61.0,1.02,16.66,2020-01-29
2020-01-29 11:47:07,3,186.0,3.1,5.46,2020-01-29
2020-01-29 11:47:07,4,75.0,1.25,13.33,2020-01-29
2020-01-29 11:47:07,5,366.0,6.1,3.13,2020-01-29
2020-01-31 16:08:49,1,615.0,10.25,1.63,2020-01-31
2020-01-31 16:08:49,2,655.0,10.92,1.53,2020-01-31
2020-01-31 16:08:49,3,623.0,10.38,1.6,2020-01-31
2020-02-02 21:12:19,1,644.0,10.73,1.56,2020-02-02
2020-02-02 21:12:19,2,641.0,10.68,1.56,2020-02-02
2020-02-03 12:25:24,1,1114.0,18.57,0.9,2020-02-03
2020-02-04 07:02:22,1,660.0,11.0,1.52,2020-02-04
2020-02-06 11:50:03,1,877.0,14.62,1.15,2020-02-06
2020-02-07 11:53:53,1,1275.0,21.25,0.79,2020-02-07
2020-02-08 19:59:48,1,692.0,11.53,1.44,2020-02-08
2020-02-08 19:59:48,2,719.0,11.98,1.39,2020-02-08
2020-02-08 19:59:48,3,724.0,12.07,1.38,2020-02-08
2020-02-10 21:12:22,1,713.0,11.88,1.4,2020-02-10
2020-02-10 16:27:14,1,2813.0,46.88,1.16,2020-02-10
2020-02-10 18:27:53,1,703.0,11.72,1.42,2020-02-10
2020-02-12 22:16:42,1,707.0,11.78,1.42,2020-02-12
2020-02-12 22:16:42,2,739.0,12.32,1.36,2020-02-12
2020-02-13 12:52:14,1,837.0,13.95,1.23,2020-02-13
2020-02-13 12:52:14,2,665.0,11.08,1.51,2020-02-13
2020-02-14 22:35:07,1,748.0,12.47,1.34,2020-02-14
2020-02-14 19:07:59,1,796.0,13.27,1.26,2020-02-14
2020-02-16 17:37:21,1,628.0,10.47,1.6,2020-02-16
2020-02-16 17:37:21,2,668.0,11.13,1.5,2020-02-16
2020-02-16 17:37:21,3,667.0,11.12,1.5,2020-02-16
2020-02-16 17:37:21,4,664.0,11.07,1.51,2020-02-16
2020-02-16 17:37:21,5,634.0,10.57,1.58,2020-02-16
2020-02-17 11:49:08,1,1227.0,20.45,0.82,2020-02-17
2020-02-17 22:28:12,1,693.0,11.55,1.44,2020-02-17
2020-02-17 19:44:08,1,618.0,10.3,1.62,2020-02-17
2020-02-17 19:44:08,2,571.0,9.52,1.76,2020-02-17
2020-02-18 12:03:13,1,1163.0,19.38,0.89,2020-02-18
2020-02-18 21:05:41,1,668.0,11.13,1.5,2020-02-18
2020-02-19 21:32:07,1,755.0,12.58,1.33,2020-02-19
2020-02-21 06:59:25,1,660.0,11.0,1.54,2020-02-21
2020-02-21 06:59:25,2,637.0,10.62,1.6,2020-02-21
2020-02-21 06:59:25,3,94.0,1.57,10.74,2020-02-21
2020-02-22 13:13:22,1,716.0,11.93,1.4,2020-02-22
2020-02-22 13:13:22,2,680.0,11.33,1.47,2020-02-22
2020-02-22 13:13:22,3,2561.0,42.68,1.49,2020-02-22
2020-02-22 13:13:22,4,661.0,11.02,1.52,2020-02-22
2020-02-25 11:54:54,1,1151.0,19.18,0.87,2020-02-25
2020-02-28 20:44:06,1,699.0,11.65,1.43,2020-02-28
2020-02-29 20:33:04,1,777.0,12.95,1.29,2020-02-29
2020-02-29 17:36:48,1,766.0,12.77,1.31,2020-02-29
2020-03-01 20:39:33,1,679.0,11.32,1.48,2020-03-01
2020-03-01 20:39:33,2,640.0,10.67,1.56,2020-03-01
2020-03-01 20:39:33,3,626.0,10.43,1.6,2020-03-01
2020-03-01 20:39:33,4,703.0,11.72,1.43,2020-03-01
2020-03-01 20:39:33,5,653.0,10.88,1.53,2020-03-01
2020-03-02 20:20:16,1,710.0,11.83,1.41,2020-03-02
2020-03-02 20:20:16,2,703.0,11.72,1.42,2020-03-02
2020-03-03 07:17:03,1,616.0,10.27,1.62,2020-03-03
2020-03-03 07:17:03,2,626.0,10.43,1.6,2020-03-03
2020-03-03 07:17:03,3,613.0,10.22,1.63,2020-03-03
2020-03-04 12:47:47,1,694.0,11.57,1.44,2020-03-04
2020-03-04 12:47:47,2,699.0,11.65,1.43,2020-03-04
2020-03-04 15:45:54,1,707.0,11.78,1.42,2020-03-04
2020-03-04 15:45:54,2,631.0,10.52,1.59,2020-03-04
2020-03-04 15:45:54,3,632.0,10.53,1.58,2020-03-04
2020-03-05 22:09:06,1,749.0,12.48,1.34,2020-03-05
2020-03-05 22:09:06,2,765.0,12.75,1.31,2020-03-05
2020-03-06 16:04:31,1,607.0,10.12,1.64,2020-03-06
2020-03-06 16:04:31,2,622.0,10.37,1.61,2020-03-06
2020-03-06 16:04:31,3,610.0,10.17,1.64,2020-03-06
2020-03-06 06:52:14,1,642.0,10.7,1.56,2020-03-06
2020-03-06 06:52:14,2,652.0,10.87,1.53,2020-03-06
2020-03-06 06:52:14,3,629.0,10.48,1.59,2020-03-06
2020-03-07 21:45:19,1,723.0,12.05,1.39,2020-03-07
2020-03-07 21:45:19,2,750.0,12.5,1.33,2020-03-07
2020-03-07 08:16:18,1,608.0,10.13,1.65,2020-03-07
2020-03-07 08:16:18,2,628.0,10.47,1.59,2020-03-07
2020-03-07 08:16:18,3,597.0,9.95,1.68,2020-03-07
2020-03-09 18:57:01,1,718.0,11.97,1.39,2020-03-09
2020-03-09 18:57:01,2,976.0,16.27,1.1,2020-03-09
2020-03-09 18:57:01,3,782.0,13.03,1.28,2020-03-09
2020-03-09 18:57:01,4,704.0,11.73,1.42,2020-03-09
2020-03-10 15:49:03,1,639.0,10.65,1.57,2020-03-10
2020-03-10 15:49:03,2,645.0,10.75,1.55,2020-03-10
2020-03-10 15:49:03,3,624.0,10.4,1.6,2020-03-10
2020-03-11 15:44:04,1,667.0,11.12,1.5,2020-03-11
2020-03-11 15:44:04,2,427.0,7.12,3.35,2020-03-11
2020-03-11 15:44:04,3,221.0,3.68,4.51,2020-03-11
2020-03-11 15:44:04,4,125.0,2.08,8.03,2020-03-11
2020-03-11 06:36:56,1,642.0,10.7,1.56,2020-03-11
2020-03-11 06:36:56,2,694.0,11.57,1.44,2020-03-11
2020-03-11 06:36:56,3,652.0,10.87,1.54,2020-03-11
2020-03-12 11:47:58,1,1114.0,18.57,0.92,2020-03-12
2020-03-13 15:15:05,1,591.0,9.85,1.69,2020-03-13
2020-03-13 15:15:05,2,612.0,10.2,1.64,2020-03-13
2020-03-13 15:15:05,3,637.0,10.62,1.57,2020-03-13
2020-03-13 07:03:22,1,610.0,10.17,1.64,2020-03-13
2020-03-13 07:03:22,2,618.0,10.3,1.62,2020-03-13
2020-03-13 07:03:22,3,582.0,9.7,1.72,2020-03-13
2020-03-16 20:56:03,1,643.0,10.72,1.56,2020-03-16
2020-03-16 20:56:03,2,638.0,10.63,1.57,2020-03-16
2020-03-16 20:56:03,3,697.0,11.62,1.44,2020-03-16
2020-03-16 20:56:03,4,666.0,11.1,1.51,2020-03-16
2020-03-17 20:54:25,1,728.0,12.13,1.38,2020-03-17
2020-03-17 20:54:25,2,737.0,12.28,1.36,2020-03-17
2020-03-18 18:00:20,1,698.0,11.63,1.43,2020-03-18
2020-03-18 18:00:20,2,839.0,13.98,1.19,2020-03-18
2020-03-18 18:00:20,3,913.0,15.22,1.1,2020-03-18
2020-03-18 18:00:20,4,1736.0,28.93,0.86,2020-03-18
2020-03-18 18:00:20,5,894.0,14.9,1.12,2020-03-18
2020-03-18 18:00:20,6,861.0,14.35,1.16,2020-03-18
2020-03-18 18:00:20,7,875.0,14.58,1.14,2020-03-18
2020-03-18 18:00:20,8,857.0,14.28,1.17,2020-03-18
2020-03-18 18:00:20,9,752.0,12.53,1.33,2020-03-18
2020-03-19 18:02:55,1,715.0,11.92,1.4,2020-03-19
2020-03-19 18:02:55,2,686.0,11.43,1.46,2020-03-19
2020-03-19 18:02:55,3,738.0,12.3,1.36,2020-03-19
2020-03-19 18:02:55,4,774.0,12.9,1.29,2020-03-19
2020-03-19 18:02:55,5,774.0,12.9,1.29,2020-03-19
2020-03-19 18:02:55,6,757.0,12.62,1.32,2020-03-19
2020-03-19 18:02:55,7,786.0,13.1,1.27,2020-03-19
2020-03-19 18:02:55,8,755.0,12.58,1.33,2020-03-19
2020-03-21 10:56:24,1,631.0,10.52,1.59,2020-03-21
2020-03-21 10:56:24,2,682.0,11.37,1.47,2020-03-21
2020-03-23 11:42:05,1,632.0,10.53,1.59,2020-03-23
2020-03-23 11:42:05,2,636.0,10.6,1.57,2020-03-23
2020-03-23 11:42:05,3,1340.0,22.33,0.85,2020-03-23
2020-03-23 11:42:05,4,676.0,11.27,1.5,2020-03-23
2020-03-24 16:58:05,1,1293.0,21.55,1.17,2020-03-24
2020-03-25 20:48:16,1,668.0,11.13,1.5,2020-03-25
2020-03-25 20:48:16,2,616.0,10.27,1.62,2020-03-25
2020-03-25 20:48:16,3,621.0,10.35,1.61,2020-03-25
2020-03-25 20:48:16,4,982.0,16.37,1.14,2020-03-25
2020-03-25 20:48:16,5,665.0,11.08,1.51,2020-03-25
2020-03-25 20:48:16,6,665.0,11.08,1.51,2020-03-25
2020-03-27 16:03:22,1,661.0,11.02,1.52,2020-03-27
2020-03-27 16:03:22,2,996.0,16.6,1.21,2020-03-27
2020-03-27 16:03:22,3,638.0,10.63,1.57,2020-03-27
2020-03-28 14:29:05,1,629.0,10.48,1.59,2020-03-28
2020-03-28 14:29:05,2,1143.0,19.05,0.93,2020-03-28
2020-03-28 14:29:05,3,783.0,13.05,1.28,2020-03-28
2020-03-28 14:29:05,4,698.0,11.63,1.5,2020-03-28
2020-03-29 20:41:20,1,699.0,11.65,1.43,2020-03-29
2020-03-29 20:41:20,2,672.0,11.2,1.49,2020-03-29
2020-03-29 20:41:20,3,694.0,11.57,1.44,2020-03-29
2020-03-30 14:34:09,1,707.0,11.78,1.41,2020-03-30
2020-03-30 14:34:09,2,770.0,12.83,1.3,2020-03-30
2020-03-30 14:34:09,3,1508.0,25.13,0.69,2020-03-30
2020-03-30 14:34:09,4,757.0,12.62,1.32,2020-03-30
2020-04-03 19:53:51,1,610.0,10.17,1.64,2020-04-03
2020-04-03 19:53:51,2,579.0,9.65,1.73,2020-04-03
2020-04-03 19:53:51,3,573.0,9.55,1.75,2020-04-03
2020-04-03 15:32:05,1,611.0,10.18,1.64,2020-04-03
2020-04-03 15:32:05,2,675.0,11.25,1.48,2020-04-03
2020-04-03 15:32:05,3,640.0,10.67,1.56,2020-04-03
2020-04-04 20:23:31,1,717.0,11.95,1.4,2020-04-04
2020-04-04 13:17:55,1,640.0,10.67,1.57,2020-04-04
2020-04-04 13:17:55,2,644.0,10.73,1.56,2020-04-04
2020-04-04 13:17:55,3,736.0,12.27,1.49,2020-04-04
2020-04-04 13:17:55,4,598.0,9.97,1.67,2020-04-04
2020-04-04 13:17:55,5,609.0,10.15,1.64,2020-04-04
2020-04-06 15:25:32,1,710.0,11.83,1.41,2020-04-06
2020-04-06 15:25:32,2,692.0,11.53,1.45,2020-04-06
2020-04-06 15:25:32,3,709.0,11.82,1.41,2020-04-06
2020-04-06 15:25:32,4,736.0,12.27,1.36,2020-04-06
2020-04-06 15:25:32,5,725.0,12.08,1.38,2020-04-06
2020-04-06 17:41:21,1,746.0,12.43,1.34,2020-04-06
2020-04-06 17:41:21,2,833.0,13.88,1.2,2020-04-06
2020-04-06 17:41:21,3,809.0,13.48,1.24,2020-04-06
2020-04-06 17:41:21,4,808.0,13.47,1.24,2020-04-06
2020-04-09 18:25:45,1,718.0,11.97,1.4,2020-04-09
2020-04-09 18:25:45,2,712.0,11.87,1.41,2020-04-09
2020-04-09 18:25:45,3,746.0,12.43,1.34,2020-04-09
2020-04-09 18:25:45,4,762.0,12.7,1.31,2020-04-09
2020-04-10 18:35:16,1,827.0,13.78,1.21,2020-04-10
2020-04-10 18:35:16,2,754.0,12.57,1.33,2020-04-10
2020-04-10 18:35:16,3,1085.0,18.08,0.96,2020-04-10
2020-04-11 18:55:15,1,752.0,12.53,1.33,2020-04-11
2020-04-11 18:55:15,2,686.0,11.43,1.46,2020-04-11
2020-04-11 18:55:15,3,695.0,11.58,1.44,2020-04-11
2020-04-11 18:55:15,4,855.0,14.25,1.26,2020-04-11
2020-04-11 18:55:15,5,771.0,12.85,1.3,2020-04-11
2020-04-11 18:55:15,6,693.0,11.55,1.5,2020-04-11
2020-04-11 18:55:15,7,69.0,1.15,14.48,2020-04-11
2020-04-14 11:49:31,1,1426.0,23.77,1.32,2020-04-14
2020-04-15 17:48:47,1,825.0,13.75,1.21,2020-04-15
2020-04-15 17:48:47,2,771.0,12.85,1.3,2020-04-15
2020-04-15 17:48:47,3,802.0,13.37,1.25,2020-04-15
2020-04-15 17:48:47,4,789.0,13.15,1.27,2020-04-15
2020-04-15 17:48:47,5,824.0,13.73,1.22,2020-04-15
2020-04-15 17:48:47,6,841.0,14.02,1.19,2020-04-15
2020-04-15 17:48:47,7,795.0,13.25,1.26,2020-04-15
2020-04-15 17:48:47,8,747.0,12.45,1.34,2020-04-15
2020-04-16 18:40:04,1,756.0,12.6,1.32,2020-04-16
2020-04-16 18:40:04,2,833.0,13.88,1.2,2020-04-16
2020-04-16 18:40:04,3,767.0,12.78,1.31,2020-04-16
2020-04-16 18:40:04,4,838.0,13.97,1.2,2020-04-16
2020-04-16 18:40:04,5,798.0,13.3,1.25,2020-04-16
2020-04-17 10:51:40,1,1079.0,17.98,1.0,2020-04-17
2020-04-17 10:51:40,2,982.0,16.37,1.06,2020-04-17
2020-04-17 14:55:22,1,557.0,9.28,1.8,2020-04-17
2020-04-17 15:34:29,1,690.0,11.5,1.45,2020-04-17
2020-04-17 15:34:29,2,2756.0,45.93,0.95,2020-04-17
2020-04-17 15:34:29,3,731.0,12.18,1.37,2020-04-17
2020-04-18 13:21:49,1,622.0,10.37,1.62,2020-04-18
2020-04-18 07:11:17,1,664.0,11.07,1.51,2020-04-18
2020-04-18 07:11:17,2,671.0,11.18,1.49,2020-04-18
2020-04-19 15:25:47,1,1057.0,17.62,1.03,2020-04-19
2020-04-19 15:25:47,2,773.0,12.88,1.3,2020-04-19
2020-04-19 15:25:47,3,857.0,14.28,1.17,2020-04-19
2020-04-19 15:25:47,4,1493.0,24.88,0.75,2020-04-19
2020-04-19 15:25:47,5,777.0,12.95,1.29,2020-04-19
2020-04-19 15:25:47,6,746.0,12.43,1.34,2020-04-19
2020-04-24 21:01:26,1,726.0,12.1,1.38,2020-04-24
2020-04-24 18:25:38,1,756.0,12.6,1.33,2020-04-24
2020-04-24 18:25:38,2,691.0,11.52,1.45,2020-04-24
2020-04-24 18:25:38,3,702.0,11.7,1.43,2020-04-24
2020-04-24 18:25:38,4,679.0,11.32,1.47,2020-04-24
2020-04-24 18:25:38,5,680.0,11.33,1.47,2020-04-24
2020-04-24 18:25:38,6,721.0,12.02,1.39,2020-04-24
2020-04-29 18:17:04,1,588.0,9.8,1.7,2020-04-29
2020-04-29 18:17:04,2,703.0,11.72,1.44,2020-04-29
2020-04-29 18:17:04,3,188.0,3.13,6.0,2020-04-29
2020-04-30 21:02:19,1,693.0,11.55,1.45,2020-04-30
2020-05-01 14:56:57,1,654.0,10.9,1.52,2020-05-01
2020-05-01 14:56:57,2,699.0,11.65,1.43,2020-05-01
2020-05-01 14:56:57,3,675.0,11.25,1.48,2020-05-01
2020-05-01 18:57:50,1,714.0,11.9,1.4,2020-05-01
2020-05-01 18:57:50,2,704.0,11.73,1.42,2020-05-01
2020-05-01 18:57:50,3,702.0,11.7,1.43,2020-05-01
2020-05-01 18:57:50,4,705.0,11.75,1.42,2020-05-01
2020-05-02 18:05:01,1,689.0,11.48,1.45,2020-05-02
2020-05-02 18:05:01,2,703.0,11.72,1.43,2020-05-02
2020-05-02 18:05:01,3,747.0,12.45,1.34,2020-05-02
2020-05-02 18:05:01,4,730.0,12.17,1.37,2020-05-02
2020-05-03 17:58:14,1,766.0,12.77,1.31,2020-05-03
2020-05-05 16:42:25,1,749.0,12.48,1.34,2020-05-05
2020-05-05 16:42:25,2,723.0,12.05,1.39,2020-05-05
2020-05-05 16:42:25,3,740.0,12.33,1.35,2020-05-05
2020-05-05 16:42:25,4,750.0,12.5,1.34,2020-05-05
2020-05-05 16:42:25,5,1154.0,19.23,0.93,2020-05-05
2020-05-05 16:42:25,6,715.0,11.92,1.4,2020-05-05
2020-05-09 11:43:22,1,723.0,12.05,1.38,2020-05-09
2020-05-09 11:43:22,2,757.0,12.62,1.32,2020-05-09
2020-05-09 11:43:22,3,717.0,11.95,1.39,2020-05-09
2020-05-11 15:06:44,1,750.0,12.5,1.34,2020-05-11
2020-05-11 15:06:44,2,713.0,11.88,1.41,2020-05-11
2020-05-11 15:06:44,3,753.0,12.55,1.33,2020-05-11
2020-05-11 15:06:44,4,741.0,12.35,1.35,2020-05-11
2020-05-11 15:06:44,5,711.0,11.85,1.41,2020-05-11
2020-05-11 15:06:44,6,783.0,13.05,1.28,2020-05-11
2020-05-11 15:06:44,7,813.0,13.55,1.23,2020-05-11
2020-05-11 15:06:44,8,831.0,13.85,1.21,2020-05-11
2020-05-16 09:12:02,1,693.0,11.55,1.44,2020-05-16
2020-05-17 16:03:14,1,708.0,11.8,1.41,2020-05-17
2020-05-17 16:03:14,2,771.0,12.85,1.3,2020-05-17
2020-05-20 16:02:39,1,812.0,13.53,1.25,2020-05-20
2020-05-20 16:02:39,2,694.0,11.57,1.44,2020-05-20
2020-05-20 16:02:39,3,734.0,12.23,1.36,2020-05-20
2020-05-20 16:02:39,4,735.0,12.25,1.36,2020-05-20
2020-05-20 16:02:39,5,740.0,12.33,1.35,2020-05-20
2020-05-21 13:52:19,1,676.0,11.27,1.48,2020-05-21
2020-05-21 13:52:19,2,711.0,11.85,1.41,2020-05-21
2020-05-21 13:52:19,3,677.0,11.28,1.48,2020-05-21
2020-05-21 15:45:16,1,737.0,12.28,1.36,2020-05-21
2020-05-21 15:45:16,2,800.0,13.33,1.25,2020-05-21
2020-05-21 15:45:16,3,729.0,12.15,1.37,2020-05-21
2020-05-22 16:46:25,1,688.0,11.47,1.46,2020-05-22
2020-05-22 16:46:25,2,772.0,12.87,1.3,2020-05-22
2020-05-22 16:46:25,3,699.0,11.65,1.43,2020-05-22
2020-05-22 16:46:25,4,699.0,11.65,1.43,2020-05-22
2020-05-23 08:29:12,1,675.0,11.25,1.48,2020-05-23
2020-05-23 08:29:12,2,695.0,11.58,1.44,2020-05-23
2020-05-23 09:35:51,1,653.0,10.88,1.54,2020-05-23
2020-05-23 09:35:51,2,676.0,11.27,1.48,2020-05-23
2020-05-28 11:40:11,1,710.0,11.83,1.41,2020-05-28
2020-05-28 11:40:11,2,756.0,12.6,1.32,2020-05-28
2020-05-28 11:40:11,3,799.0,13.32,1.25,2020-05-28
2020-05-28 11:40:11,4,733.0,12.22,1.37,2020-05-28
2020-05-28 14:20:00,1,767.0,12.78,1.31,2020-05-28
2020-05-28 14:20:00,2,795.0,13.25,1.26,2020-05-28
2020-05-28 14:20:00,3,853.0,14.22,1.17,2020-05-28
2020-05-29 20:54:28,1,796.0,13.27,1.26,2020-05-29
2020-05-30 11:12:14,1,767.0,12.78,1.3,2020-05-30
2020-05-30 11:12:14,2,808.0,13.47,1.24,2020-05-30
2020-05-30 11:12:14,3,511.0,8.52,1.98,2020-05-30
2020-05-30 11:12:14,4,127.0,2.12,7.85,2020-05-30
2020-05-30 09:01:15,1,718.0,11.97,1.4,2020-05-30
2020-05-30 10:03:41,1,726.0,12.1,1.38,2020-05-30
2020-05-30 10:03:41,2,706.0,11.77,1.42,2020-05-30
2020-05-31 17:28:15,1,700.0,11.67,1.43,2020-05-31
2020-05-31 17:28:15,2,657.0,10.95,1.53,2020-05-31
2020-05-31 17:28:15,3,689.0,11.48,1.45,2020-05-31
2020-05-31 17:28:15,4,703.0,11.72,1.43,2020-05-31
2020-05-31 17:28:15,5,883.0,14.72,1.26,2020-05-31
2020-05-31 17:28:15,6,693.0,11.55,1.45,2020-05-31
2020-05-31 17:28:15,7,684.0,11.4,1.46,2020-05-31
2020-05-31 17:28:15,8,707.0,11.78,1.42,2020-05-31
2020-05-31 17:28:15,9,704.0,11.73,1.42,2020-05-31
2020-05-31 17:28:15,10,758.0,12.63,1.32,2020-05-31
2020-06-04 11:17:54,1,602.0,10.03,1.67,2020-06-04
2020-06-04 11:17:54,2,613.0,10.22,1.63,2020-06-04
2020-06-04 11:17:54,3,810.0,13.5,1.23,2020-06-04
2020-06-04 11:17:54,4,713.0,11.88,1.41,2020-06-04
2020-06-04 14:00:09,1,768.0,12.8,1.31,2020-06-04
2020-06-04 14:00:09,2,731.0,12.18,1.37,2020-06-04
2020-06-04 14:00:09,3,724.0,12.07,1.38,2020-06-04
2020-06-05 16:56:43,1,814.0,13.57,1.23,2020-06-05
2020-06-05 16:56:43,2,782.0,13.03,1.28,2020-06-05
2020-06-05 16:56:43,3,1157.0,19.28,1.03,2020-06-05
2020-06-05 16:56:43,4,1024.0,17.07,1.04,2020-06-05
2020-06-05 16:56:43,5,836.0,13.93,1.2,2020-06-05
2020-06-05 16:56:43,6,824.0,13.73,1.21,2020-06-05
2020-06-05 16:56:43,7,826.0,13.77,1.21,2020-06-05
2020-06-06 10:01:41,1,641.0,10.68,1.56,2020-06-06
2020-06-06 10:01:41,2,651.0,10.85,1.54,2020-06-06
2020-06-06 11:02:14,1,681.0,11.35,1.47,2020-06-06
2020-06-06 11:02:14,2,657.0,10.95,1.52,2020-06-06
2020-06-06 14:20:49,1,677.0,11.28,1.53,2020-06-06
2020-06-06 14:20:49,2,716.0,11.93,1.4,2020-06-06
2020-06-06 14:20:49,3,719.0,11.98,1.39,2020-06-06
2020-06-06 14:20:49,4,672.0,11.2,1.49,2020-06-06
2020-06-07 12:32:52,1,595.0,9.92,1.68,2020-06-07
2020-06-07 12:32:52,2,657.0,10.95,1.52,2020-06-07
2020-06-07 12:32:52,3,1080.0,18.0,1.23,2020-06-07
2020-06-07 12:32:52,4,760.0,12.67,1.32,2020-06-07
2020-06-07 14:42:36,1,742.0,12.37,1.35,2020-06-07
2020-06-07 14:42:36,2,794.0,13.23,1.26,2020-06-07
2020-06-07 14:42:36,3,638.0,10.63,1.57,2020-06-07
2020-06-10 10:48:14,1,735.0,12.25,1.37,2020-06-10
2020-06-10 12:36:35,1,792.0,13.2,1.27,2020-06-10
2020-06-11 12:27:02,1,663.0,11.05,1.51,2020-06-11
2020-06-11 12:27:02,2,676.0,11.27,1.48,2020-06-11
2020-06-11 12:27:02,3,693.0,11.55,1.44,2020-06-11
2020-06-12 15:00:44,1,710.0,11.83,1.41,2020-06-12
2020-06-12 15:00:44,2,798.0,13.3,1.26,2020-06-12
2020-06-12 15:00:44,3,1022.0,17.03,0.98,2020-06-12
2020-06-12 15:00:44,4,737.0,12.28,1.36,2020-06-12
2020-06-12 15:00:44,5,752.0,12.53,1.33,2020-06-12
2020-06-13 11:09:37,1,730.0,12.17,1.37,2020-06-13
2020-06-13 09:57:43,1,736.0,12.27,1.36,2020-06-13
2020-06-13 09:57:43,2,727.0,12.12,1.38,2020-06-13
2020-06-13 12:48:15,1,741.0,12.35,1.35,2020-06-13
2020-06-13 12:48:15,2,734.0,12.23,1.36,2020-06-13
2020-06-13 12:48:15,3,716.0,11.93,1.4,2020-06-13
2020-06-18 11:24:42,1,670.0,11.17,1.5,2020-06-18
2020-06-18 13:07:33,1,749.0,12.48,1.34,2020-06-18
2020-06-18 13:07:33,2,852.0,14.2,1.24,2020-06-18
2020-06-18 13:07:33,3,811.0,13.52,1.23,2020-06-18
2020-06-19 13:50:36,1,702.0,11.7,1.43,2020-06-19
2020-06-19 13:50:36,2,717.0,11.95,1.39,2020-06-19
2020-06-19 13:50:36,3,745.0,12.42,1.34,2020-06-19
2020-06-19 15:48:58,1,754.0,12.57,1.33,2020-06-19
2020-06-19 15:48:58,2,810.0,13.5,1.23,2020-06-19
2020-06-19 15:48:58,3,721.0,12.02,1.39,2020-06-19
2020-06-20 10:26:54,1,707.0,11.78,1.42,2020-06-20
2020-06-20 10:26:54,2,714.0,11.9,1.4,2020-06-20
2020-06-20 11:58:57,1,674.0,11.23,1.49,2020-06-20
2020-06-21 13:05:24,1,713.0,11.88,1.41,2020-06-21
2020-06-21 13:05:24,2,671.0,11.18,1.5,2020-06-21
2020-06-21 13:05:24,3,682.0,11.37,1.47,2020-06-21
2020-06-21 13:05:24,4,711.0,11.85,1.41,2020-06-21
2020-06-21 17:29:34,1,727.0,12.12,1.38,2020-06-21
2020-06-21 17:29:34,2,728.0,12.13,1.38,2020-06-21
2020-06-21 17:29:34,3,686.0,11.43,1.46,2020-06-21
2020-06-22 11:21:53,1,793.0,13.22,1.26,2020-06-22
2020-06-22 17:08:03,1,753.0,12.55,1.34,2020-06-22
2020-06-22 17:08:03,2,712.0,11.87,1.41,2020-06-22
2020-06-22 17:08:03,3,629.0,10.48,1.6,2020-06-22
2020-06-22 17:08:03,4,100.0,1.67,9.89,2020-06-22
2020-06-25 19:08:43,1,824.0,13.73,1.21,2020-06-25
2020-06-25 19:08:43,2,854.0,14.23,1.17,2020-06-25
2020-06-25 20:46:08,1,851.0,14.18,1.18,2020-06-25
2020-06-25 20:46:08,2,815.0,13.58,1.23,2020-06-25
2020-06-26 11:03:16,1,863.0,14.38,1.16,2020-06-26
2020-06-27 08:11:47,1,950.0,15.83,1.05,2020-06-27
2020-06-27 07:31:16,1,907.0,15.12,1.11,2020-06-27
2020-07-01 11:00:32,1,683.0,11.38,1.47,2020-07-01
2020-07-01 11:00:32,2,751.0,12.52,1.33,2020-07-01
2020-07-01 11:00:32,3,702.0,11.7,1.46,2020-07-01
2020-07-01 11:00:32,4,677.0,11.28,1.48,2020-07-01
2020-07-01 17:09:54,1,647.0,10.78,1.55,2020-07-01
2020-07-01 17:09:54,2,664.0,11.07,1.51,2020-07-01
2020-07-02 16:48:15,1,703.0,11.72,1.43,2020-07-02
2020-07-02 16:48:15,2,724.0,12.07,1.38,2020-07-02
2020-07-03 12:32:33,1,709.0,11.82,1.41,2020-07-03
2020-07-03 12:32:33,2,705.0,11.75,1.42,2020-07-03
2020-07-03 12:32:33,3,684.0,11.4,1.46,2020-07-03
2020-07-03 12:32:33,4,782.0,13.03,1.31,2020-07-03
2020-07-03 12:32:33,5,681.0,11.35,1.47,2020-07-03
2020-07-03 12:32:33,6,746.0,12.43,1.35,2020-07-03
2020-07-03 12:32:33,7,675.0,11.25,1.48,2020-07-03
2020-07-03 12:32:33,8,713.0,11.88,1.41,2020-07-03
2020-07-03 12:32:33,9,697.0,11.62,1.44,2020-07-03
2020-07-04 10:29:08,1,717.0,11.95,1.39,2020-07-04
2020-07-04 10:29:08,2,685.0,11.42,1.46,2020-07-04
2020-07-04 11:25:40,1,689.0,11.48,1.45,2020-07-04
2020-07-04 11:25:40,2,696.0,11.6,1.44,2020-07-04
2020-07-04 20:09:34,1,665.0,11.08,1.51,2020-07-04
2020-07-04 20:09:34,2,651.0,10.85,1.54,2020-07-04
2020-07-04 15:48:52,1,740.0,12.33,1.35,2020-07-04
2020-07-05 14:01:14,1,753.0,12.55,1.33,2020-07-05
2020-07-05 14:01:14,2,782.0,13.03,1.28,2020-07-05
2020-07-05 14:01:14,3,778.0,12.97,1.29,2020-07-05
2020-07-05 14:01:14,4,726.0,12.1,1.38,2020-07-05
2020-07-05 14:01:14,5,1929.0,32.15,0.86,2020-07-05
2020-07-05 14:01:14,6,919.0,15.32,1.09,2020-07-05
2020-07-05 14:01:14,7,830.0,13.83,1.21,2020-07-05
2020-07-05 14:01:14,8,986.0,16.43,1.06,2020-07-05
2020-07-05 14:01:14,9,801.0,13.35,1.25,2020-07-05
2020-07-09 16:25:20,1,816.0,13.6,1.23,2020-07-09
2020-07-10 19:38:41,1,755.0,12.58,1.33,2020-07-10
2020-07-10 19:38:41,2,738.0,12.3,1.36,2020-07-10
2020-07-10 19:38:41,3,775.0,12.92,1.29,2020-07-10
2020-07-10 19:38:41,4,789.0,13.15,1.27,2020-07-10
2020-07-10 19:38:41,5,773.0,12.88,1.29,2020-07-10
2020-07-12 13:46:02,1,759.0,12.65,1.32,2020-07-12
2020-07-12 13:46:02,2,733.0,12.22,1.36,2020-07-12
2020-07-12 13:46:02,3,734.0,12.23,1.36,2020-07-12
2020-07-13 10:22:15,1,1204.0,20.07,0.85,2020-07-13
2020-07-18 09:07:01,1,670.0,11.17,1.5,2020-07-18
2020-07-18 09:07:01,2,594.0,9.9,1.69,2020-07-18
2020-07-18 09:53:34,1,647.0,10.78,1.55,2020-07-18
2020-07-18 09:53:34,2,634.0,10.57,1.58,2020-07-18
2020-07-20 13:03:36,1,721.0,12.02,1.39,2020-07-20
2020-07-20 13:03:36,2,698.0,11.63,1.43,2020-07-20
2020-07-20 13:03:36,3,710.0,11.83,1.41,2020-07-20
2020-07-20 13:03:36,4,718.0,11.97,1.39,2020-07-20
2020-07-20 13:03:36,5,708.0,11.8,1.41,2020-07-20
2020-07-20 13:03:36,6,703.0,11.72,1.43,2020-07-20
2020-07-20 13:03:36,7,770.0,12.83,1.3,2020-07-20
2020-07-20 13:03:36,8,727.0,12.12,1.38,2020-07-20
2020-07-20 13:03:36,9,1859.0,30.98,1.35,2020-07-20
2020-07-20 13:03:36,10,675.0,11.25,1.48,2020-07-20
2020-07-20 13:03:36,11,687.0,11.45,1.46,2020-07-20
2020-07-25 11:07:18,1,722.0,12.03,1.39,2020-07-25
2020-07-25 11:07:18,2,700.0,11.67,1.43,2020-07-25
2020-08-03 13:38:34,1,735.0,12.25,1.36,2020-08-03
2020-08-03 13:38:34,2,690.0,11.5,1.45,2020-08-03
2020-08-03 13:38:34,3,700.0,11.67,1.43,2020-08-03
2020-08-03 13:38:34,4,728.0,12.13,1.37,2020-08-03
2020-08-03 13:38:34,5,715.0,11.92,1.42,2020-08-03
2020-08-22 16:34:35,1,642.0,10.7,1.56,2020-08-22
2020-08-22 16:34:35,2,635.0,10.58,1.58,2020-08-22
2020-08-22 16:34:35,3,693.0,11.55,1.44,2020-08-22
2020-08-22 16:34:35,4,731.0,12.18,1.37,2020-08-22
2020-08-22 16:34:35,5,685.0,11.42,1.46,2020-08-22
2020-09-05 13:35:37,1,149.0,2.48,6.67,2020-09-05
2020-09-05 13:35:37,2,237.0,3.95,4.23,2020-09-05
2020-09-05 13:35:37,3,683.0,11.38,3.69,2020-09-05
2020-09-05 13:35:37,4,231.0,3.85,4.33,2020-09-05
2020-09-05 13:35:37,5,196.0,3.27,5.17,2020-09-05
2020-09-05 13:35:37,6,152.0,2.53,6.56,2020-09-05
2020-09-05 13:35:37,7,150.0,2.5,6.66,2020-09-05
2020-09-05 13:35:37,8,172.0,2.87,5.81,2020-09-05
2020-09-05 13:35:37,9,150.0,2.5,6.7,2020-09-05
2020-09-05 13:35:37,10,145.0,2.42,6.86,2020-09-05
2020-09-05 13:35:37,11,149.0,2.48,6.74,2020-09-05
2020-09-05 13:35:37,12,149.0,2.48,6.7,2020-09-05
2020-09-05 13:35:37,13,171.0,2.85,5.87,2020-09-05
2020-09-05 15:21:42,1,156.0,2.6,6.39,2020-09-05
2020-09-05 15:21:42,2,167.0,2.78,6.03,2020-09-05
2020-09-05 15:21:42,3,198.0,3.3,5.06,2020-09-05
2020-09-05 15:21:42,4,207.0,3.45,4.84,2020-09-05
2020-09-05 15:21:42,5,339.0,5.65,2.97,2020-09-05
2020-09-05 15:21:42,6,180.0,3.0,5.56,2020-09-05
2020-09-05 15:21:42,7,188.0,3.13,5.33,2020-09-05
2020-09-05 15:21:42,8,172.0,2.87,5.83,2020-09-05
2020-09-05 15:21:42,9,168.0,2.8,5.97,2020-09-05
2020-09-05 15:21:42,10,178.0,2.97,5.63,2020-09-05
2020-09-05 15:21:42,11,177.0,2.95,5.63,2020-09-05
2020-09-05 15:21:42,12,156.0,2.6,6.44,2020-09-05
2020-09-05 15:21:42,13,179.0,2.98,5.57,2020-09-05
2020-09-05 15:21:42,14,222.0,3.7,4.51,2020-09-05
2020-09-05 15:21:42,15,180.0,3.0,5.55,2020-09-05
2020-09-21 10:32:00,1,749.0,12.48,1.34,2020-09-21
2020-09-21 10:32:00,2,735.0,12.25,1.36,2020-09-21
2020-09-21 10:32:00,3,780.0,13.0,1.29,2020-09-21
2020-09-21 10:32:00,4,1563.0,26.05,1.31,2020-09-21
2020-09-21 10:32:00,5,524.0,8.73,1.0,2020-09-21
2020-09-21 10:32:00,6,749.0,12.48,1.34,2020-09-21
2020-09-21 10:32:00,7,768.0,12.8,1.3,2020-09-21
2020-09-21 10:32:00,8,781.0,13.02,1.28,2020-09-21
2020-09-21 10:32:00,9,796.0,13.27,1.26,2020-09-21
2020-09-21 10:32:00,10,796.0,13.27,1.26,2020-09-21
2020-10-05 12:50:18,1,679.0,11.32,1.47,2020-10-05
2020-10-05 12:50:18,2,2733.0,45.55,1.47,2020-10-05
2020-10-05 12:50:18,3,692.0,11.53,1.45,2020-10-05
2020-10-05 12:50:18,4,745.0,12.42,1.35,2020-10-05
2020-10-25 12:26:25,1,405.0,6.75,2.48,2020-10-25
2020-10-30 16:46:43,1,758.0,12.63,1.32,2020-10-30
2020-10-31 12:50:09,1,1395.0,23.25,0.73,2020-10-31
2020-10-31 12:50:09,2,1860.0,31.0,0.6,2020-10-31
2020-10-31 12:50:09,3,1830.0,30.5,0.74,2020-10-31
2020-10-31 12:50:09,4,905.0,15.08,1.11,2020-10-31
2020-11-01 12:27:48,1,1150.0,19.17,0.96,2020-11-01
2020-11-01 12:27:48,2,1485.0,24.75,0.67,2020-11-01
2020-11-01 12:27:48,3,1116.0,18.6,0.9,2020-11-01
2020-11-01 12:27:48,4,902.0,15.03,1.11,2020-11-01
2020-11-01 12:27:48,5,755.0,12.58,1.33,2020-11-01
2020-11-07 08:32:02,1,621.0,10.35,1.61,2020-11-07
2020-11-07 08:32:02,2,5216.0,86.93,0.31,2020-11-07
2020-11-27 16:03:36,1,606.0,10.1,1.65,2020-11-27
2020-11-27 16:03:36,2,930.0,15.5,1.51,2020-11-27
2020-11-27 16:03:36,3,705.0,11.75,1.42,2020-11-27
2020-12-01 16:00:16,1,746.0,12.43,1.34,2020-12-01
2020-12-01 16:00:16,2,739.0,12.32,1.35,2020-12-01
2020-12-01 16:00:16,3,703.0,11.72,1.42,2020-12-01
2020-12-08 16:26:18,1,617.0,10.28,1.62,2020-12-08
2020-12-08 16:26:18,2,630.0,10.5,1.59,2020-12-08
2020-12-12 14:38:27,1,337.0,5.62,2.97,2020-12-12
2020-12-12 14:38:27,2,327.0,5.45,3.07,2020-12-12
2020-12-12 14:38:27,3,323.0,5.38,3.09,2020-12-12
2020-12-12 14:38:27,4,325.0,5.42,3.1,2020-12-12
2020-12-12 14:38:27,5,313.0,5.22,3.18,2020-12-12
2020-12-12 14:38:27,6,322.0,5.37,3.12,2020-12-12
2020-12-12 14:38:27,7,318.0,5.3,3.15,2020-12-12
2020-12-12 14:38:27,8,323.0,5.38,3.11,2020-12-12
2020-12-12 14:38:27,9,335.0,5.58,2.98,2020-12-12
2020-12-12 14:38:27,10,500.0,8.33,2.0,2020-12-12
2020-12-16 14:13:24,1,703.0,11.72,1.43,2020-12-16
2020-12-16 14:13:24,2,656.0,10.93,1.52,2020-12-16
2020-12-16 14:13:24,3,694.0,11.57,1.44,2020-12-16
2020-12-16 14:13:24,4,749.0,12.48,1.34,2020-12-16
2021-01-16 17:26:39,1,622.0,10.37,1.61,2021-01-16
2021-01-16 17:26:39,2,611.0,10.18,1.64,2021-01-16
2021-01-16 17:26:39,3,600.0,10.0,1.67,2021-01-16
2021-01-27 15:25:34,1,617.0,10.28,1.63,2021-01-27
2021-01-27 15:25:34,2,1402.0,23.37,1.45,2021-01-27
2021-01-27 15:25:34,3,645.0,10.75,1.55,2021-01-27
2021-02-07 19:33:55,1,783.0,13.05,1.28,2021-02-07
2021-02-07 19:33:55,2,726.0,12.1,1.38,2021-02-07
2021-02-07 12:54:21,1,667.0,11.12,1.5,2021-02-07
2021-02-07 12:54:21,2,699.0,11.65,1.43,2021-02-07
2021-02-07 12:54:21,3,695.0,11.58,1.44,2021-02-07
2021-02-07 12:54:21,4,1343.0,22.38,0.91,2021-02-07
2021-02-07 12:54:21,5,907.0,15.12,1.1,2021-02-07
2021-02-07 12:54:21,6,795.0,13.25,1.26,2021-02-07
2021-02-07 15:38:17,1,758.0,12.63,1.32,2021-02-07
2021-02-07 15:38:17,2,755.0,12.58,1.32,2021-02-07
2021-02-10 11:23:45,1,772.0,12.87,1.3,2021-02-10
2021-02-10 11:23:45,2,741.0,12.35,1.35,2021-02-10
2021-02-10 11:23:45,3,721.0,12.02,1.39,2021-02-10
2021-02-10 15:29:03,1,632.0,10.53,1.59,2021-02-10
2021-02-10 15:29:03,2,682.0,11.37,1.47,2021-02-10
2021-02-10 15:29:03,3,705.0,11.75,1.42,2021-02-10
2021-02-13 12:18:04,1,899.0,14.98,1.11,2021-02-13
2021-02-13 12:18:04,2,1593.0,26.55,0.77,2021-02-13
2021-02-13 12:18:04,3,1690.0,28.17,0.75,2021-02-13
2021-02-13 12:18:04,4,879.0,14.65,1.14,2021-02-13
2021-02-20 14:16:21,1,859.0,14.32,1.16,2021-02-20
2021-02-20 14:16:21,2,889.0,14.82,1.13,2021-02-20
2021-02-20 14:16:21,3,767.0,12.78,1.31,2021-02-20
2021-02-20 14:16:21,4,781.0,13.02,1.28,2021-02-20
2021-02-21 13:40:01,1,1039.0,17.32,1.2,2021-02-21
2021-02-24 10:14:06,1,769.0,12.82,1.3,2021-02-24
2021-02-24 10:14:06,2,836.0,13.93,1.2,2021-02-24
2021-02-24 10:14:06,3,1248.0,20.8,0.93,2021-02-24
2021-02-24 10:14:06,4,1049.0,17.48,0.96,2021-02-24
2021-03-06 12:28:12,1,627.0,10.45,1.6,2021-03-06
2021-03-06 15:08:58,1,715.0,11.92,1.4,2021-03-06
2021-03-08 17:07:34,1,741.0,12.35,1.35,2021-03-08
2021-03-15 07:44:45,1,651.0,10.85,1.54,2021-03-15
2021-03-15 07:44:45,2,618.0,10.3,1.62,2021-03-15
2021-03-16 15:35:37,1,574.0,9.57,1.75,2021-03-16
2021-03-16 15:35:37,2,718.0,11.97,1.57,2021-03-16
2021-03-16 15:35:37,3,597.0,9.95,1.68,2021-03-16
2021-04-01 15:35:37,1,678.0,11.3,1.48,2021-04-01
2021-04-04 08:52:13,1,683.0,11.38,1.46,2021-04-04
2021-04-04 08:52:13,2,693.0,11.55,1.45,2021-04-04
2021-04-06 09:08:03,1,181.0,3.02,5.28,2021-04-06
2021-04-06 09:08:03,2,205.0,3.42,6.4,2021-04-06
2021-04-06 09:08:03,3,151.0,2.52,6.36,2021-04-06
2021-04-06 09:08:03,4,155.0,2.58,6.29,2021-04-06
2021-04-06 10:35:25,1,231.0,3.85,6.01,2021-04-06
2021-04-06 10:35:25,2,164.0,2.73,6.25,2021-04-06
2021-04-06 10:35:25,3,153.0,2.55,6.34,2021-04-06
2021-04-08 07:27:32,1,623.0,10.38,1.61,2021-04-08
2021-04-09 10:32:00,1,146.0,2.43,6.84,2021-04-09
2021-04-09 10:32:00,2,170.0,2.83,6.35,2021-04-09
2021-04-09 10:32:00,3,144.0,2.4,6.85,2021-04-09
2021-04-09 12:05:38,1,176.0,2.93,6.18,2021-04-09
2021-04-09 12:05:38,2,177.0,2.95,5.93,2021-04-09
2021-04-09 12:05:38,3,144.0,2.4,6.85,2021-04-09
2021-04-12 06:02:46,1,630.0,10.5,1.59,2021-04-12
2021-04-12 06:02:46,2,612.0,10.2,1.64,2021-04-12
2021-04-13 05:49:53,1,692.0,11.53,1.45,2021-04-13
2021-04-13 05:49:53,2,712.0,11.87,1.4,2021-04-13
2021-04-16 10:24:24,1,151.0,2.52,6.27,2021-04-16
2021-04-16 10:24:24,2,205.0,3.42,5.44,2021-04-16
2021-04-16 10:24:24,3,149.0,2.48,6.57,2021-04-16
2021-04-16 07:01:21,1,149.0,2.48,6.74,2021-04-16
2021-04-16 07:01:21,2,213.0,3.55,6.21,2021-04-16
2021-04-16 07:01:21,3,144.0,2.4,6.82,2021-04-16
2021-04-16 07:01:21,4,432.0,7.2,4.03,2021-04-16
2021-04-17 06:27:44,1,728.0,12.13,1.37,2021-04-17
2021-05-30 09:36:59,1,869.0,14.48,1.16,2021-05-30
2021-05-30 09:36:59,2,1168.0,19.47,0.86,2021-05-30
2021-05-30 11:37:10,1,880.0,14.67,1.14,2021-05-30
2021-06-01 10:46:58,1,731.0,12.18,1.37,2021-06-01
2021-06-01 05:51:33,1,745.0,12.42,1.34,2021-06-01
2021-06-01 05:51:33,2,788.0,13.13,1.27,2021-06-01
2021-06-02 14:33:28,1,737.0,12.28,1.36,2021-06-02
2021-06-02 14:33:28,2,712.0,11.87,1.4,2021-06-02
2021-06-02 14:33:28,3,665.0,11.08,1.5,2021-06-02
2021-06-03 07:05:49,1,710.0,11.83,1.41,2021-06-03
2021-06-03 07:05:49,2,728.0,12.13,1.37,2021-06-03
2021-06-03 07:05:49,3,702.0,11.7,1.43,2021-06-03
2021-06-05 19:53:17,1,3995.0,66.58,0.39,2021-06-05
2021-06-05 05:47:33,1,542.0,9.03,1.85,2021-06-05
2021-06-05 05:47:33,2,568.0,9.47,1.76,2021-06-05
2021-06-05 07:23:19,1,487.0,8.12,2.07,2021-06-05
2021-06-07 08:34:54,1,251.0,4.18,5.8,2021-06-07
2021-06-07 08:34:54,2,156.0,2.6,6.37,2021-06-07
2021-06-07 08:34:54,3,142.0,2.37,6.88,2021-06-07
2021-06-07 08:34:54,4,220.0,3.67,5.66,2021-06-07
2021-06-07 10:15:02,1,192.0,3.2,6.34,2021-06-07
2021-06-07 10:15:02,2,157.0,2.62,6.28,2021-06-07
2021-06-07 10:15:02,3,144.0,2.4,6.89,2021-06-07
2021-06-07 14:01:23,1,690.0,11.5,1.45,2021-06-07
2021-06-07 14:01:23,2,673.0,11.22,1.49,2021-06-07
2021-06-07 15:10:36,1,710.0,11.83,1.42,2021-06-07
2021-06-08 11:57:48,1,735.0,12.25,1.36,2021-06-08
2021-06-08 11:57:48,2,711.0,11.85,1.41,2021-06-08
2021-06-08 11:57:48,3,641.0,10.68,1.56,2021-06-08
2021-06-08 11:57:48,4,708.0,11.8,1.41,2021-06-08
2021-06-08 14:50:48,1,697.0,11.62,1.44,2021-06-08
2021-06-08 14:50:48,2,827.0,13.78,1.21,2021-06-08
2021-06-08 14:50:48,3,691.0,11.52,1.45,2021-06-08
2021-06-15 11:44:05,1,227.0,3.78,6.03,2021-06-15
2021-06-15 11:44:05,2,158.0,2.63,6.28,2021-06-15
2021-06-16 12:15:15,1,162.0,2.7,6.03,2021-06-16
2021-06-16 12:15:15,2,180.0,3.0,6.07,2021-06-16
2021-06-16 12:15:15,3,215.0,3.58,6.44,2021-06-16
2021-08-29 06:01:09,1,2543.0,42.38,0.4,2021-08-29
2022-04-11 13:24:18,1,704.0,11.73,1.42,2022-04-11
2022-04-11 13:24:18,2,729.0,12.15,1.37,2022-04-11
2022-04-11 13:24:18,3,823.0,13.72,1.21,2022-04-11
2022-04-11 13:24:18,4,893.0,14.88,1.12,2022-04-11
2022-04-11 13:24:18,5,721.0,12.02,1.38,2022-04-11
2022-04-11 13:24:18,6,730.0,12.17,1.37,2022-04-11
2022-04-16 14:04:26,1,751.0,12.52,1.33,2022-04-16
2022-04-16 14:04:26,2,844.0,14.07,1.18,2022-04-16
2022-04-16 14:04:26,3,822.0,13.7,1.22,2022-04-16
2022-04-16 14:04:26,4,717.0,11.95,1.4,2022-04-16
2022-05-04 11:34:52,1,963.0,16.05,1.04,2022-05-04
2022-05-04 11:34:52,2,2123.0,35.38,0.81,2022-05-04
2022-05-09 13:46:05,1,729.0,12.15,1.37,2022-05-09
2022-05-09 13:46:05,2,1095.0,18.25,0.92,2022-05-09
2022-05-09 13:46:05,3,795.0,13.25,1.26,2022-05-09
2022-05-09 13:46:05,4,1364.0,22.73,1.15,2022-05-09
2022-05-26 14:16:59,1,745.0,12.42,1.34,2022-05-26
2022-05-26 14:16:59,2,722.0,12.03,1.39,2022-05-26
2022-05-26 14:16:59,3,741.0,12.35,1.35,2022-05-26
2022-05-26 14:16:59,4,790.0,13.17,1.26,2022-05-26
2022-05-31 10:54:05,1,4379.0,72.98,0.39,2022-05-31
2022-05-31 10:54:05,2,3687.0,61.45,0.5,2022-05-31
2022-05-31 10:54:05,3,112.0,1.87,8.87,2022-05-31
2022-06-27 12:41:34,1,1387.0,23.12,1.15,2022-06-27
2022-06-27 12:41:34,2,678.0,11.3,1.47,2022-06-27
2022-06-27 12:41:34,3,836.0,13.93,1.2,2022-06-27
2022-06-27 12:41:34,4,721.0,12.02,1.39,2022-06-27
2022-06-29 14:25:30,1,900.0,15.0,1.21,2022-06-29
2022-06-29 14:25:30,2,740.0,12.33,1.35,2022-06-29
2022-06-29 14:25:30,3,685.0,11.42,1.46,2022-06-29
2022-08-03 16:01:08,1,1127.0,18.78,1.07,2022-08-03
2022-08-22 13:42:09,1,817.0,13.62,1.22,2022-08-22
2022-08-22 13:42:09,2,1249.0,20.82,0.8,2022-08-22
2022-08-22 13:42:09,3,1043.0,17.38,0.96,2022-08-22
2022-08-28 14:58:30,1,1580.0,26.33,0.57,2022-08-28
2022-08-29 14:14:25,1,858.0,14.3,1.17,2022-08-29
2022-08-29 14:14:25,2,879.0,14.65,1.14,2022-08-29
2022-09-02 16:13:33,1,930.0,15.5,1.08,2022-09-02
2022-09-02 16:13:33,2,890.0,14.83,1.13,2022-09-02
2022-09-09 15:00:29,1,1152.0,19.2,0.85,2022-09-09
2022-09-09 15:00:29,2,901.0,15.02,1.11,2022-09-09
2022-09-16 15:59:33,1,1738.0,28.97,0.59,2022-09-16
2022-09-16 15:59:33,2,203.0,3.38,4.79,2022-09-16
2022-09-16 15:59:33,3,88.0,1.47,11.39,2022-09-16
2022-09-16 15:59:33,4,132.0,2.2,7.6,2022-09-16
2022-09-16 15:59:33,5,54.0,0.9,18.41,2022-09-16
2022-09-16 15:59:33,6,38.0,0.63,26.4,2022-09-16
2022-09-16 15:59:33,7,37.0,0.62,26.92,2022-09-16
2022-09-16 15:59:33,8,38.0,0.63,26.97,2022-09-16
2022-09-16 15:59:33,9,37.0,0.62,27.0,2022-09-16
2022-09-23 11:08:55,1,1049.0,17.48,0.95,2022-09-23
2022-09-25 08:35:48,1,1738.0,28.97,0.53,2022-09-25
2022-09-25 08:35:48,2,1147.0,19.12,0.8,2022-09-25
2022-09-25 08:35:48,3,1462.0,24.37,0.69,2022-09-25
2022-09-25 08:35:48,4,1170.0,19.5,0.85,2022-09-25
2022-09-25 08:35:48,5,1690.0,28.17,0.59,2022-09-25
2022-09-25 08:35:48,6,850.0,14.17,1.18,2022-09-25
2022-09-25 08:35:48,7,1304.0,21.73,0.8,2022-09-25
2022-09-25 08:35:48,8,114.0,1.9,8.76,2022-09-25
2022-09-25 08:35:48,9,90.0,1.5,10.96,2022-09-25
2022-09-25 08:35:48,10,121.0,2.02,8.3,2022-09-25
2022-09-25 08:35:48,11,126.0,2.1,7.99,2022-09-25
2022-09-25 08:35:48,12,120.0,2.0,8.37,2022-09-25
2022-09-25 08:35:48,13,100.0,1.67,10.01,2022-09-25
2022-09-25 08:35:48,14,159.0,2.65,6.31,2022-09-25
2022-09-25 08:35:48,15,103.0,1.72,9.71,2022-09-25
2022-09-25 08:35:48,16,381.0,6.35,2.65,2022-09-25
2022-10-09 14:45:15,1,739.0,12.32,1.36,2022-10-09
2022-10-09 14:45:15,2,727.0,12.12,1.38,2022-10-09
2022-10-09 14:45:15,3,801.0,13.35,1.25,2022-10-09
2022-10-09 14:45:15,4,488.0,8.13,2.08,2022-10-09
2022-10-09 14:45:15,5,68.0,1.13,14.67,2022-10-09
2022-10-09 14:45:15,6,110.0,1.83,9.06,2022-10-09
2022-10-29 13:32:34,1,804.0,13.4,1.25,2022-10-29
2022-10-29 13:32:34,2,2153.0,35.88,1.25,2022-10-29
2022-10-29 13:32:34,3,925.0,15.42,1.08,2022-10-29
2022-10-29 13:32:34,4,1632.0,27.2,0.62,2022-10-29
2022-11-04 13:24:00,1,998.0,16.63,1.0,2022-11-04
2023-06-30 18:19:10,1,5197.0,86.62,0.19,2023-06-30
2023-09-04 13:00:58,1,222.0,3.7,4.52,2023-09-04
2023-09-04 13:00:58,2,210.0,3.5,4.81,2023-09-04
2023-09-04 13:00:58,3,243.0,4.05,4.1,2023-09-04
2023-09-04 13:00:58,4,357.0,5.95,2.81,2023-09-04
2023-09-04 13:00:58,5,322.0,5.37,3.11,2023-09-04
2023-09-04 13:00:58,6,275.0,4.58,3.65,2023-09-04
2023-09-04 13:00:58,7,216.0,3.6,4.64,2023-09-04
2023-09-05 11:01:51,1,558.0,9.3,1.8,2023-09-05
2023-09-05 11:01:51,2,416.0,6.93,2.41,2023-09-05
2023-09-05 11:01:51,3,330.0,5.5,3.04,2023-09-05
2023-09-05 11:01:51,4,438.0,7.3,2.29,2023-09-05
2023-09-05 11:01:51,5,330.0,5.5,3.04,2023-09-05
2023-09-05 11:01:51,6,383.0,6.38,2.61,2023-09-05
2023-09-05 11:01:51,7,270.0,4.5,3.72,2023-09-05
2023-09-05 11:01:51,8,425.0,7.08,2.37,2023-09-05
2023-09-05 11:01:51,9,1317.0,21.95,1.01,2023-09-05
2023-09-05 11:01:51,10,1946.0,32.43,0.22,2023-09-05
2023-09-05 11:01:51,11,580.0,9.67,1.73,2023-09-05
2023-09-05 11:01:51,12,461.0,7.68,2.18,2023-09-05
2023-09-05 11:01:51,13,571.0,9.52,1.75,2023-09-05
2023-09-05 11:01:51,14,259.0,4.32,3.85,2023-09-05
2023-09-05 11:01:51,15,353.0,5.88,2.85,2023-09-05
2023-09-05 11:01:51,16,356.0,5.93,2.82,2023-09-05
2023-09-05 11:01:51,17,498.0,8.3,2.01,2023-09-05
2024-01-01 14:51:12,1,1143.0,19.05,0.88,2024-01-01
2024-01-16 17:16:32,1,698.0,11.63,1.43,2024-01-16
2024-02-20 16:55:25,1,2702.0,45.03,0.41,2024-02-20
2024-02-20 16:55:25,2,1737.0,28.95,0.59,2024-02-20
2024-02-28 14:22:01,1,727.0,12.12,1.38,2024-02-28
2024-02-28 14:22:01,2,790.0,13.17,1.26,2024-02-28
2024-02-28 14:22:01,3,721.0,12.02,1.39,2024-02-28
2024-02-28 14:22:01,4,2518.0,41.97,0.72,2024-02-28
2024-02-28 14:22:01,5,683.0,11.38,1.35,2024-02-28
2024-02-28 14:22:01,6,768.0,12.8,1.3,2024-02-28
2024-03-22 13:49:31,1,380.0,6.33,2.63,2024-03-22
2024-03-22 13:49:31,2,350.0,5.83,2.85,2024-03-22
2024-03-22 13:49:31,3,344.0,5.73,2.91,2024-03-22
2024-03-22 13:49:31,4,334.0,5.57,3.0,2024-03-22
2024-03-22 13:49:31,5,349.0,5.82,2.86,2024-03-22
2024-03-22 13:49:31,6,470.0,7.83,2.13,2024-03-22
2024-03-22 13:49:31,7,424.0,7.07,2.36,2024-03-22
2024-03-22 13:49:31,8,529.0,8.82,1.89,2024-03-22
2024-04-01 14:45:15,1,818.0,13.63,1.23,2024-04-01
2024-04-01 14:45:15,2,737.0,12.28,1.35,2024-04-01
2024-04-01 14:45:15,3,1295.0,21.58,0.77,2024-04-01
2024-04-08 10:47:44,1,717.0,11.95,1.4,2024-04-08
2024-04-15 10:56:35,1,750.0,12.5,1.34,2024-04-15
2024-04-15 14:57:39,1,735.0,12.25,1.36,2024-04-15
2024-04-21 09:33:48,1,341.0,5.68,2.93,2024-04-21
2024-04-21 09:33:48,2,334.0,5.57,2.99,2024-04-21
2024-04-21 09:33:48,3,319.0,5.32,3.13,2024-04-21
2024-04-21 09:33:48,4,419.0,6.98,3.01,2024-04-21
2024-04-21 09:33:48,5,388.0,6.47,3.1,2024-04-21
2024-04-21 09:33:48,6,318.0,5.3,3.14,2024-04-21
2024-05-05 17:05:21,1,731.0,12.18,1.37,2024-05-05
2024-05-05 17:05:21,2,805.0,13.42,1.24,2024-05-05
2024-05-14 16:38:11,1,926.0,15.43,1.08,2024-05-14
2024-05-14 16:38:11,2,1139.0,18.98,0.88,2024-05-14
2024-05-14 16:38:11,3,2023.0,33.72,0.49,2024-05-14
2024-05-14 16:38:11,4,816.0,13.6,1.23,2024-05-14
2024-05-17 12:25:06,1,304.0,5.07,3.29,2024-05-17
2024-05-17 12:25:06,2,299.0,4.98,3.33,2024-05-17
2024-05-17 12:25:06,3,291.0,4.85,3.45,2024-05-17
2024-05-17 12:25:06,4,291.0,4.85,3.44,2024-05-17
2024-05-17 12:25:06,5,298.0,4.97,3.35,2024-05-17
2024-05-17 12:25:06,6,296.0,4.93,3.37,2024-05-17
2024-05-23 17:07:35,1,680.0,11.33,1.47,2024-05-23
2024-05-23 17:07:35,2,893.0,14.88,1.12,2024-05-23
2024-05-23 17:07:35,3,1485.0,24.75,0.67,2024-05-23
2024-05-23 17:07:35,4,1379.0,22.98,0.73,2024-05-23
2024-05-23 17:07:35,5,982.0,16.37,1.02,2024-05-23
2024-06-05 12:02:27,1,145.0,2.42,6.88,2024-06-05
2024-06-05 12:02:27,2,216.0,3.6,4.65,2024-06-05
2024-06-05 12:02:27,3,160.0,2.67,6.31,2024-06-05
2024-06-05 13:35:36,1,179.0,2.98,5.64,2024-06-05
2024-06-05 13:35:36,2,167.0,2.78,6.0,2024-06-05
2024-06-05 13:35:36,3,198.0,3.3,5.07,2024-06-05
2024-06-05 13:35:36,4,197.0,3.28,5.09,2024-06-05
2024-06-05 15:44:22,1,156.0,2.6,6.62,2024-06-05
2024-06-05 15:44:22,2,239.0,3.98,4.2,2024-06-05
2024-06-05 15:44:22,3,204.0,3.4,4.94,2024-06-05
2024-06-08 13:35:46,1,1193.0,19.88,1.26,2024-06-08
2024-06-08 13:35:46,2,3253.0,54.22,1.09,2024-06-08
2024-06-08 13:35:46,3,1.0,0.02,0.06,2024-06-08
2024-06-08 13:35:46,4,538.0,8.97,1.16,2024-06-08
2024-06-08 13:35:46,5,1709.0,28.48,0.58,2024-06-08
2024-06-08 13:35:46,6,1166.0,19.43,0.86,2024-06-08
2024-06-09 14:47:43,1,184.0,3.07,5.47,2024-06-09
2024-06-09 14:47:43,2,213.0,3.55,4.69,2024-06-09
2024-06-09 14:47:43,3,331.0,5.52,3.02,2024-06-09
2024-06-09 14:47:43,4,1222.0,20.37,0.05,2024-06-09
2024-06-09 14:47:43,5,1.0,0.02,4.47,2024-06-09
2024-06-09 14:47:43,6,108.0,1.8,4.37,2024-06-09
2024-06-09 14:47:43,7,228.0,3.8,4.4,2024-06-09
2024-06-09 14:47:43,8,1243.0,20.72,1.0,2024-06-09
2024-06-10 14:46:04,1,1036.0,17.27,0.96,2024-06-10
2024-06-10 14:46:04,2,1377.0,22.95,0.73,2024-06-10
2024-06-10 14:46:04,3,1136.0,18.93,0.88,2024-06-10
2024-06-17 14:19:31,1,1440.0,24.0,0.7,2024-06-17
2024-06-30 13:53:49,1,1520.0,25.33,0.85,2024-06-30
2024-06-30 13:53:49,2,1733.0,28.88,0.52,2024-06-30
2024-06-30 13:53:49,3,1565.0,26.08,0.63,2024-06-30
2024-07-21 11:12:08,1,163.0,2.72,6.16,2024-07-21
2024-07-21 11:12:08,2,152.0,2.53,6.64,2024-07-21
2024-07-21 11:12:08,3,154.0,2.57,6.5,2024-07-21
2024-07-21 11:12:08,4,195.0,3.25,5.14,2024-07-21
2024-07-21 11:12:08,5,190.0,3.17,5.27,2024-07-21
2024-07-21 09:55:34,1,183.0,3.05,5.5,2024-07-21
2024-07-21 09:55:34,2,150.0,2.5,6.67,2024-07-21
2024-07-21 09:55:34,3,477.0,7.95,2.11,2024-07-21
2024-07-21 09:55:34,4,185.0,3.08,5.38,2024-07-21
2024-07-21 09:55:34,5,190.0,3.17,5.32,2024-07-21
2024-07-21 17:32:58,1,442.0,7.37,2.27,2024-07-21
2024-07-21 17:32:58,2,282.0,4.7,3.56,2024-07-21
2024-07-21 17:32:58,3,191.0,3.18,5.25,2024-07-21
2024-07-24 10:24:24,1,145.0,2.42,6.94,2024-07-24
2024-07-25 14:21:27,1,144.0,2.4,6.99,2024-07-25
2024-07-25 14:21:27,2,150.0,2.5,6.68,2024-07-25
2024-07-25 15:35:03,1,210.0,3.5,4.81,2024-07-25
2024-07-25 15:35:03,2,160.0,2.67,6.3,2024-07-25
2024-07-29 17:24:50,1,238.0,3.97,4.22,2024-07-29
2024-08-09 11:57:03,1,150.0,2.5,6.72,2024-08-09
2024-08-09 11:57:03,2,151.0,2.52,6.66,2024-08-09
2024-08-09 11:57:03,3,147.0,2.45,6.82,2024-08-09
2024-08-09 13:03:08,1,139.0,2.32,7.22,2024-08-09
2024-08-09 13:03:08,2,168.0,2.8,6.01,2024-08-09
2024-08-09 13:03:08,3,182.0,3.03,5.52,2024-08-09
2024-08-09 13:03:08,4,152.0,2.53,6.57,2024-08-09
2024-08-12 10:51:56,1,147.0,2.45,6.86,2024-08-12
2024-08-12 10:51:56,2,145.0,2.42,6.89,2024-08-12
2024-08-12 10:51:56,3,154.0,2.57,6.55,2024-08-12
2024-08-12 10:51:56,4,197.0,3.28,5.1,2024-08-12
2024-08-12 10:51:56,5,177.0,2.95,5.66,2024-08-12
2024-08-12 09:49:10,1,152.0,2.53,6.63,2024-08-12
2024-08-12 09:49:10,2,144.0,2.4,6.97,2024-08-12
2024-08-12 09:49:10,3,142.0,2.37,7.08,2024-08-12
2024-08-12 09:49:10,4,139.0,2.32,7.23,2024-08-12
2024-08-24 12:56:01,1,217.0,3.62,4.63,2024-08-24
2024-08-24 15:33:03,1,230.0,3.83,4.39,2024-08-24
2024-08-30 13:03:25,1,172.0,2.87,5.82,2024-08-30
2024-08-30 13:03:25,2,306.0,5.1,3.29,2024-08-30
2024-08-30 13:03:25,3,147.0,2.45,6.82,2024-08-30
2024-08-30 14:10:59,1,142.0,2.37,7.1,2024-08-30
2024-08-30 14:10:59,2,142.0,2.37,7.06,2024-08-30
2024-08-30 14:10:59,3,142.0,2.37,7.06,2024-08-30
2024-08-30 14:10:59,4,251.0,4.18,4.0,2024-08-30
2024-08-30 14:10:59,5,171.0,2.85,5.84,2024-08-30
2024-09-02 11:21:57,1,922.0,15.37,1.09,2024-09-02
2024-09-02 11:21:57,2,533.0,8.88,1.88,2024-09-02
2024-09-05 07:54:01,1,1137.0,18.95,0.88,2024-09-05
2024-09-10 19:23:11,1,1134.0,18.9,0.88,2024-09-10
2024-09-10 08:41:52,1,770.0,12.83,1.3,2024-09-10
2024-09-10 14:14:08,1,1088.0,18.13,1.1,2024-09-10
2024-09-10 16:39:31,1,800.0,13.33,1.25,2024-09-10
2024-09-16 09:16:21,1,947.0,15.78,1.06,2024-09-16
2024-09-16 09:16:21,2,1483.0,24.72,0.67,2024-09-16
2024-09-18 10:31:42,1,1049.0,17.48,0.95,2024-09-18
2024-09-18 10:31:42,2,2767.0,46.12,0.36,2024-09-18
2024-09-23 11:34:17,1,176.0,2.93,5.74,2024-09-23
2024-09-23 11:34:17,2,158.0,2.63,6.32,2024-09-23
2024-10-01 10:38:33,1,666.0,11.1,1.51,2024-10-01
2024-10-01 10:38:33,2,681.0,11.35,1.47,2024-10-01
2024-10-24 13:33:48,1,685.0,11.42,1.47,2024-10-24
2024-11-02 13:17:53,1,849.0,14.15,1.18,2024-11-02
2024-11-03 17:01:18,1,788.0,13.13,1.28,2024-11-03
2024-11-10 17:43:33,1,964.0,16.07,1.04,2024-11-10
2025-01-07 12:05:29,1,744.0,12.4,1.35,2025-01-07
2025-01-07 12:05:29,2,742.0,12.37,1.35,2025-01-07
2025-01-12 09:11:34,1,730.0,12.17,1.37,2025-01-12
2025-01-15 11:44:28,1,683.0,11.38,1.47,2025-01-15
2025-01-21 11:11:13,1,600.0,10.0,1.67,2025-01-21
2025-02-02 11:23:09,1,712.0,11.87,1.41,2025-02-02
2025-02-02 11:23:09,2,712.0,11.87,1.41,2025-02-02
2025-02-18 11:46:09,1,847.0,14.12,1.18,2025-02-18
2025-02-18 11:46:09,2,691.0,11.52,1.45,2025-02-18
2025-03-14 18:32:13,1,707.0,11.78,1.42,2025-03-14
2025-03-20 11:28:54,1,718.0,11.97,1.4,2025-03-20
2025-03-20 11:28:54,2,724.0,12.07,1.38,2025-03-20
2025-03-29 12:08:44,1,195.0,3.25,5.16,2025-03-29
2025-03-29 12:08:44,2,201.0,3.35,4.99,2025-03-29
2025-03-29 12:08:44,3,243.0,4.05,4.13,2025-03-29
2025-03-29 12:08:44,4,210.0,3.5,4.76,2025-03-29
2025-03-29 12:08:44,5,191.0,3.18,5.22,2025-03-29
2025-03-29 12:08:44,6,245.0,4.08,4.1,2025-03-29
2025-03-29 12:08:44,7,425.0,7.08,2.36,2025-03-29
2025-03-29 12:08:44,8,459.0,7.65,2.18,2025-03-29
2025-04-06 13:29:43,1,269.0,4.48,3.74,2025-04-06
2025-04-06 13:29:43,2,230.0,3.83,4.36,2025-04-06
2025-04-06 14:11:18,1,237.0,3.95,4.22,2025-04-06
2025-04-06 14:11:18,2,268.0,4.47,3.74,2025-04-06
2025-04-06 14:11:18,3,2406.0,40.1,2.11,2025-04-06
2025-04-06 14:11:18,4,89.0,1.48,4.39,2025-04-06
2025-04-06 14:11:18,5,197.0,3.28,5.09,2025-04-06
2025-04-06 14:11:18,6,211.0,3.52,4.75,2025-04-06
2025-04-06 14:11:18,7,201.0,3.35,4.97,2025-04-06
2025-04-08 10:32:10,1,766.0,12.77,1.31,2025-04-08
2025-04-08 10:32:10,2,686.0,11.43,1.46,2025-04-08
2025-04-19 09:56:44,1,225.0,3.75,4.49,2025-04-19
2025-04-19 09:56:44,2,950.0,15.83,2.55,2025-04-19
2025-04-19 09:56:44,3,238.0,3.97,4.22,2025-04-19
2025-04-22 10:30:07,1,738.0,12.3,1.36,2025-04-22
2025-04-27 13:44:20,1,323.0,5.38,3.12,2025-04-27
2025-04-27 13:44:20,2,216.0,3.6,4.63,2025-04-27
2025-04-27 13:44:20,3,276.0,4.6,3.63,2025-04-27
2025-04-27 13:44:20,4,164.0,2.73,6.12,2025-04-27
2025-04-27 13:44:20,5,404.0,6.73,2.48,2025-04-27
2025-04-27 13:44:20,6,247.0,4.12,4.04,2025-04-27
2025-04-27 13:44:20,7,183.0,3.05,5.52,2025-04-27
2025-04-27 13:44:20,8,167.0,2.78,5.99,2025-04-27
2025-04-27 13:44:20,9,165.0,2.75,6.04,2025-04-27
2025-04-27 13:44:20,10,518.0,8.63,1.93,2025-04-27
2025-04-27 16:15:52,1,184.0,3.07,5.48,2025-04-27
2025-04-27 16:15:52,2,191.0,3.18,5.25,2025-04-27
2025-04-27 16:15:52,3,203.0,3.38,4.94,2025-04-27
2025-04-27 16:15:52,4,180.0,3.0,5.55,2025-04-27
2025-05-17 10:27:48,1,1004.0,16.73,1.01,2025-05-17
2025-05-17 10:27:48,2,770.0,12.83,1.3,2025-05-17
2025-05-17 12:10:02,1,783.0,13.05,1.28,2025-05-17
2025-05-18 09:45:43,1,225.0,3.75,4.47,2025-05-18
2025-05-18 09:45:43,2,323.0,5.38,3.12,2025-05-18
2025-05-18 09:45:43,3,206.0,3.43,4.85,2025-05-18
2025-05-18 09:45:43,4,402.0,6.7,2.5,2025-05-18
2025-05-18 09:45:43,5,228.0,3.8,4.39,2025-05-18
2025-05-18 09:45:43,6,201.0,3.35,5.0,2025-05-18
2025-05-18 09:45:43,7,221.0,3.68,4.54,2025-05-18
2025-05-18 09:45:43,8,295.0,4.92,3.4,2025-05-18
2025-05-18 09:45:43,9,203.0,3.38,4.93,2025-05-18
2025-05-18 09:45:43,10,258.0,4.3,3.89,2025-05-18
2025-05-18 11:55:01,1,255.0,4.25,3.95,2025-05-18
2025-05-18 11:55:01,2,168.0,2.8,5.97,2025-05-18
2025-05-18 11:55:01,3,144.0,2.4,6.97,2025-05-18
2025-05-18 11:55:01,4,146.0,2.43,6.84,2025-05-18
2025-05-18 11:55:01,5,141.0,2.35,7.14,2025-05-18
2025-06-15 13:29:16,1,253.0,4.22,3.96,2025-06-15
2025-06-16 10:15:48,1,757.0,12.62,1.32,2025-06-16
2025-06-16 10:15:48,2,780.0,13.0,1.29,2025-06-16
2025-06-20 15:17:40,1,807.0,13.45,1.24,2025-06-20
2025-06-21 14:37:11,1,229.0,3.82,4.39,2025-06-21
2025-06-21 14:37:11,2,165.0,2.75,6.09,2025-06-21
2025-06-21 14:37:11,3,146.0,2.43,6.85,2025-06-21
2025-06-22 08:55:25,1,220.0,3.67,4.58,2025-06-22
2025-06-22 08:55:25,2,179.0,2.98,5.62,2025-06-22
2025-07-13 05:48:14,1,154.0,2.57,6.52,2025-07-13
2025-07-22 10:39:05,1,798.0,13.3,1.26,2025-07-22
2025-08-10 10:38:03,1,198.0,3.3,5.07,2025-08-10
2025-08-10 10:38:03,2,246.0,4.1,4.07,2025-08-10
2025-08-10 10:38:03,3,196.0,3.27,5.12,2025-08-10
2025-08-10 10:38:03,4,187.0,3.12,5.33,2025-08-10
2025-08-10 10:38:03,5,316.0,5.27,3.17,2025-08-10
2025-08-10 10:38:03,6,225.0,3.75,4.44,2025-08-10
2025-08-10 10:38:03,7,453.0,7.55,2.22,2025-08-10
2025-08-10 10:38:03,8,179.0,2.98,5.59,2025-08-10
2025-08-10 10:38:03,9,195.0,3.25,5.15,2025-08-10
2025-08-12 10:17:05,1,737.0,12.28,1.36,2025-08-12
2025-08-12 10:17:05,2,717.0,11.95,1.39,2025-08-12
2025-08-18 12:52:18,1,184.0,3.07,5.44,2025-08-18
2025-08-18 12:52:18,2,184.0,3.07,5.45,2025-08-18
2025-08-18 12:52:18,3,179.0,2.98,5.58,2025-08-18
2025-08-18 12:52:18,4,255.0,4.25,3.95,2025-08-18
2025-08-18 12:52:18,5,242.0,4.03,4.13,2025-08-18
2025-08-18 12:52:18,6,178.0,2.97,5.64,2025-08-18
2025-08-18 12:52:18,7,249.0,4.15,4.02,2025-08-18
2025-08-18 12:52:18,8,218.0,3.63,4.59,2025-08-18
2025-08-18 12:52:18,9,166.0,2.77,6.02,2025-08-18
2025-08-18 12:52:18,10,171.0,2.85,5.84,2025-08-18
2025-08-18 12:52:18,11,393.0,6.55,2.55,2025-08-18
2025-08-18 12:52:18,12,183.0,3.05,5.47,2025-08-18
2025-08-18 15:16:12,1,173.0,2.88,5.8,2025-08-18
2025-08-18 15:16:12,2,154.0,2.57,6.5,2025-08-18
2025-08-18 15:16:12,3,161.0,2.68,6.2,2025-08-18
2025-08-18 15:16:12,4,155.0,2.58,6.46,2025-08-18
2025-08-18 15:16:12,5,151.0,2.52,6.57,2025-08-18
2025-08-18 15:16:12,6,161.0,2.68,6.23,2025-08-18
2025-08-18 15:16:12,7,170.0,2.83,5.86,2025-08-18
2025-08-18 15:16:12,8,159.0,2.65,6.35,2025-08-18
2025-08-18 15:16:12,9,199.0,3.32,5.01,2025-08-18
2025-08-18 15:16:12,10,180.0,3.0,5.58,2025-08-18
2025-08-18 15:16:12,11,189.0,3.15,5.31,2025-08-18
2025-08-18 15:16:12,12,164.0,2.73,6.11,2025-08-18
2025-08-19 10:12:30,1,749.0,12.48,1.34,2025-08-19
2025-08-19 10:12:30,2,774.0,12.9,1.32,2025-08-19
2025-08-24 08:15:52,1,849.0,14.15,1.18,2025-08-24
2025-08-27 12:21:48,1,797.0,13.28,1.26,2025-08-27
2025-08-27 12:21:48,2,762.0,12.7,1.31,2025-08-27
2025-09-02 14:52:13,1,838.0,13.97,1.19,2025-09-02
2025-09-02 14:52:13,2,1186.0,19.77,0.84,2025-09-02
2025-09-04 17:58:06,1,171.0,2.85,5.89,2025-09-04
2025-09-16 16:28:27,1,1079.0,17.98,0.93,2025-09-16
2025-09-16 16:28:27,2,1811.0,30.18,0.55,2025-09-16
2025-09-16 16:28:27,3,789.0,13.15,1.27,2025-09-16
2025-10-02 16:33:48,1,364.0,6.07,2.73,2025-10-02
2025-10-02 16:33:48,2,377.0,6.28,2.66,2025-10-02
2025-10-02 16:33:48,3,389.0,6.48,2.58,2025-10-02
2025-10-02 16:33:48,4,396.0,6.6,2.53,2025-10-02
2025-10-02 16:33:48,5,389.0,6.48,2.58,2025-10-02
2025-10-02 16:33:48,6,396.0,6.6,2.54,2025-10-02
2025-10-02 16:33:48,7,434.0,7.23,2.54,2025-10-02
2025-10-02 16:33:48,8,396.0,6.6,2.54,2025-10-02
2025-10-02 16:33:48,9,309.0,5.15,3.23,2025-10-02
2025-10-02 16:33:48,10,330.0,5.5,3.03,2025-10-02
2025-10-02 16:33:48,11,354.0,5.9,2.83,2025-10-02
2025-10-02 16:33:48,12,356.0,5.93,2.82,2025-10-02
2025-10-09 16:33:50,1,371.0,6.18,2.71,2025-10-09
2025-10-09 16:33:50,2,356.0,5.93,2.81,2025-10-09
2025-10-09 16:33:50,3,355.0,5.92,2.82,2025-10-09
2025-10-09 16:33:50,4,357.0,5.95,2.81,2025-10-09
2025-10-09 16:33:50,5,373.0,6.22,2.69,2025-10-09
2025-10-09 16:33:50,6,354.0,5.9,2.83,2025-10-09
2025-10-09 16:33:50,7,353.0,5.88,2.84,2025-10-09
2025-10-09 16:33:50,8,365.0,6.08,2.75,2025-10-09
2025-10-09 16:33:50,9,367.0,6.12,2.73,2025-10-09
2025-10-09 16:33:50,10,364.0,6.07,2.76,2025-10-09
2025-10-09 16:33:50,11,351.0,5.85,2.85,2025-10-09
2025-10-09 16:33:50,12,352.0,5.87,2.85,2025-10-09
2025-10-09 16:33:50,13,356.0,5.93,2.82,2025-10-09
2025-10-09 16:33:50,14,348.0,5.8,2.88,2025-10-09
2025-10-12 07:48:03,1,664.0,11.07,1.5,2025-10-12
2025-10-12 05:32:33,1,666.0,11.1,1.5,2025-10-12
2025-10-12 06:04:25,1,364.0,6.07,2.76,2025-10-12
2025-10-12 06:04:25,2,346.0,5.77,2.9,2025-10-12
2025-10-12 06:04:25,3,348.0,5.8,2.88,2025-10-12
2025-10-12 06:04:25,4,362.0,6.03,2.77,2025-10-12
2025-10-12 06:04:25,5,468.0,7.8,2.79,2025-10-12
2025-10-12 06:04:25,6,385.0,6.42,2.6,2025-10-12
2025-10-12 06:04:25,7,382.0,6.37,2.62,2025-10-12
2025-10-12 06:04:25,8,377.0,6.28,2.66,2025-10-12
2025-10-12 06:04:25,9,475.0,7.92,2.11,2025-10-12
2025-10-16 17:15:52,1,386.0,6.43,2.6,2025-10-16
2025-10-16 17:15:52,2,356.0,5.93,2.82,2025-10-16
2025-10-16 17:15:52,3,359.0,5.98,2.78,2025-10-16
2025-10-16 17:15:52,4,359.0,5.98,2.8,2025-10-16
2025-10-16 17:15:52,5,362.0,6.03,2.77,2025-10-16
2025-10-16 17:15:52,6,351.0,5.85,2.85,2025-10-16
2025-10-16 17:15:52,7,357.0,5.95,2.81,2025-10-16
2025-10-16 17:15:52,8,354.0,5.9,2.83,2025-10-16
2025-10-16 17:15:52,9,395.0,6.58,2.78,2025-10-16
2025-10-16 17:15:52,10,364.0,6.07,2.76,2025-10-16
2025-10-16 17:15:52,11,380.0,6.33,2.63,2025-10-16
2025-10-16 17:15:52,12,357.0,5.95,2.81,2025-10-16
2025-10-16 17:15:52,13,358.0,5.97,2.8,2025-10-16
2025-10-16 17:15:52,14,347.0,5.78,2.89,2025-10-16
2025-10-19 07:56:00,1,602.0,10.03,1.65,2025-10-19
2025-10-19 16:19:37,1,821.0,13.68,1.22,2025-10-19
2025-10-19 05:27:13,1,608.0,10.13,1.65,2025-10-19
2025-10-19 06:05:02,1,372.0,6.2,2.7,2025-10-19
2025-10-19 06:05:02,2,367.0,6.12,2.73,2025-10-19
2025-10-19 06:05:02,3,378.0,6.3,2.66,2025-10-19
2025-10-19 06:05:02,4,385.0,6.42,2.6,2025-10-19
2025-10-19 06:05:02,5,526.0,8.77,2.63,2025-10-19
2025-10-19 06:05:02,6,411.0,6.85,2.39,2025-10-19
2025-10-19 06:05:02,7,387.0,6.45,2.59,2025-10-19
2025-10-19 06:05:02,8,427.0,7.12,2.35,2025-10-19
2025-10-19 06:05:02,9,425.0,7.08,2.36,2025-10-19
2025-10-19 06:05:02,10,423.0,7.05,2.36,2025-10-19
2025-10-24 14:23:47,1,352.0,5.87,2.84,2025-10-24
2025-10-24 14:23:47,2,368.0,6.13,2.75,2025-10-24
2025-10-24 14:23:47,3,366.0,6.1,2.74,2025-10-24
2025-10-24 14:23:47,4,355.0,5.92,2.82,2025-10-24
2025-10-24 14:23:47,5,363.0,6.05,2.76,2025-10-24
2025-10-24 14:23:47,6,377.0,6.28,2.97,2025-10-24
2025-10-24 14:23:47,7,407.0,6.78,2.8,2025-10-24
2025-10-24 14:23:47,8,357.0,5.95,2.8,2025-10-24
2025-10-24 14:23:47,9,298.0,4.97,3.36,2025-10-24
2025-10-24 14:23:47,10,306.0,5.1,3.28,2025-10-24
2025-10-24 14:23:47,11,278.0,4.63,3.6,2025-10-24
2025-10-26 06:34:08,1,598.0,9.97,1.68,2025-10-26
2025-10-26 06:34:08,2,595.0,9.92,1.68,2025-10-26
2025-10-26 07:02:06,1,349.0,5.82,2.88,2025-10-26
2025-10-26 07:02:06,2,350.0,5.83,2.85,2025-10-26
2025-10-26 07:02:06,3,346.0,5.77,2.9,2025-10-26
2025-10-26 07:02:06,4,333.0,5.55,3.01,2025-10-26
2025-10-26 07:02:06,5,348.0,5.8,2.88,2025-10-26
2025-10-26 07:02:06,6,592.0,9.87,2.8,2025-10-26
2025-10-26 07:02:06,7,348.0,5.8,2.87,2025-10-26
2025-10-26 07:02:06,8,380.0,6.33,2.64,2025-10-26
2025-10-26 07:02:06,9,388.0,6.47,2.58,2025-10-26
2025-10-28 16:41:39,1,233.0,3.88,4.28,2025-10-28
2025-10-28 16:41:39,2,246.0,4.1,4.08,2025-10-28
2025-10-28 16:41:39,3,245.0,4.08,4.08,2025-10-28
2025-10-28 16:41:39,4,256.0,4.27,3.92,2025-10-28
2025-10-28 16:41:39,5,253.0,4.22,3.97,2025-10-28
2025-10-30 17:32:13,1,361.0,6.02,2.78,2025-10-30
2025-10-30 17:32:13,2,359.0,5.98,2.79,2025-10-30
2025-10-30 17:32:13,3,360.0,6.0,2.78,2025-10-30
2025-10-30 17:32:13,4,365.0,6.08,2.75,2025-10-30
2025-10-30 17:32:13,5,364.0,6.07,2.75,2025-10-30
2025-10-30 17:32:13,6,361.0,6.02,2.78,2025-10-30
2025-10-30 17:32:13,7,380.0,6.33,2.64,2025-10-30
2025-10-30 17:32:13,8,364.0,6.07,2.75,2025-10-30
2025-10-30 17:32:13,9,299.0,4.98,3.36,2025-10-30
2025-10-30 17:32:13,10,295.0,4.92,3.4,2025-10-30
2025-11-02 14:21:07,1,1007.0,16.78,0.95,2025-11-02
2025-11-02 14:21:07,2,1005.0,16.75,1.44,2025-11-02
2025-11-02 07:40:25,1,336.0,5.6,2.99,2025-11-02
2025-11-02 07:40:25,2,331.0,5.52,3.03,2025-11-02
2025-11-02 07:40:25,3,371.0,6.18,2.7,2025-11-02
2025-11-02 07:40:25,4,368.0,6.13,2.72,2025-11-02
2025-11-02 07:40:25,5,383.0,6.38,2.62,2025-11-02
2025-11-06 17:38:09,1,396.0,6.6,2.73,2025-11-06
2025-11-06 17:38:09,2,363.0,6.05,2.76,2025-11-06
2025-11-06 17:38:09,3,366.0,6.1,2.74,2025-11-06
2025-11-06 17:38:09,4,359.0,5.98,2.79,2025-11-06
2025-11-06 17:38:09,5,359.0,5.98,2.79,2025-11-06
2025-11-06 17:38:09,6,350.0,5.83,2.86,2025-11-06
2025-11-06 17:38:09,7,408.0,6.8,2.82,2025-11-06
2025-11-06 17:38:09,8,300.0,5.0,3.34,2025-11-06
2025-11-06 17:38:09,9,293.0,4.88,3.42,2025-11-06
2025-11-06 17:38:09,10,298.0,4.97,3.36,2025-11-06
2025-11-06 17:38:09,11,293.0,4.88,3.42,2025-11-06
2025-11-06 17:38:09,12,304.0,5.07,3.3,2025-11-06
2025-11-09 07:02:45,1,329.0,5.48,3.05,2025-11-09
2025-11-09 07:02:45,2,334.0,5.57,3.0,2025-11-09
2025-11-09 07:02:45,3,371.0,6.18,3.1,2025-11-09
2025-11-09 07:02:45,4,327.0,5.45,3.06,2025-11-09
2025-11-09 07:02:45,5,338.0,5.63,2.97,2025-11-09
2025-11-09 07:02:45,6,579.0,9.65,3.09,2025-11-09
2025-11-09 07:02:45,7,341.0,5.68,2.94,2025-11-09
2025-11-09 07:02:45,8,326.0,5.43,3.08,2025-11-09
2025-11-09 07:02:45,9,315.0,5.25,3.19,2025-11-09
2025-11-09 07:02:45,10,299.0,4.98,3.36,2025-11-09
2025-11-09 07:02:45,11,294.0,4.9,3.42,2025-11-09
2025-11-09 07:02:45,12,354.0,5.9,2.83,2025-11-09
2025-11-11 11:28:41,1,956.0,15.93,1.06,2025-11-11
2025-11-11 11:28:41,2,655.0,10.92,1.52,2025-11-11
2025-11-11 05:23:58,1,335.0,5.58,2.99,2025-11-11
2025-11-11 05:23:58,2,339.0,5.65,2.95,2025-11-11
2025-11-11 05:23:58,3,338.0,5.63,2.98,2025-11-11
2025-11-11 05:23:58,4,350.0,5.83,2.86,2025-11-11
2025-11-11 05:23:58,5,393.0,6.55,2.83,2025-11-11
2025-11-11 05:23:58,6,352.0,5.87,2.85,2025-11-11
2025-11-11 05:23:58,7,352.0,5.87,2.85,2025-11-11
2025-11-11 05:23:58,8,384.0,6.4,2.93,2025-11-11
2025-11-11 05:23:58,9,358.0,5.97,2.8,2025-11-11
2025-11-11 05:23:58,10,347.0,5.78,2.89,2025-11-11
2025-11-13 17:35:27,1,388.0,6.47,2.65,2025-11-13
2025-11-13 17:35:27,2,354.0,5.9,2.82,2025-11-13
2025-11-13 17:35:27,3,363.0,6.05,3.09,2025-11-13
2025-11-13 17:35:27,4,362.0,6.03,2.77,2025-11-13
2025-11-13 17:35:27,5,404.0,6.73,2.68,2025-11-13
2025-11-13 17:35:27,6,373.0,6.22,2.69,2025-11-13
2025-11-13 17:35:27,7,391.0,6.52,2.77,2025-11-13
2025-11-13 17:35:27,8,305.0,5.08,3.29,2025-11-13
2025-11-13 17:35:27,9,299.0,4.98,3.35,2025-11-13
2025-11-13 17:35:27,10,312.0,5.2,3.22,2025-11-13
2025-11-13 17:35:27,11,310.0,5.17,3.23,2025-11-13
2025-11-13 17:35:27,12,295.0,4.92,3.4,2025-11-13
2025-11-16 07:00:36,1,347.0,5.78,2.9,2025-11-16
2025-11-16 07:00:36,2,333.0,5.55,3.01,2025-11-16
2025-11-16 07:00:36,3,342.0,5.7,2.94,2025-11-16
2025-11-16 07:00:36,4,325.0,5.42,3.08,2025-11-16
2025-11-16 07:00:36,5,325.0,5.42,3.09,2025-11-16
2025-11-16 07:00:36,6,592.0,9.87,2.91,2025-11-16
2025-11-16 07:00:36,7,318.0,5.3,3.15,2025-11-16
2025-11-16 07:00:36,8,355.0,5.92,2.83,2025-11-16
2025-11-16 07:00:36,9,355.0,5.92,2.82,2025-11-16
2025-11-16 07:00:36,10,385.0,6.42,2.61,2025-11-16
2025-11-16 07:00:36,11,375.0,6.25,2.68,2025-11-16
2025-11-18 05:26:03,1,339.0,5.65,2.97,2025-11-18
2025-11-18 05:26:03,2,351.0,5.85,2.85,2025-11-18
2025-11-18 05:26:03,3,347.0,5.78,2.89,2025-11-18
2025-11-18 05:26:03,4,359.0,5.98,2.81,2025-11-18
2025-11-18 05:26:03,5,400.0,6.67,2.71,2025-11-18
2025-11-18 05:26:03,6,357.0,5.95,2.81,2025-11-18
2025-11-18 05:26:03,7,356.0,5.93,2.81,2025-11-18
2025-11-18 05:26:03,8,398.0,6.63,2.78,2025-11-18
2025-11-18 05:26:03,9,360.0,6.0,2.78,2025-11-18
2025-11-18 05:26:03,10,360.0,6.0,2.79,2025-11-18
2025-11-18 05:26:03,11,365.0,6.08,2.75,2025-11-18
2025-11-18 05:26:03,12,353.0,5.88,2.83,2025-11-18
2025-11-20 17:43:07,1,339.0,5.65,2.95,2025-11-20
2025-11-20 17:43:07,2,353.0,5.88,2.84,2025-11-20
2025-11-20 17:43:07,3,342.0,5.7,2.93,2025-11-20
2025-11-20 17:43:07,4,376.0,6.27,3.01,2025-11-20
2025-11-20 17:43:07,5,355.0,5.92,2.83,2025-11-20
2025-11-20 17:43:07,6,405.0,6.75,2.84,2025-11-20
2025-11-20 17:43:07,7,303.0,5.05,3.31,2025-11-20
2025-11-20 17:43:07,8,302.0,5.03,3.32,2025-11-20
2025-11-20 17:43:07,9,304.0,5.07,3.29,2025-11-20
2025-11-20 17:43:07,10,302.0,5.03,3.32,2025-11-20
2025-11-20 17:43:07,11,345.0,5.75,3.37,2025-11-20
2025-11-20 17:43:07,12,294.0,4.9,3.41,2025-11-20
2025-11-20 17:43:07,13,287.0,4.78,3.49,2025-11-20
2025-11-23 07:03:52,1,325.0,5.42,3.09,2025-11-23
2025-11-23 07:03:52,2,312.0,5.2,3.2,2025-11-23
2025-11-23 07:03:52,3,293.0,4.88,3.45,2025-11-23
2025-11-23 07:03:52,4,290.0,4.83,3.47,2025-11-23
2025-11-23 07:03:52,5,291.0,4.85,3.44,2025-11-23
2025-11-23 07:03:52,6,594.0,9.9,3.63,2025-11-23
2025-11-23 07:03:52,7,280.0,4.67,3.59,2025-11-23
2025-11-23 07:03:52,8,273.0,4.55,3.68,2025-11-23
2025-11-23 07:03:52,9,269.0,4.48,3.74,2025-11-23
2025-11-23 07:03:52,10,279.0,4.65,3.6,2025-11-23
2025-11-23 07:03:52,11,273.0,4.55,3.68,2025-11-23
2025-11-25 06:04:42,1,240.0,4.0,4.16,2025-11-25
2025-11-25 06:04:42,2,248.0,4.13,4.04,2025-11-25
2025-11-25 06:04:42,3,248.0,4.13,4.04,2025-11-25
2025-11-25 06:04:42,4,247.0,4.12,4.05,2025-11-25
2025-11-25 06:04:42,5,243.0,4.05,4.11,2025-11-25
2025-11-27 17:36:48,1,347.0,5.78,2.99,2025-11-27
2025-11-27 17:36:48,2,341.0,5.68,2.93,2025-11-27
2025-11-27 17:36:48,3,321.0,5.35,3.12,2025-11-27
2025-11-27 17:36:48,4,378.0,6.3,2.93,2025-11-27
2025-11-27 17:36:48,5,329.0,5.48,3.05,2025-11-27
2025-11-27 17:36:48,6,410.0,6.83,2.9,2025-11-27
2025-11-27 17:36:48,7,303.0,5.05,3.3,2025-11-27
2025-11-27 17:36:48,8,305.0,5.08,3.29,2025-11-27
2025-11-27 17:36:48,9,318.0,5.3,3.16,2025-11-27
2025-11-27 17:36:48,10,318.0,5.3,3.24,2025-11-27
2025-11-27 17:36:48,11,344.0,5.73,3.48,2025-11-27
2025-11-27 17:36:48,12,274.0,4.57,3.66,2025-11-27
2025-11-27 17:36:48,13,271.0,4.52,3.69,2025-11-27
2025-11-30 12:34:37,1,834.0,13.9,1.07,2025-11-30
2025-12-07 07:04:35,1,342.0,5.7,2.94,2025-12-07
2025-12-07 07:04:35,2,362.0,6.03,2.77,2025-12-07
2025-12-07 07:04:35,3,352.0,5.87,2.85,2025-12-07
2025-12-07 07:04:35,4,361.0,6.02,2.84,2025-12-07
2025-12-07 07:04:35,5,528.0,8.8,2.8,2025-12-07
2025-12-07 07:04:35,6,355.0,5.92,2.82,2025-12-07
2025-12-07 07:04:35,7,370.0,6.17,2.71,2025-12-07
2025-12-07 07:04:35,8,366.0,6.1,2.73,2025-12-07
2025-12-07 07:04:35,9,348.0,5.8,2.88,2025-12-07
2025-12-11 18:02:15,1,368.0,6.13,2.73,2025-12-11
2025-12-11 18:02:15,2,374.0,6.23,2.68,2025-12-11
2025-12-11 18:02:15,3,365.0,6.08,2.75,2025-12-11
2025-12-11 18:02:15,4,371.0,6.18,2.7,2025-12-11
2025-12-11 18:02:15,5,379.0,6.32,2.64,2025-12-11
2025-12-11 18:02:15,6,382.0,6.37,2.62,2025-12-11
2025-12-11 18:02:15,7,379.0,6.32,2.65,2025-12-11
2025-12-19 14:46:43,1,351.0,5.85,2.86,2025-12-19
2025-12-19 14:46:43,2,347.0,5.78,2.89,2025-12-19
2025-12-19 14:46:43,3,344.0,5.73,2.91,2025-12-19
2025-12-19 14:46:43,4,365.0,6.08,2.9,2025-12-19
2025-12-19 14:46:43,5,353.0,5.88,2.84,2025-12-19
2025-12-19 14:46:43,6,361.0,6.02,2.83,2025-12-19
2025-12-19 14:46:43,7,400.0,6.67,2.77,2025-12-19
2025-12-19 14:46:43,8,416.0,6.93,2.67,2025-12-19
2025-12-19 14:46:43,9,361.0,6.02,2.78,2025-12-19
2025-12-19 14:46:43,10,353.0,5.88,2.84,2025-12-19
2025-12-21 06:30:43,1,374.0,6.23,2.67,2025-12-21
2025-12-21 06:30:43,2,357.0,5.95,2.81,2025-12-21
2025-12-21 06:30:43,3,357.0,5.95,2.8,2025-12-21
2025-12-21 06:30:43,4,373.0,6.22,2.85,2025-12-21
2025-12-21 06:30:43,5,659.0,10.98,2.84,2025-12-21
2025-12-21 06:30:43,6,364.0,6.07,2.75,2025-12-21
2025-12-21 06:30:43,7,379.0,6.32,2.64,2025-12-21
2025-12-21 06:30:43,8,347.0,5.78,2.89,2025-12-21
2025-12-21 06:30:43,9,357.0,5.95,2.81,2025-12-21
2025-12-21 06:30:43,10,547.0,9.12,2.89,2025-12-21
2025-12-21 06:30:43,11,355.0,5.92,2.82,2025-12-21
2025-12-21 06:30:43,12,370.0,6.17,2.7,2025-12-21
2025-12-21 06:30:43,13,287.0,4.78,3.5,2025-12-21
2025-12-21 06:30:43,14,273.0,4.55,3.66,2025-12-21
2025-12-21 06:30:43,15,253.0,4.22,3.96,2025-12-21
2025-12-23 08:27:18,1,383.0,6.38,2.62,2025-12-23
2025-12-23 08:27:18,2,352.0,5.87,2.84,2025-12-23
2025-12-23 08:27:18,3,353.0,5.88,2.84,2025-12-23
2025-12-23 08:27:18,4,344.0,5.73,2.9,2025-12-23
2025-12-23 08:27:18,5,344.0,5.73,2.92,2025-12-23
2025-12-23 08:27:18,6,348.0,5.8,2.88,2025-12-23
2025-12-23 08:27:18,7,277.0,4.62,3.61,2025-12-23
2025-12-23 08:27:18,8,289.0,4.82,3.48,2025-12-23
2025-12-23 08:27:18,9,273.0,4.55,3.66,2025-12-23
2025-12-23 08:27:18,10,268.0,4.47,3.73,2025-12-23
2025-12-25 12:15:22,1,350.0,5.83,2.87,2025-12-25
2025-12-25 12:15:22,2,351.0,5.85,2.86,2025-12-25
2025-12-25 12:15:22,3,337.0,5.62,2.97,2025-12-25
2025-12-25 12:15:22,4,341.0,5.68,2.94,2025-12-25
2025-12-25 12:15:22,5,343.0,5.72,2.93,2025-12-25
2025-12-25 12:15:22,6,338.0,5.63,2.97,2025-12-25
2025-12-25 12:15:22,7,300.0,5.0,3.34,2025-12-25
2025-12-25 12:15:22,8,388.0,6.47,3.29,2025-12-25
2025-12-25 12:15:22,9,291.0,4.85,3.42,2025-12-25
2025-12-25 12:15:22,10,297.0,4.95,3.37,2025-12-25
2025-12-25 12:15:22,11,301.0,5.02,3.33,2025-12-25
2025-12-25 12:15:22,12,296.0,4.93,3.39,2025-12-25
2025-12-25 12:15:22,13,282.0,4.7,3.55,2025-12-25
2025-12-28 07:04:07,1,332.0,5.53,3.01,2025-12-28
2025-12-28 07:04:07,2,330.0,5.5,3.03,2025-12-28
2025-12-28 07:04:07,3,334.0,5.57,2.99,2025-12-28
2025-12-28 07:04:07,4,334.0,5.57,3.0,2025-12-28
2025-12-28 07:04:07,5,581.0,9.68,2.85,2025-12-28
2025-12-28 07:04:07,6,352.0,5.87,2.85,2025-12-28
2025-12-28 07:04:07,7,352.0,5.87,2.85,2025-12-28
2025-12-28 07:04:07,8,376.0,6.27,2.67,2025-12-28
2025-12-28 07:04:07,9,345.0,5.75,2.9,2025-12-28
2025-12-30 08:17:11,1,348.0,5.8,2.88,2025-12-30
2025-12-30 08:17:11,2,347.0,5.78,2.88,2025-12-30
2025-12-30 08:17:11,3,339.0,5.65,2.96,2025-12-30
2025-12-30 08:17:11,4,2280.0,38.0,0.47,2025-12-30
2025-12-30 09:28:12,1,371.0,6.18,2.7,2025-12-30
2025-12-30 09:28:12,2,382.0,6.37,2.67,2025-12-30
2025-12-30 09:28:12,3,358.0,5.97,2.79,2025-12-30
2026-01-01 14:01:29,1,381.0,6.35,2.96,2026-01-01
2026-01-01 14:01:29,2,349.0,5.82,2.87,2026-01-01
2026-01-01 14:01:29,3,340.0,5.67,2.95,2026-01-01
2026-01-01 14:01:29,4,347.0,5.78,2.89,2026-01-01
2026-01-01 14:01:29,5,357.0,5.95,2.8,2026-01-01
2026-01-01 14:01:29,6,383.0,6.38,2.84,2026-01-01
2026-01-01 14:01:29,7,301.0,5.02,3.32,2026-01-01
2026-01-01 14:01:29,8,300.0,5.0,3.34,2026-01-01
2026-01-01 14:01:29,9,306.0,5.1,3.28,2026-01-01
2026-01-01 14:01:29,10,298.0,4.97,3.35,2026-01-01
2026-01-01 14:01:29,11,368.0,6.13,3.36,2026-01-01
2026-01-01 14:01:29,12,287.0,4.78,3.5,2026-01-01
2026-01-01 14:01:29,13,289.0,4.82,3.46,2026-01-01
2026-01-06 15:40:14,1,345.0,5.75,2.91,2026-01-06
2026-01-06 15:40:14,2,356.0,5.93,2.82,2026-01-06
2026-01-06 15:40:14,3,356.0,5.93,2.95,2026-01-06
2026-01-06 15:40:14,4,345.0,5.75,2.89,2026-01-06
2026-01-06 15:40:14,5,364.0,6.07,2.76,2026-01-06
2026-01-06 16:13:00,1,283.0,4.72,3.55,2026-01-06
2026-01-06 16:13:00,2,277.0,4.62,3.63,2026-01-06
2026-01-06 16:13:00,3,282.0,4.7,3.65,2026-01-06
2026-01-06 16:13:00,4,272.0,4.53,3.69,2026-01-06
2026-01-06 16:13:00,5,308.0,5.13,3.26,2026-01-06
2026-01-06 16:13:00,6,253.0,4.22,3.96,2026-01-06
2026-01-11 09:03:27,1,602.0,10.03,1.66,2026-01-11
2026-01-11 09:03:27,2,1542.0,25.7,1.49,2026-01-11
2026-01-11 06:30:04,1,357.0,5.95,2.81,2026-01-11
2026-01-11 06:30:04,2,350.0,5.83,2.87,2026-01-11
2026-01-11 06:30:04,3,357.0,5.95,2.81,2026-01-11
2026-01-11 06:30:04,4,358.0,5.97,2.8,2026-01-11
2026-01-11 06:30:04,5,362.0,6.03,2.79,2026-01-11
2026-01-11 06:30:04,6,515.0,8.58,2.76,2026-01-11
2026-01-11 06:30:04,7,359.0,5.98,2.8,2026-01-11
2026-01-11 06:30:04,8,358.0,5.97,2.79,2026-01-11
2026-01-11 06:30:04,9,372.0,6.2,2.69,2026-01-11
2026-01-11 06:30:04,10,353.0,5.88,2.84,2026-01-11
2026-01-11 06:30:04,11,577.0,9.62,2.86,2026-01-11
2026-01-11 06:30:04,12,870.0,14.5,2.89,2026-01-11
2026-01-11 06:30:04,13,325.0,5.42,2.32,2026-01-11
2026-01-11 06:30:04,14,358.0,5.97,2.8,2026-01-11
2026-01-13 15:40:45,1,354.0,5.9,2.88,2026-01-13
2026-01-13 15:40:45,2,376.0,6.27,2.66,2026-01-13
2026-01-13 15:40:45,3,350.0,5.83,2.87,2026-01-13
2026-01-13 15:40:45,4,368.0,6.13,2.73,2026-01-13
2026-01-13 15:40:45,5,418.0,6.97,2.56,2026-01-13
2026-01-13 15:40:45,6,271.0,4.52,3.69,2026-01-13
2026-01-13 15:40:45,7,269.0,4.48,3.72,2026-01-13
2026-01-13 15:40:45,8,266.0,4.43,3.77,2026-01-13
2026-01-13 15:40:45,9,266.0,4.43,3.77,2026-01-13
2026-01-13 15:40:45,10,330.0,5.5,3.03,2026-01-13
2026-01-13 15:40:45,11,247.0,4.12,4.05,2026-01-13
2026-01-13 16:43:29,1,412.0,6.87,2.44,2026-01-13
2026-01-15 17:48:25,1,365.0,6.08,2.75,2026-01-15
2026-01-15 17:48:25,2,382.0,6.37,2.84,2026-01-15
2026-01-15 17:48:25,3,349.0,5.82,2.87,2026-01-15
2026-01-15 17:48:25,4,349.0,5.82,2.87,2026-01-15
2026-01-15 17:48:25,5,491.0,8.18,2.87,2026-01-15
2026-01-15 17:48:25,6,187.0,3.12,3.34,2026-01-15
2026-01-15 17:48:25,7,298.0,4.97,3.36,2026-01-15
2026-01-15 17:48:25,8,294.0,4.9,3.41,2026-01-15
2026-01-15 17:48:25,9,296.0,4.93,3.39,2026-01-15
2026-01-15 17:48:25,10,294.0,4.9,3.4,2026-01-15
2026-01-15 17:48:25,11,310.0,5.17,3.25,2026-01-15
2026-01-15 17:48:25,12,305.0,5.08,3.45,2026-01-15
2026-01-15 17:48:25,13,300.0,5.0,3.34,2026-01-15
2026-01-17 12:10:52,1,339.0,5.65,2.95,2026-01-17
2026-01-18 06:50:54,1,331.0,5.52,3.03,2026-01-18
2026-01-18 06:50:54,2,550.0,9.17,3.08,2026-01-18
2026-01-18 06:50:54,3,332.0,5.53,3.02,2026-01-18
2026-01-18 06:50:54,4,335.0,5.58,2.99,2026-01-18
2026-01-18 06:50:54,5,508.0,8.47,3.06,2026-01-18
2026-01-18 06:50:54,6,249.0,4.15,3.15,2026-01-18
2026-01-18 06:50:54,7,579.0,9.65,3.07,2026-01-18
2026-01-18 06:50:54,8,317.0,5.28,3.17,2026-01-18
2026-01-18 06:50:54,9,343.0,5.72,3.01,2026-01-18
2026-01-18 06:50:54,10,337.0,5.62,2.99,2026-01-18
2026-01-18 06:50:54,11,320.0,5.33,3.13,2026-01-18
2026-01-18 06:50:54,12,339.0,5.65,2.96,2026-01-18
2026-01-18 06:50:54,13,379.0,6.32,2.65,2026-01-18
2026-01-22 17:35:23,1,396.0,6.6,3.1,2026-01-22
2026-01-22 17:35:23,2,320.0,5.33,3.13,2026-01-22
2026-01-22 17:35:23,3,309.0,5.15,3.25,2026-01-22
2026-01-22 17:35:23,4,305.0,5.08,3.29,2026-01-22
2026-01-22 17:35:23,5,322.0,5.37,3.25,2026-01-22
2026-01-22 17:35:23,6,347.0,5.78,3.37,2026-01-22
2026-01-22 17:35:23,7,291.0,4.85,3.43,2026-01-22
2026-01-30 09:17:15,1,352.0,5.87,2.95,2026-01-30
2026-01-30 09:17:15,2,343.0,5.72,2.93,2026-01-30
2026-01-30 09:17:15,3,349.0,5.82,2.87,2026-01-30
2026-01-30 09:17:15,4,347.0,5.78,2.89,2026-01-30
2026-01-30 09:17:15,5,357.0,5.95,2.9,2026-01-30
2026-01-30 09:17:15,6,352.0,5.87,2.85,2026-01-30
2026-01-30 09:17:15,7,349.0,5.82,2.87,2026-01-30
2026-01-30 09:17:15,8,358.0,5.97,2.89,2026-01-30
2026-01-30 09:17:15,9,399.0,6.65,2.91,2026-01-30
2026-01-30 09:17:15,10,344.0,5.73,2.91,2026-01-30
2026-01-30 09:17:15,11,342.0,5.7,2.93,2026-01-30
2026-01-30 09:17:15,12,350.0,5.83,2.86,2026-01-30
2026-01-30 09:17:15,13,347.0,5.78,2.89,2026-01-30
2026-01-30 09:17:15,14,358.0,5.97,2.81,2026-01-30
2026-01-30 09:17:15,15,364.0,6.07,2.74,2026-01-30
2026-02-01 07:04:38,1,365.0,6.08,2.75,2026-02-01
2026-02-01 07:04:38,2,363.0,6.05,2.76,2026-02-01
2026-02-01 07:04:38,3,357.0,5.95,2.81,2026-02-01
2026-02-01 07:04:38,4,366.0,6.1,2.75,2026-02-01
2026-02-01 07:04:38,5,447.0,7.45,2.82,2026-02-01
2026-02-01 07:04:38,6,353.0,5.88,2.85,2026-02-01
2026-02-01 07:04:38,7,352.0,5.87,2.85,2026-02-01
2026-02-01 07:04:38,8,343.0,5.72,2.93,2026-02-01
2026-02-01 07:04:38,9,338.0,5.63,2.96,2026-02-01
2026-02-01 07:04:38,10,347.0,5.78,2.88,2026-02-01
2026-02-06 10:29:03,1,322.0,5.37,3.1,2026-02-06
2026-02-06 10:29:03,2,335.0,5.58,3.0,2026-02-06
2026-02-06 10:29:03,3,341.0,5.68,2.93,2026-02-06
2026-02-06 10:29:03,4,336.0,5.6,3.0,2026-02-06
2026-02-06 10:29:03,5,286.0,4.77,3.5,2026-02-06
2026-02-06 10:29:03,6,282.0,4.7,3.57,2026-02-06
2026-02-06 10:29:03,7,280.0,4.67,3.58,2026-02-06
2026-02-06 10:29:03,8,281.0,4.68,3.57,2026-02-06
2026-02-06 10:29:03,9,275.0,4.58,3.66,2026-02-06
2026-02-06 10:29:03,10,277.0,4.62,3.61,2026-02-06
2026-02-06 10:29:03,11,275.0,4.58,3.68,2026-02-06
2026-02-06 11:26:45,1,347.0,5.78,2.89,2026-02-06
2026-02-06 11:26:45,2,374.0,6.23,3.02,2026-02-06
2026-02-06 11:26:45,3,346.0,5.77,2.9,2026-02-06
2026-02-06 11:26:45,4,349.0,5.82,2.87,2026-02-06
2026-02-08 06:51:32,1,359.0,5.98,2.78,2026-02-08
2026-02-08 06:51:32,2,623.0,10.38,2.77,2026-02-08
2026-02-08 06:51:32,3,349.0,5.82,2.88,2026-02-08
2026-02-08 06:51:32,4,344.0,5.73,2.91,2026-02-08
2026-02-08 06:51:32,5,343.0,5.72,3.01,2026-02-08
2026-02-08 06:51:32,6,333.0,5.55,3.01,2026-02-08
2026-02-08 06:51:32,7,539.0,8.98,2.71,2026-02-08
2026-02-08 06:51:32,8,348.0,5.8,2.88,2026-02-08
2026-02-08 06:51:32,9,328.0,5.47,3.06,2026-02-08
2026-02-08 06:51:32,10,324.0,5.4,3.09,2026-02-08
2026-02-08 06:51:32,11,337.0,5.62,2.97,2026-02-08
2026-02-11 11:00:32,1,335.0,5.58,2.85,2026-02-11
2026-02-11 11:00:32,2,338.0,5.63,2.87,2026-02-11
2026-02-11 11:00:32,3,339.0,5.65,2.73,2026-02-11
2026-02-11 11:00:32,4,294.0,4.9,3.23,2026-02-11
2026-02-11 11:00:32,5,275.0,4.58,3.6,2026-02-11
2026-02-11 11:00:32,6,271.0,4.52,3.55,2026-02-11
2026-02-11 11:00:32,7,423.0,7.05,2.18,2026-02-11
2026-02-11 11:00:32,8,312.0,5.2,3.7,2026-02-11
2026-02-11 11:00:32,9,285.0,4.75,3.03,2026-02-11
2026-02-11 11:00:32,10,276.0,4.6,3.56,2026-02-11
2026-02-11 11:00:32,11,356.0,5.93,2.71,2026-02-11
2026-02-11 12:04:38,1,657.0,10.95,1.51,2026-02-11
2026-02-13 09:36:26,1,302.0,5.03,3.31,2026-02-13
2026-02-13 09:36:26,2,311.0,5.18,3.22,2026-02-13
2026-02-13 09:36:26,3,315.0,5.25,3.18,2026-02-13
2026-02-13 09:36:26,4,310.0,5.17,3.23,2026-02-13
2026-02-13 09:36:26,5,426.0,7.1,3.29,2026-02-13
2026-02-13 09:36:26,6,309.0,5.15,3.24,2026-02-13
2026-02-13 09:36:26,7,304.0,5.07,3.3,2026-02-13
2026-02-13 09:36:26,8,329.0,5.48,3.31,2026-02-13
2026-02-13 09:36:26,9,310.0,5.17,3.24,2026-02-13
2026-02-13 09:36:26,10,313.0,5.22,3.34,2026-02-13
2026-02-13 09:36:26,11,300.0,5.0,3.35,2026-02-13
2026-02-13 09:36:26,12,290.0,4.83,3.45,2026-02-13
2026-02-13 09:36:26,13,284.0,4.73,3.53,2026-02-13
2026-02-13 09:36:26,14,301.0,5.02,3.58,2026-02-13
2026-02-13 09:36:26,15,283.0,4.72,3.54,2026-02-13
2026-02-13 09:36:26,16,275.0,4.58,3.66,2026-02-13
2026-02-13 09:36:26,17,305.0,5.08,3.28,2026-02-13
2026-02-15 07:00:54,1,339.0,5.65,2.96,2026-02-15
2026-02-15 07:00:54,2,339.0,5.65,2.96,2026-02-15
2026-02-15 07:00:54,3,332.0,5.53,3.01,2026-02-15
2026-02-15 07:00:54,4,329.0,5.48,3.05,2026-02-15
2026-02-15 07:00:54,5,314.0,5.23,3.19,2026-02-15
2026-02-15 07:00:54,6,688.0,11.47,2.93,2026-02-15
2026-02-15 07:00:54,7,343.0,5.72,2.92,2026-02-15
2026-02-15 07:00:54,8,414.0,6.9,3.02,2026-02-15
2026-02-15 07:00:54,9,347.0,5.78,2.89,2026-02-15
2026-02-15 07:00:54,10,367.0,6.12,3.03,2026-02-15
2026-02-17 11:34:00,1,342.0,5.7,2.93,2026-02-17
2026-02-17 11:34:00,2,344.0,5.73,2.92,2026-02-17
2026-02-17 11:34:00,3,283.0,4.72,3.54,2026-02-17
2026-02-17 11:34:00,4,261.0,4.35,3.83,2026-02-17
2026-02-17 11:34:00,5,284.0,4.73,3.53,2026-02-17
2026-02-17 11:34:00,6,266.0,4.43,3.77,2026-02-17
2026-02-17 11:34:00,7,288.0,4.8,3.47,2026-02-17
2026-02-17 11:34:00,8,266.0,4.43,3.77,2026-02-17
2026-02-17 11:34:00,9,285.0,4.75,3.52,2026-02-17
2026-02-17 11:34:00,10,268.0,4.47,3.72,2026-02-17
2026-02-17 11:34:00,11,375.0,6.25,2.67,2026-02-17
2026-02-20 15:03:52,1,358.0,5.97,2.9,2026-02-20
2026-02-20 15:03:52,2,300.0,5.0,3.34,2026-02-20
2026-02-20 15:03:52,3,282.0,4.7,3.54,2026-02-20
2026-02-20 15:03:52,4,283.0,4.72,3.54,2026-02-20
2026-02-20 15:03:52,5,267.0,4.45,3.74,2026-02-20
2026-02-20 15:03:52,6,271.0,4.52,3.71,2026-02-20
2026-02-20 15:03:52,7,252.0,4.2,3.97,2026-02-20
2026-02-22 10:00:25,1,267.0,4.45,3.76,2026-02-22
2026-02-22 10:00:25,2,269.0,4.48,3.72,2026-02-22
2026-02-22 10:00:25,3,269.0,4.48,3.73,2026-02-22
2026-02-22 10:00:25,4,270.0,4.5,3.71,2026-02-22
2026-02-22 10:00:25,5,268.0,4.47,3.74,2026-02-22
2026-02-22 10:00:25,6,265.0,4.42,3.78,2026-02-22
2026-02-22 10:00:25,7,271.0,4.52,3.69,2026-02-22
2026-02-22 10:00:25,8,267.0,4.45,3.78,2026-02-22
2026-02-22 10:00:25,9,263.0,4.38,3.81,2026-02-22
2026-02-22 10:00:25,10,251.0,4.18,4.01,2026-02-22
2026-02-25 12:43:14,1,320.0,5.33,3.15,2026-02-25
2026-02-25 12:43:14,2,352.0,5.87,2.84,2026-02-25
2026-02-25 12:43:14,3,287.0,4.78,3.49,2026-02-25
2026-02-25 12:43:14,4,308.0,5.13,3.24,2026-02-25
2026-02-25 12:43:14,5,263.0,4.38,3.8,2026-02-25
2026-02-25 12:43:14,6,339.0,5.65,2.94,2026-02-25
2026-02-25 12:43:14,7,239.0,3.98,4.18,2026-02-25
2026-02-25 12:43:14,8,339.0,5.65,2.94,2026-02-25
2026-02-25 12:43:14,9,243.0,4.05,4.12,2026-02-25
2026-02-25 12:43:14,10,351.0,5.85,2.85,2026-02-25
2026-02-25 12:43:14,11,345.0,5.75,2.9,2026-02-25
2026-02-28 11:24:19,1,318.0,5.3,3.15,2026-02-28
2026-02-28 11:24:19,2,356.0,5.93,3.13,2026-02-28
2026-02-28 11:24:19,3,321.0,5.35,3.11,2026-02-28
2026-02-28 11:24:19,4,330.0,5.5,3.03,2026-02-28
2026-02-28 11:24:19,5,311.0,5.18,3.26,2026-02-28
2026-02-28 11:24:19,6,307.0,5.12,3.27,2026-02-28
2026-02-28 11:24:19,7,299.0,4.98,3.36,2026-02-28
2026-02-28 11:24:19,8,283.0,4.72,3.54,2026-02-28
2026-02-28 11:24:19,9,283.0,4.72,3.53,2026-02-28
2026-02-28 11:24:19,10,280.0,4.67,3.6,2026-02-28
2026-02-28 11:24:19,11,283.0,4.72,3.54,2026-02-28
2026-02-28 11:24:19,12,270.0,4.5,3.71,2026-02-28
2026-02-28 11:24:19,13,318.0,5.3,3.75,2026-02-28
2026-02-28 11:24:19,14,275.0,4.58,3.66,2026-02-28
2026-02-28 11:24:19,15,342.0,5.7,3.71,2026-02-28
2026-02-28 11:24:19,16,292.0,4.87,3.67,2026-02-28
2026-02-28 11:24:19,17,266.0,4.43,3.76,2026-02-28
2026-02-28 11:24:19,18,316.0,5.27,3.18,2026-02-28
2026-02-28 11:24:19,19,324.0,5.4,3.09,2026-02-28
2026-03-04 15:28:11,1,342.0,5.7,2.97,2026-03-04
2026-03-04 15:28:11,2,332.0,5.53,3.03,2026-03-04
2026-03-04 15:28:11,3,334.0,5.57,3.0,2026-03-04
2026-03-04 15:28:11,4,280.0,4.67,3.58,2026-03-04
2026-03-04 15:28:11,5,275.0,4.58,3.63,2026-03-04
2026-03-04 15:28:11,6,268.0,4.47,3.75,2026-03-04
2026-03-04 15:28:11,7,277.0,4.62,3.61,2026-03-04
2026-03-04 15:28:11,8,277.0,4.62,3.61,2026-03-04
2026-03-04 15:28:11,9,389.0,6.48,2.58,2026-03-04
2026-03-04 15:28:11,10,353.0,5.88,2.84,2026-03-04
2026-03-06 15:45:08,1,340.0,5.67,2.96,2026-03-06
2026-03-06 15:58:11,1,236.0,3.93,4.24,2026-03-06
2026-03-06 15:58:11,2,241.0,4.02,4.17,2026-03-06
2026-03-06 15:58:11,3,238.0,3.97,4.2,2026-03-06
2026-03-06 15:58:11,4,241.0,4.02,4.16,2026-03-06
2026-03-06 16:22:22,1,320.0,5.33,3.14,2026-03-06
2026-03-08 11:48:57,1,323.0,5.38,3.1,2026-03-08
2026-03-08 11:48:57,2,323.0,5.38,3.11,2026-03-08
2026-03-08 11:48:57,3,336.0,5.6,3.05,2026-03-08
2026-03-08 11:48:57,4,336.0,5.6,2.98,2026-03-08
2026-03-08 11:48:57,5,334.0,5.57,3.0,2026-03-08
2026-03-08 11:48:57,6,333.0,5.55,3.01,2026-03-08
2026-03-08 11:48:57,7,330.0,5.5,3.03,2026-03-08
2026-03-08 11:48:57,8,336.0,5.6,2.99,2026-03-08
2026-03-08 11:48:57,9,332.0,5.53,3.02,2026-03-08
2026-03-08 11:48:57,10,329.0,5.48,3.04,2026-03-08
2026-03-08 11:48:57,11,394.0,6.57,3.0,2026-03-08
2026-03-08 11:48:57,12,339.0,5.65,3.1,2026-03-08
2026-03-08 11:48:57,13,326.0,5.43,3.07,2026-03-08
2026-03-08 11:48:57,14,328.0,5.47,3.05,2026-03-08
2026-03-08 11:48:57,15,330.0,5.5,3.04,2026-03-08
2026-03-08 11:48:57,16,326.0,5.43,3.07,2026-03-08
2026-03-08 11:48:57,17,405.0,6.75,3.05,2026-03-08
2026-03-08 11:48:57,18,327.0,5.45,3.07,2026-03-08
2026-03-08 11:48:57,19,328.0,5.47,3.05,2026-03-08
2026-03-08 11:48:57,20,394.0,6.57,3.04,2026-03-08
2026-03-08 11:48:57,21,328.0,5.47,3.01,2026-03-08
2026-03-11 15:36:11,1,343.0,5.72,2.93,2026-03-11
2026-03-11 15:36:11,2,323.0,5.38,3.1,2026-03-11
2026-03-11 15:36:11,3,313.0,5.22,3.2,2026-03-11
2026-03-11 15:36:11,4,267.0,4.45,3.75,2026-03-11
2026-03-11 15:36:11,5,265.0,4.42,3.78,2026-03-11
2026-03-11 15:36:11,6,278.0,4.63,3.59,2026-03-11
2026-03-11 15:36:11,7,349.0,5.82,2.88,2026-03-11
2026-03-11 15:36:11,8,263.0,4.38,3.82,2026-03-11
2026-03-11 15:36:11,9,319.0,5.32,3.13,2026-03-11
2026-03-11 15:36:11,10,332.0,5.53,3.03,2026-03-11
2026-03-11 15:36:11,11,333.0,5.55,3.02,2026-03-11
2026-03-13 16:02:56,1,333.0,5.55,3.02,2026-03-13
2026-03-13 16:02:56,2,433.0,7.22,3.02,2026-03-13
2026-03-13 16:02:56,3,319.0,5.32,3.14,2026-03-13
2026-03-13 16:02:56,4,314.0,5.23,3.19,2026-03-13
2026-03-13 16:02:56,1,333.0,5.55,3.02,2026-03-13
2026-03-13 16:02:56,2,433.0,7.22,3.02,2026-03-13
2026-03-13 16:02:56,3,319.0,5.32,3.14,2026-03-13
2026-03-13 16:02:56,4,314.0,5.23,3.19,2026-03-13
2026-03-13 16:02:56,5,356.0,5.93,3.33,2026-03-13
2026-03-13 16:02:56,6,299.0,4.98,3.35,2026-03-13
2026-03-13 16:02:56,7,298.0,4.97,3.36,2026-03-13
2026-03-13 16:02:56,8,321.0,5.35,3.31,2026-03-13
2026-03-13 16:02:56,9,287.0,4.78,3.39,2026-03-13
2026-03-13 16:02:56,10,306.0,5.1,3.37,2026-03-13
2026-03-13 16:02:56,11,290.0,4.83,3.45,2026-03-13
2026-03-13 16:02:56,12,303.0,5.05,3.31,2026-03-13
2026-03-13 16:02:56,13,305.0,5.08,3.29,2026-03-13
2026-03-13 16:02:56,14,299.0,4.98,3.36,2026-03-13
2026-03-13 16:02:56,15,352.0,5.87,3.36,2026-03-13
2026-03-13 16:02:56,16,279.0,4.65,3.38,2026-03-13
2026-03-13 16:02:56,17,318.0,5.3,3.16,2026-03-13
2026-03-13 16:02:56,18,316.0,5.27,3.17,2026-03-13
2026-03-13 16:02:56,19,322.0,5.37,3.11,2026-03-13
2026-03-15 07:05:21,1,374.0,6.23,2.82,2026-03-15
2026-03-15 07:05:21,2,366.0,6.1,2.75,2026-03-15
2026-03-15 07:05:21,3,355.0,5.92,2.82,2026-03-15
2026-03-15 07:05:21,4,339.0,5.65,2.99,2026-03-15
2026-03-15 07:05:21,5,575.0,9.58,2.98,2026-03-15
2026-03-15 07:05:21,6,318.0,5.3,3.09,2026-03-15
2026-03-15 07:05:21,7,341.0,5.68,2.94,2026-03-15
2026-03-15 07:05:21,8,344.0,5.73,3.03,2026-03-15
2026-03-15 07:05:21,9,359.0,5.98,3.09,2026-03-15
2026-03-15 07:05:21,10,325.0,5.42,3.08,2026-03-15
