date,steps
2016-10-20,57
2016-10-21,2997
2016-10-22,3526
2016-10-23,1808
2016-10-24,2051
2016-10-25,683
2016-10-26,2091
2016-10-27,3665
2016-10-28,2631
2016-10-29,13018
2016-10-30,1562
2016-10-31,4963
2016-11-01,1935
2016-11-02,2197
2016-11-03,1918
2016-11-04,2234
2016-11-05,1959
2016-11-06,2086
2016-11-07,1211
2016-11-08,2096
2016-11-09,1083
2016-11-10,1740
2016-11-11,1919
2016-11-12,1326
2016-11-13,1977
2016-11-14,3279
2016-11-15,871
2016-11-16,1473
2016-11-17,1765
2016-11-18,2222
2016-11-19,5005
2016-11-20,2293
2016-11-21,3876
2016-11-22,2799
2016-11-23,706
2016-11-24,1798
2016-11-25,4262
2016-11-26,3982
2016-11-27,2751
2016-11-28,4421
2016-11-29,892
2016-11-30,6567
2016-12-01,2092
2016-12-02,1973
2016-12-03,9185
2016-12-04,1604
2016-12-05,6792
2016-12-06,1314
2016-12-07,1048
2016-12-08,1447
2016-12-09,3817
2016-12-10,5523
2016-12-11,1611
2016-12-12,1846
2016-12-13,1287
2016-12-14,8934
2016-12-15,1989
2016-12-16,1989
2016-12-17,1315
2016-12-18,1629
2016-12-19,2045
2016-12-20,7604
2016-12-21,1228
2016-12-22,4835
2016-12-23,3176
2016-12-24,4093
2016-12-25,1955
2016-12-26,7514
2016-12-27,1697
2016-12-28,916
2016-12-29,636
2016-12-30,2272
2016-12-31,5306
2017-01-01,8037
2017-01-02,358
2017-01-03,766
2017-01-04,708
2017-01-05,1016
2017-01-06,866
2017-01-07,1943
2017-01-08,3799
2017-01-09,1783
2017-01-10,1859
2017-01-11,2043
2017-01-12,765
2017-01-13,1602
2017-01-14,2734
2017-01-15,2248
2017-01-16,995
2017-01-17,536
2017-01-18,833
2017-01-19,1065
2017-01-20,3355
2017-01-21,2409
2017-01-22,2172
2017-01-23,3069
2017-01-24,1312
2017-01-25,5150
2017-01-26,1618
2017-01-27,3582
2017-01-28,1837
2017-01-29,1396
2017-01-30,1564
2017-01-31,1863
2017-02-01,417
2017-02-02,2457
2017-02-03,1746
2017-02-04,1327
2017-02-05,2549
2017-02-06,2266
2017-02-07,1578
2017-02-08,646
2017-02-09,1581
2017-02-10,1926
2017-02-11,2564
2017-02-12,5641
2017-02-13,1877
2017-02-14,4120
2017-02-15,621
2017-02-16,2042
2017-02-17,1845
2017-02-18,1906
2017-02-19,10790
2017-02-20,542
2017-02-21,1672
2017-02-22,1920
2017-02-23,12549
2017-02-24,2136
2017-02-25,6106
2017-02-26,4836
2017-02-27,915
2017-02-28,1580
2017-03-01,1461
2017-03-02,1670
2017-03-03,917
2017-03-04,2566
2017-03-05,7079
2017-03-06,1462
2017-03-07,409
2017-03-08,1428
2017-03-09,6695
2017-03-10,1275
2017-03-11,7714
2017-03-12,2425
2017-03-13,1658
2017-03-14,502
2017-03-15,1196
2017-03-16,7496
2017-03-17,349
2017-03-18,11837
2017-03-19,1034
2017-03-20,1681
2017-03-21,675
2017-03-22,7668
2017-03-23,2175
2017-03-24,2004
2017-03-25,1064
2017-03-26,15397
2017-03-27,599
2017-03-28,524
2017-03-29,355
2017-03-30,2734
2017-03-31,2878
2017-04-01,3014
2017-04-02,5380
2017-04-03,1305
2017-04-04,5393
2017-04-05,2140
2017-04-06,1123
2017-04-07,25648
2017-04-08,18785
2017-04-09,18601
2017-04-10,1609
2017-04-11,1482
2017-04-12,1743
2017-04-13,5227
2017-04-14,3377
2017-04-15,1595
2017-04-16,9555
2017-04-17,1270
2017-04-18,1745
2017-04-19,2242
2017-04-20,1684
2017-04-21,1355
2017-04-22,3795
2017-04-23,1864
2017-04-24,2040
2017-04-25,1106
2017-04-26,1786
2017-04-27,2293
2017-04-28,4913
2017-04-29,9022
2017-04-30,822
2017-05-01,498
2017-05-02,868
2017-05-03,7615
2017-05-04,1426
2017-05-05,1035
2017-05-06,1077
2017-05-07,1418
2017-05-08,2720
2017-05-09,2442
2017-05-10,1008
2017-05-11,1446
2017-05-12,2863
2017-05-13,11531
2017-05-14,7172
2017-05-15,1079
2017-05-16,522
2017-05-17,14390
2017-05-18,1734
2017-05-19,747
2017-05-20,1253
2017-05-21,1495
2017-05-22,1701
2017-05-23,2093
2017-05-24,14829
2017-05-25,9097
2017-05-26,1434
2017-05-27,2141
2017-05-28,547
2017-05-29,2649
2017-05-30,1582
2017-05-31,1569
2017-06-01,639
2017-06-02,1204
2017-06-03,666
2017-06-04,1028
2017-06-05,3618
2017-06-06,1829
2017-06-07,1412
2017-06-08,1382
2017-06-09,1629
2017-06-10,614
2017-06-11,864
2017-06-12,1002
2017-06-13,1178
2017-06-14,1357
2017-06-15,892
2017-06-16,3255
2017-06-17,799
2017-06-18,1244
2017-06-19,1279
2017-06-20,1649
2017-06-21,1079
2017-06-22,1320
2017-06-23,2175
2017-06-24,2184
2017-06-25,3675
2017-06-26,1206
2017-06-27,1626
2017-06-28,4373
2017-06-29,3260
2017-06-30,4636
2017-07-01,7457
2017-07-02,8456
2017-07-03,4544
2017-07-04,3399
2017-07-05,1803
2017-07-06,4640
2017-07-07,3655
2017-07-08,2548
2017-07-09,2794
2017-07-10,1433
2017-07-11,2324
2017-07-12,2089
2017-07-13,4539
2017-07-14,1501
2017-07-15,4298
2017-07-16,2217
2017-07-17,2556
2017-07-18,2221
2017-07-19,2049
2017-07-20,1628
2017-07-21,12578
2017-07-22,5519
2017-07-23,1847
2017-07-24,1323
2017-07-25,2064
2017-07-26,3408
2017-07-27,2171
2017-07-28,2580
2017-07-29,4044
2017-07-30,2070
2017-07-31,8057
2017-08-01,1703
2017-08-02,9218
2017-08-03,2337
2017-08-04,3118
2017-08-05,17393
2017-08-06,18646
2017-08-07,5135
2017-08-08,2034
2017-08-09,5848
2017-08-10,2333
2017-08-11,3684
2017-08-12,3823
2017-08-13,4194
2017-08-14,5841
2017-08-15,3379
2017-08-16,7345
2017-08-17,2597
2017-08-18,3356
2017-08-19,7642
2017-08-20,7321
2017-08-21,2627
2017-08-22,1717
2017-08-23,2140
2017-08-24,2144
2017-08-25,2480
2017-08-26,2603
2017-08-27,3989
2017-08-28,2163
2017-08-29,2501
2017-08-30,3822
2017-08-31,1987
2017-09-01,2331
2017-09-02,3013
2017-09-03,3016
2017-09-04,1847
2017-09-05,2510
2017-09-06,1184
2017-09-07,7671
2017-09-08,3909
2017-09-09,7901
2017-09-10,4750
2017-09-11,1273
2017-09-12,1451
2017-09-13,2150
2017-09-14,2161
2017-09-15,1809
2017-09-16,7184
2017-09-17,11548
2017-09-18,3410
2017-09-19,1866
2017-09-20,1550
2017-09-21,8816
2017-09-22,2063
2017-09-23,3922
2017-09-24,1530
2017-09-25,6910
2017-09-26,1575
2017-09-27,3141
2017-09-28,3564
2017-09-29,5749
2017-09-30,3412
2017-10-01,3324
2017-10-02,6304
2017-10-03,2883
2017-10-04,2739
2017-10-05,2821
2017-10-06,7244
2017-10-07,2345
2017-10-08,2355
2017-10-09,12160
2017-10-10,2698
2017-10-11,1863
2017-10-12,7092
2017-10-13,1911
2017-10-14,4285
2017-10-15,2375
2017-10-16,2781
2017-10-17,1970
2017-10-18,12976
2017-10-19,3012
2017-10-20,3739
2017-10-21,3787
2017-10-22,2340
2017-10-23,2814
2017-10-24,2287
2017-10-25,4454
2017-10-26,6350
2017-10-27,1926
2017-10-28,1664
2017-10-29,4666
2017-10-30,6664
2017-10-31,2831
2017-11-01,1274
2017-11-02,5030
2017-11-03,6199
2017-11-04,11269
2017-11-05,5572
2017-11-06,3804
2017-11-07,2708
2017-11-08,1307
2017-11-09,2330
2017-11-10,1985
2017-11-11,5051
2017-11-12,5912
2017-11-13,1818
2017-11-14,1755
2017-11-15,1177
2017-11-16,2986
2017-11-17,1038
2017-11-18,3187
2017-11-19,3311
2017-11-20,1399
2017-11-21,942
2017-11-22,646
2017-11-23,1440
2017-11-24,3304
2017-11-25,1736
2017-11-26,5922
2017-11-27,1329
2017-11-28,2072
2017-11-29,1851
2017-11-30,3893
2017-12-01,3904
2017-12-02,6928
2017-12-03,2938
2017-12-04,2142
2017-12-05,1861
2017-12-06,967
2017-12-07,1415
2017-12-08,4425
2017-12-09,14827
2017-12-10,2923
2017-12-11,1274
2017-12-12,3439
2017-12-13,1453
2017-12-14,407
2017-12-15,926
2017-12-16,4310
2017-12-17,5899
2017-12-18,936
2017-12-19,1306
2017-12-20,669
2017-12-21,2055
2017-12-22,2187
2017-12-23,10091
2017-12-24,3454
2017-12-25,1618
2017-12-26,2125
2017-12-27,1196
2017-12-28,1397
2017-12-29,1163
2017-12-30,1838
2017-12-31,2389
2018-01-01,6634
2018-01-02,2134
2018-01-03,951
2018-01-04,1142
2018-01-05,1397
2018-01-06,5244
2018-01-07,5173
2018-01-08,3580
2018-01-09,5889
2018-01-10,4582
2018-01-11,5407
2018-01-12,1435
2018-01-13,1531
2018-01-14,2423
2018-01-15,1525
2018-01-16,1724
2018-01-17,1047
2018-01-18,806
2018-01-19,773
2018-01-20,217
2018-01-21,207
2018-01-22,644
2018-01-23,1542
2018-01-24,452
2018-01-25,957
2018-01-26,425
2018-01-27,6003
2018-01-28,1673
2018-01-29,672
2018-01-30,898
2018-01-31,1635
2018-02-01,8667
2018-02-02,2219
2018-02-03,1600
2018-02-04,7624
2018-02-05,1742
2018-02-06,1515
2018-02-07,928
2018-02-08,743
2018-02-09,1356
2018-02-10,3400
2018-02-11,12320
2018-02-12,12032
2018-02-13,16797
2018-02-14,13629
2018-02-15,10564
2018-02-16,11367
2018-02-17,7629
2018-02-18,8636
2018-02-19,1156
2018-02-20,2373
2018-02-21,534
2018-02-22,867
2018-02-23,870
2018-02-24,7911
2018-02-25,1054
2018-02-26,872
2018-02-27,204
2018-02-28,1648
2018-03-01,1041
2018-03-02,880
2018-03-03,10604
2018-03-04,3454
2018-03-05,1346
2018-03-06,638
2018-03-07,698
2018-03-08,1028
2018-03-09,644
2018-03-10,1950
2018-03-11,1271
2018-03-12,1016
2018-03-13,880
2018-03-14,10254
2018-03-15,806
2018-03-16,1367
2018-03-17,1371
2018-03-18,3864
2018-03-19,1617
2018-03-20,975
2018-03-21,9619
2018-03-22,1107
2018-03-23,2127
2018-03-24,1212
2018-03-25,15857
2018-03-26,1319
2018-03-27,1307
2018-03-28,1924
2018-03-29,901
2018-03-30,1521
2018-03-31,1601
2018-04-01,9327
2018-04-02,6780
2018-04-03,1070
2018-04-04,11697
2018-04-05,683
2018-04-06,1593
2018-04-07,14354
2018-04-08,15892
2018-04-09,1232
2018-04-10,385
2018-04-11,593
2018-04-12,7780
2018-04-13,1443
2018-04-14,3730
2018-04-15,887
2018-04-16,8089
2018-04-17,798
2018-04-18,1462
2018-04-19,2768
2018-04-20,2940
2018-04-21,1441
2018-04-22,1185
2018-04-23,6113
2018-04-24,500
2018-04-25,1169
2018-04-26,692
2018-04-27,11417
2018-04-28,1740
2018-04-29,3124
2018-04-30,741
2018-05-01,2333
2018-05-02,685
2018-05-03,7465
2018-05-04,3367
2018-05-05,2150
2018-05-06,1971
2018-05-07,2706
2018-05-08,683
2018-05-09,1870
2018-05-10,2741
2018-05-11,2678
2018-05-12,4214
2018-05-13,1226
2018-05-14,1946
2018-05-15,1468
2018-05-16,2055
2018-05-17,784
2018-05-18,1123
2018-05-19,989
2018-05-20,7360
2018-05-21,1636
2018-05-22,2330
2018-05-23,1127
2018-05-24,620
2018-05-25,2919
2018-05-26,1518
2018-05-27,1114
2018-05-28,1827
2018-05-29,1030
2018-05-30,3074
2018-05-31,620
2018-06-01,1391
2018-06-02,808
2018-06-03,1606
2018-06-04,820
2018-06-05,1025
2018-06-06,1307
2018-06-07,5979
2018-06-08,2294
2018-06-09,3030
2018-06-10,1031
2018-06-11,634
2018-06-12,1647
2018-06-13,277
2018-06-14,1794
2018-06-15,4207
2018-06-16,9021
2018-06-17,17449
2018-06-18,1063
2018-06-19,2328
2018-06-20,1156
2018-06-21,2499
2018-06-22,793
2018-06-23,953
2018-06-24,3830
2018-06-25,3987
2018-06-26,2403
2018-06-27,2457
2018-06-28,3408
2018-06-29,2885
2018-06-30,1026
2018-07-01,2153
2018-07-02,5155
2018-07-03,17580
2018-07-04,2077
2018-07-05,8888
2018-07-06,885
2018-07-07,1020
2018-07-08,8090
2018-07-09,4023
2018-07-10,1488
2018-07-11,1233
2018-07-12,5923
2018-07-13,2902
2018-07-14,4081
2018-07-15,1088
2018-07-16,1850
2018-07-17,3827
2018-07-18,1005
2018-07-19,1160
2018-07-20,1553
2018-07-21,1808
2018-07-22,1116
2018-07-23,1871
2018-07-24,1571
2018-07-25,1718
2018-07-26,2756
2018-07-27,2566
2018-07-28,3132
2018-07-29,2385
2018-07-30,5239
2018-07-31,3995
2018-08-01,4911
2018-08-02,1915
2018-08-03,1923
2018-08-04,18170
2018-08-05,20059
2018-08-06,2895
2018-08-07,4094
2018-08-08,5514
2018-08-09,3397
2018-08-10,1679
2018-08-11,2563
2018-08-12,1390
2018-08-13,1494
2018-08-14,1901
2018-08-15,3811
2018-08-16,4244
2018-08-17,1411
2018-08-18,2199
2018-08-19,1317
2018-08-20,1202
2018-08-21,4223
2018-08-22,909
2018-08-23,1747
2018-08-24,1596
2018-08-25,19267
2018-08-26,1370
2018-08-27,4572
2018-08-28,2438
2018-08-29,2522
2018-08-30,2274
2018-08-31,2124
2018-09-01,5937
2018-09-02,4543
2018-09-03,9150
2018-09-04,21235
2018-09-05,5597
2018-09-06,5694
2018-09-07,13516
2018-09-08,11735
2018-09-09,4958
2018-09-10,5713
2018-09-11,4367
2018-09-12,6258
2018-09-13,10062
2018-09-14,6939
2018-09-15,2726
2018-09-16,19751
2018-09-17,4960
2018-09-18,529
2018-09-19,15372
2018-09-23,204
2018-09-24,4555
2018-09-26,5192
2018-09-29,9096
2018-10-03,1987
2018-10-04,1240
2018-10-05,600
2018-10-06,18126
2018-10-14,126
2018-10-15,1970
2018-10-16,2922
2018-10-17,35202
2018-10-23,3153
2018-10-24,484
2018-10-25,12933
2018-10-26,7909
2018-10-27,7905
2018-10-28,8144
2018-10-29,4238
2018-10-30,77
2018-10-31,11896
2018-11-04,332
2018-11-05,41061
2018-11-16,10003
2018-11-17,701
2018-11-18,3600
2018-11-19,1100
2018-11-20,4194
2018-11-21,1572
2018-11-22,3940
2018-11-23,4173
2018-11-24,2040
2018-11-25,6445
2018-11-26,3517
2018-11-27,779
2018-11-28,664
2018-11-29,657
2018-11-30,2265
2018-12-01,3445
2018-12-02,1682
2018-12-03,1498
2018-12-04,5079
2018-12-05,3987
2018-12-06,4566
2018-12-07,1299
2018-12-08,4370
2018-12-09,1532
2018-12-10,5417
2018-12-11,5055
2018-12-12,1981
2018-12-13,4400
2018-12-14,1981
2018-12-15,4946
2018-12-16,2860
2018-12-17,1772
2018-12-18,4963
2018-12-19,1393
2018-12-20,4535
2018-12-21,1491
2018-12-22,3452
2018-12-23,1262
2018-12-24,11030
2018-12-25,3065
2018-12-26,1603
2018-12-27,5226
2018-12-28,1844
2018-12-29,5838
2018-12-30,6800
2018-12-31,3426
2019-01-01,7696
2019-01-02,880
2019-01-03,3541
2019-01-04,662
2019-01-05,4522
2019-01-06,1917
2019-01-07,3341
2019-01-08,4762
2019-01-09,1777
2019-01-10,4992
2019-01-11,6560
2019-01-12,6698
2019-01-13,966
2019-01-14,1556
2019-01-15,3611
2019-01-16,4703
2019-01-17,2043
2019-01-18,2184
2019-01-19,2796
2019-01-20,1922
2019-01-21,4643
2019-01-22,4976
2019-01-23,4477
2019-01-24,5193
2019-01-25,1982
2019-01-26,2192
2019-01-27,2746
2019-01-28,2779
2019-01-29,5076
2019-01-30,1925
2019-01-31,4945
2019-02-01,2258
2019-02-02,2672
2019-02-03,1641
2019-02-04,3925
2019-02-05,1343
2019-02-06,1035
2019-02-07,6860
2019-02-08,5513
2019-02-09,5053
2019-02-10,3530
2019-02-11,390
2019-02-12,3896
2019-02-13,3721
2019-02-14,3795
2019-02-15,2663
2019-02-16,1566
2019-02-17,2026
2019-02-18,5178
2019-02-19,1524
2019-02-20,4294
2019-02-21,1121
2019-02-22,4885
2019-02-23,6289
2019-02-24,1683
2019-02-25,1626
2019-02-26,4575
2019-02-27,4450
2019-02-28,4382
2019-03-01,2160
2019-03-02,11365
2019-03-03,3804
2019-03-04,1012
2019-03-05,1392
2019-03-06,857
2019-03-07,930
2019-03-08,1082
2019-03-09,2166
2019-03-10,1766
2019-03-11,2300
2019-03-12,3990
2019-03-13,1022
2019-03-14,1010
2019-03-15,2015
2019-03-16,2187
2019-03-17,2146
2019-03-18,1386
2019-03-19,5259
2019-03-20,2335
2019-03-21,5128
2019-03-22,7137
2019-03-23,1722
2019-03-24,2939
2019-03-25,4601
2019-03-26,787
2019-03-27,5499
2019-03-28,5406
2019-03-29,1483
2019-03-30,7427
2019-03-31,3692
2019-04-01,3840
2019-04-02,1850
2019-04-03,4835
2019-04-04,5464
2019-04-05,763
2019-04-06,2659
2019-04-07,4791
2019-04-08,2039
2019-04-09,5158
2019-04-10,4935
2019-04-11,4842
2019-04-12,5687
2019-04-13,3400
2019-04-14,6509
2019-04-15,2844
2019-04-16,4556
2019-04-17,4404
2019-04-18,4895
2019-04-19,5049
2019-04-20,2789
2019-04-21,2656
2019-04-22,5813
2019-04-23,5210
2019-04-24,1041
2019-04-25,4116
2019-04-26,3407
2019-04-27,12871
2019-04-28,4249
2019-04-29,6229
2019-04-30,6223
2019-05-01,3374
2019-05-02,4708
2019-05-03,6164
2019-05-04,4721
2019-05-05,8661
2019-05-06,689
2019-05-07,2936
2019-05-08,789
2019-05-09,1274
2019-05-10,1544
2019-05-11,1944
2019-05-12,3647
2019-05-13,3878
2019-05-14,2869
2019-05-15,1964
2019-05-16,1440
2019-05-17,4595
2019-05-18,3363
2019-05-19,1437
2019-05-20,2357
2019-05-21,4777
2019-05-22,4348
2019-05-23,1660
2019-05-24,4909
2019-05-25,2769
2019-05-26,723
2019-05-27,4548
2019-05-28,1675
2019-05-29,1519
2019-05-30,3453
2019-05-31,1578
2019-06-01,1128
2019-06-02,1974
2019-06-03,1625
2019-06-04,6831
2019-06-05,6007
2019-06-06,1845
2019-06-07,5035
2019-06-08,6993
2019-06-09,7072
2019-06-10,2955
2019-06-11,7533
2019-06-12,2571
2019-06-13,5230
2019-06-14,2245
2019-06-15,3254
2019-06-16,10754
2019-06-17,4004
2019-06-18,3527
2019-06-19,3935
2019-06-20,2995
2019-06-21,3223
2019-06-22,10683
2019-06-23,4285
2019-06-24,1093
2019-06-25,1597
2019-06-26,3466
2019-06-27,6370
2019-06-28,24059
2019-06-29,28959
2019-06-30,19337
2019-07-01,1407
2019-07-02,5184
2019-07-03,5613
2019-07-04,1276
2019-07-05,1953
2019-07-06,4509
2019-07-07,2334
2019-07-08,5903
2019-07-09,2379
2019-07-10,1632
2019-07-11,2100
2019-07-12,3354
2019-07-13,6756
2019-07-14,4763
2019-07-15,4203
2019-07-16,4671
2019-07-17,11752
2019-07-18,14021
2019-07-19,11633
2019-07-20,6451
2019-07-21,8790
2019-07-22,11104
2019-07-23,10481
2019-07-24,11934
2019-07-25,9061
2019-07-26,18731
2019-07-27,6226
2019-07-28,2277
2019-07-29,1606
2019-07-30,4388
2019-07-31,1058
2019-08-01,1695
2019-08-02,2566
2019-08-03,19260
2019-08-04,17120
2019-08-05,269
2019-08-06,4091
2019-08-07,4139
2019-08-08,2653
2019-08-09,1562
2019-08-10,3625
2019-08-11,1327
2019-08-12,1450
2019-08-13,6776
2019-08-14,3361
2019-08-15,2429
2019-08-16,1714
2019-08-17,1157
2019-08-18,1136
2019-08-19,1235
2019-08-20,4423
2019-08-21,2551
2019-08-22,1405
2019-08-23,3338
2019-08-24,16092
2019-08-25,6422
2019-08-26,703
2019-08-27,4183
2019-08-28,4739
2019-08-29,1744
2019-08-30,2553
2019-08-31,5726
2019-09-01,4238
2019-09-02,3346
2019-09-03,2061
2019-09-04,1555
2019-09-05,2307
2019-09-06,6817
2019-09-07,9680
2019-09-08,3186
2019-09-09,5028
2019-09-10,8613
2019-09-11,4274
2019-09-12,4942
2019-09-13,4197
2019-09-14,4124
2019-09-15,2099
2019-09-16,826
2019-09-17,7123
2019-09-18,8147
2019-09-19,13664
2019-09-20,12835
2019-09-21,25389
2019-09-22,9031
2019-09-23,8399
2019-09-24,10300
2019-09-25,12731
2019-09-26,10679
2019-09-27,15383
2019-09-28,8432
2019-09-29,5460
2019-09-30,22367
2019-10-01,13494
2019-10-02,12775
2019-10-03,13973
2019-10-04,19264
2019-10-05,53827
2019-10-06,22535
2019-10-07,5865
2019-10-08,13624
2019-10-09,6561
2019-10-10,14127
2019-10-11,15444
2019-10-12,16963
2019-10-13,16112
2019-10-14,20127
2019-10-15,7692
2019-10-16,6529
2019-10-17,13111
2019-10-18,13185
2019-10-19,8289
2019-10-20,6104
2019-10-21,9415
2019-10-22,11522
2019-10-23,13189
2019-10-24,23014
2019-10-25,26991
2019-10-26,6016
2019-10-27,17079
2019-10-28,10238
2019-10-29,3616
2019-10-30,3492
2019-10-31,5943
2019-11-01,9115
2019-11-02,8256
2019-11-03,6022
2019-11-04,38963
2019-11-05,9711
2019-11-06,10941
2019-11-07,8007
2019-11-08,6829
2019-11-09,6737
2019-11-10,25218
2019-11-11,11825
2019-11-12,7869
2019-11-13,12985
2019-11-14,12323
2019-11-15,8717
2019-11-16,7752
2019-11-17,4855
2019-11-18,4527
2019-11-19,9577
2019-11-20,7887
2019-11-21,7654
2019-11-22,9147
2019-11-23,7839
2019-11-24,8438
2019-11-25,12133
2019-11-26,10739
2019-11-27,6735
2019-11-28,6411
2019-11-29,11967
2019-11-30,10784
2019-12-01,2123
2019-12-02,679
2019-12-03,3186
2019-12-04,4045
2019-12-05,12366
2019-12-06,7672
2019-12-07,11712
2019-12-08,9150
2019-12-09,6548
2019-12-10,11103
2019-12-11,8740
2019-12-12,18950
2019-12-13,11387
2019-12-14,9721
2019-12-15,12354
2019-12-16,10109
2019-12-17,3626
2019-12-18,13243
2019-12-19,6706
2019-12-20,7093
2019-12-21,20685
2019-12-22,19683
2019-12-23,10823
2019-12-24,8791
2019-12-25,6900
2019-12-26,6126
2019-12-27,8698
2019-12-28,16508
2019-12-29,38658
2019-12-30,15001
2019-12-31,21676
2020-01-01,9574
2020-01-02,8768
2020-01-03,15624
2020-01-04,11091
2020-01-05,9104
2020-01-06,10133
2020-01-07,10474
2020-01-08,5581
2020-01-09,14789
2020-01-10,23159
2020-01-11,11952
2020-01-12,8972
2020-01-13,20257
2020-01-14,14728
2020-01-15,15417
2020-01-16,30408
2020-01-17,14417
2020-01-18,7896
2020-01-19,30914
2020-01-20,27669
2020-01-21,20237
2020-01-22,20396
2020-01-23,39438
2020-01-24,7319
2020-01-25,21833
2020-01-26,22463
2020-01-27,28352
2020-01-28,16803
2020-01-29,14580
2020-01-30,14674
2020-01-31,20475
2020-02-01,38814
2020-02-02,14330
2020-02-03,14397
2020-02-04,19481
2020-02-05,20864
2020-02-06,17063
2020-02-07,16019
2020-02-08,18218
2020-02-09,7213
2020-02-10,21062
2020-02-11,11612
2020-02-12,16671
2020-02-13,15732
2020-02-14,20121
2020-02-15,25510
2020-02-16,23343
2020-02-17,20184
2020-02-18,17402
2020-02-19,17153
2020-02-20,12056
2020-02-21,18902
2020-02-22,55099
2020-02-23,6115
2020-02-24,15229
2020-02-25,11418
2020-02-26,18188
2020-02-27,14517
2020-02-28,15375
2020-02-29,16085
2020-03-01,32647
2020-03-02,17972
2020-03-03,24667
2020-03-04,25131
2020-03-05,15755
2020-03-06,33111
2020-03-07,22265
2020-03-08,28197
2020-03-09,26701
2020-03-10,20435
2020-03-11,26498
2020-03-12,16826
2020-03-13,32201
2020-03-14,12155
2020-03-15,24722
2020-03-16,17287
2020-03-17,15973
2020-03-18,36252
2020-03-19,30235
2020-03-20,8789
2020-03-21,14982
2020-03-22,41940
2020-03-23,18002
2020-03-24,10799
2020-03-25,26306
2020-03-26,29672
2020-03-27,16941
2020-03-28,18647
2020-03-29,16710
2020-03-30,16489
2020-03-31,5900
2020-04-01,26799
2020-04-02,5734
2020-04-03,25918
2020-04-04,26928
2020-04-05,33590
2020-04-06,36591
2020-04-07,1949
2020-04-08,7754
2020-04-09,20183
2020-04-10,19274
2020-04-11,27689
2020-04-12,35454
2020-04-13,7008
2020-04-14,6021
2020-04-15,31753
2020-04-16,22920
2020-04-17,33398
2020-04-18,16323
2020-04-19,18081
2020-04-20,8763
2020-04-21,29602
2020-04-22,5721
2020-04-23,8737
2020-04-24,19723
2020-04-25,28707
2020-04-26,42567
2020-04-27,6493
2020-04-28,4325
2020-04-29,10423
2020-04-30,26995
2020-05-01,27640
2020-05-02,25863
2020-05-03,28924
2020-05-04,3608
2020-05-05,26879
2020-05-06,36849
2020-05-07,7991
2020-05-08,4886
2020-05-09,17953
2020-05-10,24045
2020-05-11,27818
2020-05-12,9970
2020-05-13,19021
2020-05-14,31346
2020-05-15,12072
2020-05-16,32190
2020-05-17,12695
2020-05-18,22702
2020-05-19,2185
2020-05-20,21691
2020-05-21,29078
2020-05-22,19979
2020-05-23,18755
2020-05-24,44621
2020-05-25,5246
2020-05-26,3410
2020-05-27,12526
2020-05-28,32601
2020-05-29,14994
2020-05-30,31174
2020-05-31,29172
2020-06-01,7084
2020-06-02,3430
2020-06-03,5234
2020-06-04,31001
2020-06-05,29015
2020-06-06,33018
2020-06-07,28504
2020-06-08,2614
2020-06-09,2426
2020-06-10,17057
2020-06-11,17381
2020-06-12,26304
2020-06-13,32823
2020-06-14,29521
2020-06-15,2174
2020-06-16,8858
2020-06-17,8248
2020-06-18,23540
2020-06-19,28151
2020-06-20,23630
2020-06-21,29242
2020-06-22,19296
2020-06-23,5545
2020-06-24,3412
2020-06-25,19711
2020-06-26,16099
2020-06-27,28497
2020-06-28,5080
2020-06-29,2293
2020-06-30,3337
2020-07-01,22432
2020-07-02,15217
2020-07-03,29436
2020-07-04,41637
2020-07-05,31254
2020-07-06,2580
2020-07-07,6598
2020-07-08,10478
2020-07-09,25825
2020-07-10,27453
2020-07-11,28192
2020-07-12,26162
2020-07-13,10046
2020-07-14,11519
2020-07-15,10814
2020-07-16,7497
2020-07-17,7291
2020-07-18,49158
2020-07-19,11983
2020-07-20,39350
2020-07-21,9759
2020-07-22,2770
2020-07-23,8269
2020-07-24,9383
2020-07-25,20135
2020-07-26,2262
2020-07-27,9967
2020-07-28,9717
2020-07-29,19039
2020-07-30,8726
2020-07-31,8507
2020-08-01,10905
2020-08-02,21348
2020-08-03,18586
2020-08-04,5713
2020-08-05,10024
2020-08-06,23020
2020-08-07,6732
2020-08-08,27262
2020-08-09,16491
2020-08-10,7280
2020-08-11,2722
2020-08-12,3061
2020-08-13,10024
2020-08-14,5999
2020-08-15,8778
2020-08-16,9870
2020-08-17,9457
2020-08-18,3730
2020-08-19,9238
2020-08-20,8281
2020-08-21,27948
2020-08-22,26930
2020-08-23,7637
2020-08-24,8993
2020-08-25,9969
2020-08-26,9908
2020-08-27,8712
2020-08-28,7881
2020-08-29,8026
2020-08-30,2980
2020-08-31,13678
2020-09-01,21065
2020-09-02,15821
2020-09-03,12574
2020-09-04,9482
2020-09-05,11308
2020-09-06,11146
2020-09-07,25287
2020-09-08,16533
2020-09-09,19366
2020-09-10,36100
2020-09-11,10625
2020-09-12,2134
2020-09-13,27991
2020-09-14,9251
2020-09-15,9039
2020-09-16,3584
2020-09-17,6815
2020-09-18,9029
2020-09-19,8731
2020-09-20,7969
2020-09-21,26705
2020-09-22,5008
2020-09-23,9186
2020-09-24,4039
2020-09-25,5281
2020-09-26,7840
2020-09-27,7064
2020-09-28,5724
2020-09-29,7682
2020-09-30,9559
2020-10-01,2456
2020-10-02,6848
2020-10-03,5196
2020-10-04,7092
2020-10-05,16012
2020-10-06,8543
2020-10-07,4427
2020-10-08,5094
2020-10-09,5981
2020-10-10,10143
2020-10-11,10877
2020-10-12,1593
2020-10-13,7455
2020-10-14,9211
2020-10-15,948
2020-10-16,9689
2020-10-17,2927
2020-10-18,7694
2020-10-19,1676
2020-10-20,3243
2020-10-21,9322
2020-10-22,1993
2020-10-23,12392
2020-10-24,6156
2020-10-25,29128
2020-10-26,2876
2020-10-27,6783
2020-10-28,6679
2020-10-29,5316
2020-10-30,12617
2020-10-31,25783
2020-11-01,29033
2020-11-02,3653
2020-11-03,2571
2020-11-04,665
2020-11-05,8545
2020-11-06,1077
2020-11-07,36388
2020-11-08,1139
2020-11-09,10873
2020-11-10,6286
2020-11-11,15801
2020-11-12,1754
2020-11-13,28127
2020-11-14,11773
2020-11-15,13614
2020-11-16,1663
2020-11-17,7597
2020-11-18,1664
2020-11-19,4525
2020-11-20,7209
2020-11-21,3904
2020-11-22,2396
2020-11-23,2200
2020-11-24,3136
2020-11-25,4498
2020-11-26,5346
2020-11-27,16534
2020-11-28,7372
2020-11-29,5798
2020-11-30,10102
2020-12-01,14925
2020-12-02,2135
2020-12-03,3736
2020-12-04,10987
2020-12-05,6043
2020-12-06,19621
2020-12-07,3119
2020-12-08,13135
2020-12-09,6320
2020-12-10,2719
2020-12-11,8140
2020-12-12,24777
2020-12-13,7367
2020-12-14,2370
2020-12-15,3025
2020-12-16,34207
2020-12-17,7378
2020-12-18,3605
2020-12-19,16467
2020-12-20,28539
2020-12-21,3033
2020-12-22,2110
2020-12-23,6115
2020-12-24,6523
2020-12-25,5809
2020-12-26,26204
2020-12-27,8506
2020-12-28,18088
2020-12-29,7046
2020-12-30,7554
2020-12-31,25807
2021-01-01,11151
2021-01-02,964
2021-01-03,2636
2021-01-04,10203
2021-01-05,2271
2021-01-06,7389
2021-01-07,2717
2021-01-08,20550
2021-01-09,7509
2021-01-10,30250
2021-01-11,1210
2021-01-12,8674
2021-01-13,1630
2021-01-14,2332
2021-01-15,3875
2021-01-16,17251
2021-01-17,21052
2021-01-18,6534
2021-01-19,2458
2021-01-20,1855
2021-01-21,4624
2021-01-22,2741
2021-01-23,26175
2021-01-24,5425
2021-01-25,3426
2021-01-26,845
2021-01-27,15247
2021-01-28,1157
2021-01-29,24449
2021-01-30,5342
2021-01-31,4102
2021-02-01,3323
2021-02-02,5943
2021-02-03,841
2021-02-04,7623
2021-02-05,19689
2021-02-06,6345
2021-02-07,35312
2021-02-08,2069
2021-02-09,858
2021-02-10,27386
2021-02-11,6696
2021-02-12,3808
2021-02-13,23866
2021-02-14,4087
2021-02-15,6701
2021-02-16,2047
2021-02-17,1723
2021-02-18,2855
2021-02-19,6397
2021-02-20,34037
2021-02-21,18550
2021-02-22,20783
2021-02-23,5163
2021-02-24,16817
2021-02-25,6150
2021-02-26,5485
2021-02-27,3578
2021-02-28,16915
2021-03-01,2951
2021-03-02,3268
2021-03-03,3336
2021-03-04,667
2021-03-05,6879
2021-03-06,26104
2021-03-07,15823
2021-03-08,9103
2021-03-09,6582
2021-03-10,10010
2021-03-11,983
2021-03-12,5624
2021-03-13,19634
2021-03-14,4636
2021-03-15,15401
2021-03-16,9853
2021-03-17,3685
2021-03-18,13566
2021-03-19,4952
2021-03-20,20446
2021-03-21,1322
2021-03-22,7001
2021-03-23,1782
2021-03-24,17337
2021-03-25,1780
2021-03-26,2237
2021-03-27,6765
2021-03-28,1757
2021-03-29,522
2021-03-30,6954
2021-03-31,21218
2021-04-01,14286
2021-04-02,14896
2021-04-03,16825
2021-04-04,15774
2021-04-05,4098
2021-04-06,8279
2021-04-07,3984
2021-04-08,27002
2021-04-09,8373
2021-04-10,17103
2021-04-11,10399
2021-04-12,25541
2021-04-13,13664
2021-04-14,7933
2021-04-15,4548
2021-04-16,5765
2021-04-17,8005
2021-04-18,16557
2021-04-19,7051
2021-04-20,2491
2021-04-21,5627
2021-04-22,5287
2021-04-23,4045
2021-04-24,34976
2021-04-25,30762
2021-04-26,3710
2021-04-27,2091
2021-04-28,3895
2021-04-29,2110
2021-04-30,2263
2021-05-01,24149
2021-05-02,9400
2021-05-03,2618
2021-05-04,3196
2021-05-05,15158
2021-05-06,7039
2021-05-07,3223
2021-05-08,23515
2021-05-09,3415
2021-05-10,8618
2021-05-11,1847
2021-05-12,3828
2021-05-13,10691
2021-05-14,19464
2021-05-15,29826
2021-05-16,13116
2021-05-17,14479
2021-05-18,6253
2021-05-19,1611
2021-05-20,14503
2021-05-21,12048
2021-05-22,10535
2021-05-23,16897
2021-05-24,20963
2021-05-25,9465
2021-05-26,12631
2021-05-27,9839
2021-05-28,15219
2021-05-29,14549
2021-05-30,26110
2021-05-31,3620
2021-06-01,15456
2021-06-02,20249
2021-06-03,18662
2021-06-04,9787
2021-06-05,37113
2021-06-06,11507
2021-06-07,21604
2021-06-08,27021
2021-06-09,20546
2021-06-10,13788
2021-06-11,9601
2021-06-12,24925
2021-06-13,17446
2021-06-14,18814
2021-06-15,10054
2021-06-16,11057
2021-06-17,12178
2021-06-18,12673
2021-06-19,31386
2021-06-20,3608
2021-06-21,7280
2021-06-22,9083
2021-06-23,9729
2021-06-24,8818
2021-06-25,11930
2021-06-26,12751
2021-06-27,4048
2021-06-28,9273
2021-06-29,9738
2021-06-30,9714
2021-07-01,11335
2021-07-02,17442
2021-07-03,17219
2021-07-04,5334
2021-07-05,9106
2021-07-06,17551
2021-07-07,18212
2021-07-08,9650
2021-07-09,8584
2021-07-10,9575
2021-07-11,14117
2021-07-12,5359
2021-07-13,7259
2021-07-14,4972
2021-07-15,8448
2021-07-16,44311
2021-07-17,33969
2021-07-18,1268
2021-07-19,24315
2021-07-20,7482
2021-07-21,8197
2021-07-22,4692
2021-07-23,8089
2021-07-24,8662
2021-07-25,5156
2021-07-26,7359
2021-07-27,12500
2021-07-28,10153
2021-07-29,6488
2021-07-30,8644
2021-07-31,10675
2021-08-01,4789
2021-08-02,3503
2021-08-03,3014
2021-08-04,10127
2021-08-05,4910
2021-08-06,15661
2021-08-07,2479
2021-08-08,14297
2021-08-09,2887
2021-08-10,16528
2021-08-11,18823
2021-08-12,6608
2021-08-13,10588
2021-08-14,8880
2021-08-15,12276
2021-08-16,6170
2021-08-17,8088
2021-08-18,6425
2021-08-19,5370
2021-08-20,10297
2021-08-21,27144
2021-08-22,5555
2021-08-23,5737
2021-08-24,6576
2021-08-25,838
2021-08-26,11889
2021-08-27,6849
2021-08-28,5259
2021-08-29,19030
2021-08-30,15467
2021-08-31,7934
2021-09-01,6418
2021-09-02,10205
2021-09-03,18330
2021-09-04,21373
2021-09-05,6134
2021-09-06,6704
2021-09-07,23239
2021-09-08,27796
2021-09-09,46774
2021-09-10,32312
2021-09-11,22074
2021-09-12,29151
2021-09-13,6057
2021-09-14,14516
2021-09-15,3398
2021-09-16,17812
2021-09-17,9499
2021-09-18,8470
2021-09-19,9624
2021-09-20,6069
2021-09-21,18970
2021-09-22,34277
2021-09-23,14940
2021-09-24,39557
2021-09-25,7710
2021-09-26,27688
2021-09-27,1786
2021-09-28,3525
2021-09-29,11232
2021-09-30,3266
2021-10-01,13653
2021-10-02,16502
2021-10-03,5017
2021-10-04,10113
2021-10-05,4641
2021-10-06,6069
2021-10-07,6852
2021-10-08,4795
2021-10-09,24619
2021-10-10,8499
2021-10-11,4628
2021-10-12,3767
2021-10-13,3940
2021-10-14,4704
2021-10-15,2234
2021-10-16,26454
2021-10-17,6252
2021-10-18,6025
2021-10-19,10913
2021-10-20,5133
2021-10-21,6047
2021-10-22,13549
2021-10-23,5232
2021-10-24,4962
2021-10-25,3241
2021-10-26,4220
2021-10-27,18775
2021-10-28,6139
2021-10-29,16394
2021-10-30,9858
2021-10-31,4451
2021-11-01,8200
2021-11-02,5963
2021-11-03,7376
2021-11-04,4989
2021-11-05,6868
2021-11-06,29771
2021-11-07,9679
2021-11-08,6982
2021-11-09,24457
2021-11-10,9644
2021-11-11,7345
2021-11-12,8385
2021-11-13,22740
2021-11-14,5549
2021-11-15,14285
2021-11-16,5841
2021-11-17,1882
2021-11-18,4830
2021-11-19,7549
2021-11-20,7583
2021-11-21,5276
2021-11-22,6701
2021-11-23,2921
2021-11-24,5831
2021-11-25,8560
2021-11-26,2737
2021-11-27,23097
2021-11-28,8843
2021-11-29,15533
2021-11-30,4952
2021-12-01,3432
2021-12-02,5207
2021-12-03,8131
2021-12-04,23364
2021-12-05,8496
2021-12-06,404
2021-12-07,6393
2021-12-08,1353
2021-12-09,2953
2021-12-10,5250
2021-12-11,19174
2021-12-12,7064
2021-12-13,793
2021-12-14,4994
2021-12-15,8316
2021-12-16,8266
2021-12-17,8212
2021-12-18,19588
2021-12-19,6947
2021-12-20,7536
2021-12-21,8298
2021-12-22,3437
2021-12-23,2060
2021-12-24,9268
2021-12-25,4920
2021-12-26,6728
2021-12-27,9026
2021-12-28,13024
2021-12-29,10507
2021-12-30,11118
2021-12-31,14671
2022-01-01,9165
2022-01-02,10803
2022-01-03,8947
2022-01-04,9986
2022-01-05,9169
2022-01-06,12187
2022-01-07,6677
2022-01-08,10841
2022-01-09,7230
2022-01-10,6986
2022-01-11,7656
2022-01-12,10153
2022-01-13,3906
2022-01-14,5518
2022-01-15,18381
2022-01-16,7064
2022-01-17,6896
2022-01-18,9885
2022-01-19,6885
2022-01-20,4135
2022-01-21,8882
2022-01-22,23637
2022-01-23,2920
2022-01-24,670
2022-01-25,6584
2022-01-26,3385
2022-01-27,3079
2022-01-28,5566
2022-01-29,22154
2022-01-30,10089
2022-01-31,2571
2022-02-01,11404
2022-02-02,7320
2022-02-03,2605
2022-02-04,6878
2022-02-05,9627
2022-02-06,5397
2022-02-07,4497
2022-02-08,11605
2022-02-09,5945
2022-02-10,2355
2022-02-11,5998
2022-02-12,7220
2022-02-13,1984
2022-02-14,7994
2022-02-15,4575
2022-02-16,1662
2022-02-17,876
2022-02-18,1283
2022-02-19,1354
2022-02-20,1711
2022-02-21,2403
2022-02-22,4379
2022-02-23,1608
2022-02-24,2222
2022-02-25,2564
2022-02-26,11712
2022-02-27,5895
2022-02-28,602
2022-03-01,1361
2022-03-02,5279
2022-03-03,3808
2022-03-04,1485
2022-03-05,7733
2022-03-06,1905
2022-03-07,9352
2022-03-08,4333
2022-03-09,4699
2022-03-10,3796
2022-03-11,2023
2022-03-12,11266
2022-03-13,2824
2022-03-14,7408
2022-03-15,3971
2022-03-16,2766
2022-03-17,1636
2022-03-18,2728
2022-03-19,14517
2022-03-20,1647
2022-03-21,2101
2022-03-22,21981
2022-03-23,3404
2022-03-24,1759
2022-03-25,6819
2022-03-26,19534
2022-03-27,13078
2022-03-28,9551
2022-03-29,6953
2022-03-30,7881
2022-03-31,4127
2022-04-01,7056
2022-04-02,9644
2022-04-03,6442
2022-04-04,16567
2022-04-05,4962
2022-04-06,10657
2022-04-07,4027
2022-04-08,6354
2022-04-09,9830
2022-04-10,7550
2022-04-11,25080
2022-04-12,4148
2022-04-13,5429
2022-04-14,4836
2022-04-15,5555
2022-04-16,24657
2022-04-17,9556
2022-04-18,7862
2022-04-19,8501
2022-04-20,10331
2022-04-21,4282
2022-04-22,8919
2022-04-23,5867
2022-04-24,13858
2022-04-25,9677
2022-04-26,4887
2022-04-27,11603
2022-04-28,8457
2022-04-29,6477
2022-04-30,7922
2022-05-01,9372
2022-05-02,13467
2022-05-03,28162
2022-05-04,48940
2022-05-05,45765
2022-05-06,16110
2022-05-07,16209
2022-05-08,11282
2022-05-09,19947
2022-05-10,10770
2022-05-11,9912
2022-05-12,6735
2022-05-13,6742
2022-05-14,5496
2022-05-15,11278
2022-05-16,11162
2022-05-17,5080
2022-05-18,8525
2022-05-19,4698
2022-05-20,10415
2022-05-21,10116
2022-05-22,10288
2022-05-23,6373
2022-05-24,3372
2022-05-25,6369
2022-05-26,18569
2022-05-27,8293
2022-05-28,15173
2022-05-29,6072
2022-05-30,10302
2022-05-31,10985
2022-06-01,11062
2022-06-02,3629
2022-06-03,6204
2022-06-04,13680
2022-06-05,5403
2022-06-06,10361
2022-06-07,5125
2022-06-08,5525
2022-06-09,13475
2022-06-10,5838
2022-06-11,10477
2022-06-12,10904
2022-06-13,1250
2022-06-14,5841
2022-06-15,13167
2022-06-16,8432
2022-06-17,4196
2022-06-18,14091
2022-06-19,12219
2022-06-20,12159
2022-06-21,9413
2022-06-22,2950
2022-06-23,5726
2022-06-24,23328
2022-06-25,19767
2022-06-26,11185
2022-06-27,27866
2022-06-28,5776
2022-06-29,17910
2022-06-30,5929
2022-07-01,18536
2022-07-02,10158
2022-07-03,2052
2022-07-04,5524
2022-07-05,4936
2022-07-06,8935
2022-07-07,3608
2022-07-08,8117
2022-07-09,23674
2022-07-10,8609
2022-07-11,12405
2022-07-12,5374
2022-07-13,24129
2022-07-14,9712
2022-07-15,12345
2022-07-16,473
2022-07-17,1829
2022-07-18,4793
2022-07-19,8537
2022-07-20,5964
2022-07-21,4336
2022-07-22,5757
2022-07-23,6359
2022-07-24,14744
2022-07-25,3316
2022-07-26,14469
2022-07-27,5959
2022-07-28,8146
2022-07-29,21550
2022-07-30,21805
2022-07-31,3515
2022-08-01,9214
2022-08-02,6404
2022-08-03,9850
2022-08-04,12160
2022-08-05,8567
2022-08-06,44620
2022-08-07,8923
2022-08-08,10849
2022-08-09,6403
2022-08-10,8760
2022-08-11,7871
2022-08-12,11603
2022-08-13,11603
2022-08-14,9374
2022-08-15,9562
2022-08-16,10055
2022-08-17,5381
2022-08-18,4477
2022-08-19,11484
2022-08-20,8690
2022-08-21,8885
2022-08-22,13590
2022-08-23,4217
2022-08-24,8335
2022-08-25,7250
2022-08-26,21599
2022-08-27,4900
2022-08-28,18841
2022-08-29,19244
2022-08-30,4275
2022-08-31,5965
2022-09-01,5194
2022-09-02,14160
2022-09-03,10526
2022-09-04,24139
2022-09-05,8507
2022-09-06,14257
2022-09-07,8285
2022-09-08,22321
2022-09-09,30972
2022-09-10,29835
2022-09-11,22138
2022-09-12,26066
2022-09-13,6520
2022-09-14,14585
2022-09-15,5910
2022-09-16,26258
2022-09-17,2630
2022-09-18,20408
2022-09-19,8925
2022-09-20,13308
2022-09-21,23071
2022-09-22,13255
2022-09-23,35509
2022-09-24,30637
2022-09-25,41689
2022-09-26,4254
2022-09-27,4535
2022-09-28,23323
2022-09-29,6022
2022-09-30,22587
2022-10-01,10538
2022-10-02,28961
2022-10-03,7297
2022-10-04,6498
2022-10-05,3630
2022-10-06,9434
2022-10-07,10916
2022-10-08,12580
2022-10-09,38162
2022-10-10,8501
2022-10-11,5539
2022-10-12,5124
2022-10-13,3855
2022-10-14,3146
2022-10-15,9560
2022-10-16,14686
2022-10-17,14889
2022-10-18,4376
2022-10-19,7639
2022-10-20,18149
2022-10-21,7439
2022-10-22,18395
2022-10-23,44470
2022-10-24,13759
2022-10-25,5569
2022-10-26,4729
2022-10-27,4442
2022-10-28,4654
2022-10-29,22652
2022-10-30,36638
2022-10-31,8280
2022-11-01,4114
2022-11-02,16809
2022-11-03,7278
2022-11-04,17540
2022-11-05,10292
2022-11-06,18193
2022-11-07,5938
2022-11-08,4670
2022-11-09,14172
2022-11-10,4460
2022-11-11,8822
2022-11-12,29743
2022-11-13,19344
2022-11-14,8706
2022-11-15,5451
2022-11-16,5214
2022-11-17,4825
2022-11-18,8613
2022-11-19,7043
2022-11-20,4075
2022-11-21,5770
2022-11-22,5267
2022-11-23,6079
2022-11-24,2162
2022-11-25,5752
2022-11-26,11084
2022-11-27,23098
2022-11-28,2976
2022-11-29,5411
2022-11-30,6818
2022-12-01,1834
2022-12-02,8989
2022-12-03,26343
2022-12-04,8102
2022-12-05,6818
2022-12-06,5295
2022-12-07,15293
2022-12-08,6133
2022-12-09,3969
2022-12-10,8640
2022-12-11,8415
2022-12-12,27981
2022-12-13,6882
2022-12-14,5725
2022-12-15,6510
2022-12-16,5520
2022-12-17,1995
2022-12-18,12118
2022-12-19,2388
2022-12-20,2674
2022-12-21,1193
2022-12-22,933
2022-12-23,2118
2022-12-24,14553
2022-12-25,3377
2022-12-26,8567
2022-12-27,4557
2022-12-28,1147
2022-12-29,1656
2022-12-30,1581
2022-12-31,18919
2023-01-01,4390
2023-01-02,1744
2023-01-03,5842
2023-01-04,2621
2023-01-05,1616
2023-01-06,630
2023-01-07,4075
2023-01-08,35285
2023-01-09,1121
2023-01-10,3929
2023-01-11,2613
2023-01-12,5823
2023-01-13,3349
2023-01-14,7407
2023-01-15,17472
2023-01-16,5540
2023-01-17,6295
2023-01-18,1528
2023-01-19,2274
2023-01-20,4044
2023-01-21,15794
2023-01-22,14772
2023-01-23,9852
2023-01-24,7737
2023-01-25,6375
2023-01-26,20550
2023-01-27,4820
2023-01-28,21422
2023-01-29,5247
2023-01-30,3067
2023-01-31,6473
2023-02-01,5058
2023-02-02,6432
2023-02-03,5308
2023-02-04,10776
2023-02-05,15101
2023-02-06,10792
2023-02-07,12557
2023-02-08,19147
2023-02-09,6507
2023-02-10,2975
2023-02-11,18095
2023-02-12,15928
2023-02-13,6165
2023-02-14,14145
2023-02-15,4183
2023-02-16,2525
2023-02-17,5521
2023-02-18,8706
2023-02-19,16480
2023-02-20,7883
2023-02-21,5671
2023-02-22,8201
2023-02-23,5103
2023-02-24,5813
2023-02-25,18304
2023-02-26,7278
2023-02-27,6695
2023-02-28,5450
2023-03-01,9427
2023-03-02,8379
2023-03-03,6447
2023-03-04,2879
2023-03-05,23951
2023-03-06,6557
2023-03-07,6206
2023-03-08,13067
2023-03-09,6246
2023-03-10,12665
2023-03-11,11170
2023-03-12,7549
2023-03-13,8889
2023-03-14,7230
2023-03-15,5859
2023-03-16,5426
2023-03-17,6472
2023-03-18,10930
2023-03-19,21922
2023-03-20,10810
2023-03-21,2095
2023-03-22,6470
2023-03-23,4615
2023-03-24,2883
2023-03-25,6606
2023-03-26,6552
2023-03-27,6540
2023-03-28,6944
2023-03-29,4696
2023-03-30,4680
2023-03-31,4605
2023-04-01,9606
2023-04-02,11625
2023-04-03,8482
2023-04-04,13927
2023-04-05,5975
2023-04-06,5523
2023-04-07,5234
2023-04-08,10519
2023-04-09,9466
2023-04-10,10536
2023-04-11,12205
2023-04-12,5644
2023-04-13,7834
2023-04-14,4064
2023-04-15,9732
2023-04-16,12401
2023-04-17,6679
2023-04-18,5485
2023-04-19,3670
2023-04-20,8716
2023-04-21,9273
2023-04-22,10022
2023-04-23,9643
2023-04-24,3340
2023-04-25,5009
2023-04-26,4711
2023-04-27,17823
2023-04-28,5983
2023-04-29,24162
2023-04-30,14565
2023-05-01,909
2023-05-02,10830
2023-05-03,5441
2023-05-04,2177
2023-05-05,20308
2023-05-06,11609
2023-05-07,15896
2023-05-08,6241
2023-05-09,7323
2023-05-10,1692
2023-05-11,3894
2023-05-12,9270
2023-05-13,11065
2023-05-14,8955
2023-05-15,4439
2023-05-16,3273
2023-05-17,3954
2023-05-18,10976
2023-05-19,18846
2023-05-20,5513
2023-05-21,14151
2023-05-22,5426
2023-05-23,13745
2023-05-24,7185
2023-05-25,6051
2023-05-26,1611
2023-05-27,11506
2023-05-28,17128
2023-05-29,12480
2023-05-30,12682
2023-05-31,26242
2023-06-01,6542
2023-06-02,9194
2023-06-03,18987
2023-06-04,2198
2023-06-05,8157
2023-06-06,3656
2023-06-07,4612
2023-06-08,6178
2023-06-09,5308
2023-06-10,8161
2023-06-11,10288
2023-06-12,10442
2023-06-13,7430
2023-06-14,5917
2023-06-15,6024
2023-06-16,11434
2023-06-17,8864
2023-06-18,14837
2023-06-19,5761
2023-06-20,7265
2023-06-21,7336
2023-06-22,4227
2023-06-23,5133
2023-06-24,2465
2023-06-25,11894
2023-06-26,6123
2023-06-27,1004
2023-06-28,6775
2023-06-29,3985
2023-06-30,24293
2023-07-01,9721
2023-07-02,9970
2023-07-03,1730
2023-07-04,6387
2023-07-05,4147
2023-07-06,3639
2023-07-07,1849
2023-07-08,16067
2023-07-09,1329
2023-07-10,2139
2023-07-11,8413
2023-07-12,1040
2023-07-13,7882
2023-07-14,4825
2023-07-15,18718
2023-07-16,3869
2023-07-17,22777
2023-07-18,2798
2023-07-19,16790
2023-07-20,4534
2023-07-21,4051
2023-07-22,8643
2023-07-23,8473
2023-07-24,9293
2023-07-25,5941
2023-07-26,9014
2023-07-27,6014
2023-07-28,5345
2023-07-29,2512
2023-07-30,11721
2023-07-31,7857
2023-08-01,6326
2023-08-02,4646
2023-08-03,5527
2023-08-04,4742
2023-08-05,8505
2023-08-06,38198
2023-08-07,6302
2023-08-08,6111
2023-08-09,10598
2023-08-10,12300
2023-08-11,15065
2023-08-12,9807
2023-08-13,25305
2023-08-14,6467
2023-08-15,4253
2023-08-16,9772
2023-08-17,14872
2023-08-18,14774
2023-08-19,8158
2023-08-20,19009
2023-08-21,6433
2023-08-22,12891
2023-08-23,6271
2023-08-24,9056
2023-08-25,2879
2023-08-26,4529
2023-08-27,11522
2023-08-28,5625
2023-08-29,6873
2023-08-30,2957
2023-08-31,5054
2023-09-01,6962
2023-09-02,11207
2023-09-03,8789
2023-09-04,27281
2023-09-05,15182
2023-09-06,10014
2023-09-07,5061
2023-09-08,10837
2023-09-09,34665
2023-09-10,29594
2023-09-11,11410
2023-09-12,25116
2023-09-13,10635
2023-09-14,4227
2023-09-15,4805
2023-09-16,24904
2023-09-17,8764
2023-09-18,7013
2023-09-19,13117
2023-09-20,18126
2023-09-21,9597
2023-09-22,9938
2023-09-23,14067
2023-09-24,1511
2023-09-25,7221
2023-09-26,4136
2023-09-27,6728
2023-09-28,4937
2023-09-29,6099
2023-09-30,12225
2023-10-01,8196
2023-10-02,10553
2023-10-03,5411
2023-10-04,5741
2023-10-05,8777
2023-10-06,7032
2023-10-07,9291
2023-10-08,21623
2023-10-09,5214
2023-10-10,5929
2023-10-11,8010
2023-10-12,5417
2023-10-13,3069
2023-10-14,18104
2023-10-15,2654
2023-10-16,6477
2023-10-17,5192
2023-10-18,8031
2023-10-19,3325
2023-10-20,4161
2023-10-21,32019
2023-10-22,1743
2023-10-23,2707
2023-10-24,5935
2023-10-25,3485
2023-10-26,6865
2023-10-27,10159
2023-10-28,9871
2023-10-29,1481
2023-10-30,693
2023-10-31,950
2023-11-01,5999
2023-11-02,11892
2023-11-03,12611
2023-11-04,7631
2023-11-05,15588
2023-11-06,3363
2023-11-07,7056
2023-11-08,8639
2023-11-09,11581
2023-11-10,2232
2023-11-11,3577
2023-11-12,11805
2023-11-13,8081
2023-11-14,6930
2023-11-15,6745
2023-11-16,5763
2023-11-17,3243
2023-11-18,11239
2023-11-19,18244
2023-11-20,6337
2023-11-21,7826
2023-11-22,8003
2023-11-23,5368
2023-11-24,3586
2023-11-25,12471
2023-11-26,6457
2023-11-27,3339
2023-11-28,4699
2023-11-29,8050
2023-11-30,1605
2023-12-01,3103
2023-12-02,6754
2023-12-03,11519
2023-12-04,2790
2023-12-05,7874
2023-12-06,6699
2023-12-07,3388
2023-12-08,7059
2023-12-09,13326
2023-12-10,12793
2023-12-11,7597
2023-12-12,5057
2023-12-13,4959
2023-12-14,2670
2023-12-15,7897
2023-12-16,10930
2023-12-17,15690
2023-12-18,9477
2023-12-19,6934
2023-12-20,8173
2023-12-21,5978
2023-12-22,6265
2023-12-23,8172
2023-12-24,7006
2023-12-25,8041
2023-12-26,11266
2023-12-27,8374
2023-12-28,17746
2023-12-29,10395
2023-12-30,13545
2023-12-31,11267
2024-01-01,22620
2024-01-02,9885
2024-01-03,7907
2024-01-04,5469
2024-01-05,6602
2024-01-06,6919
2024-01-07,7894
2024-01-08,5178
2024-01-09,7010
2024-01-10,4632
2024-01-11,7062
2024-01-12,6956
2024-01-13,6581
2024-01-14,8519
2024-01-15,15577
2024-01-16,16496
2024-01-17,5306
2024-01-18,6138
2024-01-19,6661
2024-01-20,9973
2024-01-21,9942
2024-01-22,7829
2024-01-23,6345
2024-01-24,5617
2024-01-25,6242
2024-01-26,14498
2024-01-27,10136
2024-01-28,18004
2024-01-29,11231
2024-01-30,5465
2024-01-31,7390
2024-02-01,7110
2024-02-02,5688
2024-02-03,6781
2024-02-04,17417
2024-02-05,8273
2024-02-06,5918
2024-02-07,11644
2024-02-08,6870
2024-02-09,8804
2024-02-10,22511
2024-02-11,4663
2024-02-12,6151
2024-02-13,7682
2024-02-14,4031
2024-02-15,5811
2024-02-16,2652
2024-02-17,23025
2024-02-18,8086
2024-02-19,5969
2024-02-20,11909
2024-02-21,7091
2024-02-22,6322
2024-02-23,6560
2024-02-24,13066
2024-02-25,31735
2024-02-26,7898
2024-02-27,6326
2024-02-28,23180
2024-02-29,6200
2024-03-01,5791
2024-03-02,32613
2024-03-03,11509
2024-03-04,9024
2024-03-05,5110
2024-03-06,7021
2024-03-07,21923
2024-03-08,6168
2024-03-09,15097
2024-03-10,7717
2024-03-11,7596
2024-03-12,5941
2024-03-13,6322
2024-03-14,9063
2024-03-15,4967
2024-03-16,11838
2024-03-17,24591
2024-03-18,11864
2024-03-19,6619
2024-03-20,9367
2024-03-21,7756
2024-03-22,21338
2024-03-23,8860
2024-03-24,4985
2024-03-25,14080
2024-03-26,7696
2024-03-27,4662
2024-03-28,6584
2024-03-29,5809
2024-03-30,10973
2024-03-31,9339
2024-04-01,15174
2024-04-02,6016
2024-04-03,8232
2024-04-04,7372
2024-04-05,6237
2024-04-06,6274
2024-04-07,8257
2024-04-08,12806
2024-04-09,4795
2024-04-10,8496
2024-04-11,6902
2024-04-12,19954
2024-04-13,8665
2024-04-14,19996
2024-04-15,14337
2024-04-16,6577
2024-04-17,6846
2024-04-18,6827
2024-04-19,9136
2024-04-20,10519
2024-04-21,25582
2024-04-22,9432
2024-04-23,6244
2024-04-24,8795
2024-04-25,8414
2024-04-26,7077
2024-04-27,20431
2024-04-28,17039
2024-04-29,5812
2024-04-30,11442
2024-05-01,8259
2024-05-02,10298
2024-05-03,7002
2024-05-04,14845
2024-05-05,22310
2024-05-06,13401
2024-05-07,5476
2024-05-08,8961
2024-05-09,18001
2024-05-10,7092
2024-05-11,12911
2024-05-12,11220
2024-05-13,8857
2024-05-14,15745
2024-05-15,5205
2024-05-16,6689
2024-05-17,19955
2024-05-18,12427
2024-05-19,11609
2024-05-20,7406
2024-05-21,6019
2024-05-22,11973
2024-05-23,15626
2024-05-24,29196
2024-05-25,7286
2024-05-26,7536
2024-05-27,2858
2024-05-28,8752
2024-05-29,7203
2024-05-30,4358
2024-05-31,7373
2024-06-01,14351
2024-06-02,9122
2024-06-03,10023
2024-06-04,5281
2024-06-05,11195
2024-06-06,7715
2024-06-07,13870
2024-06-08,18415
2024-06-09,9356
2024-06-10,17661
2024-06-11,9783
2024-06-12,8064
2024-06-13,6564
2024-06-14,6108
2024-06-15,11375
2024-06-16,9405
2024-06-17,15193
2024-06-18,11421
2024-06-19,23120
2024-06-20,22565
2024-06-21,4843
2024-06-22,18883
2024-06-23,9935
2024-06-24,5835
2024-06-25,23429
2024-06-26,6582
2024-06-27,8002
2024-06-28,8853
2024-06-29,9850
2024-06-30,18549
2024-07-01,10122
2024-07-02,7233
2024-07-03,8317
2024-07-04,12299
2024-07-05,11179
2024-07-06,8752
2024-07-07,10203
2024-07-08,5277
2024-07-09,5927
2024-07-10,5012
2024-07-11,4665
2024-07-12,7651
2024-07-13,33996
2024-07-14,4635
2024-07-15,9107
2024-07-16,5250
2024-07-17,12272
2024-07-18,8549
2024-07-19,13672
2024-07-20,15468
2024-07-21,16148
2024-07-22,7564
2024-07-23,3473
2024-07-24,12525
2024-07-25,16283
2024-07-26,6237
2024-07-27,6094
2024-07-28,11495
2024-07-29,10354
2024-07-30,6039
2024-07-31,9847
2024-08-01,4235
2024-08-02,6890
2024-08-03,6842
2024-08-04,39456
2024-08-05,12021
2024-08-06,6445
2024-08-07,10753
2024-08-08,7732
2024-08-09,6211
2024-08-10,14520
2024-08-11,8251
2024-08-12,9035
2024-08-13,5740
2024-08-14,9313
2024-08-15,5135
2024-08-16,6099
2024-08-17,8147
2024-08-18,10938
2024-08-19,5922
2024-08-20,4933
2024-08-21,8935
2024-08-22,6019
2024-08-23,5501
2024-08-24,9164
2024-08-25,5135
2024-08-26,10257
2024-08-27,6017
2024-08-28,5747
2024-08-29,5784
2024-08-30,10378
2024-08-31,12776
2024-09-01,20557
2024-09-02,13836
2024-09-03,12109
2024-09-04,2211
2024-09-05,34696
2024-09-06,10393
2024-09-07,8717
2024-09-08,11326
2024-09-09,18148
2024-09-10,42548
2024-09-11,7546
2024-09-12,37558
2024-09-13,13441
2024-09-14,16792
2024-09-15,13975
2024-09-16,25197
2024-09-17,12763
2024-09-18,12203
2024-09-19,15394
2024-09-20,11821
2024-09-21,18804
2024-09-22,11262
2024-09-23,5711
2024-09-24,4410
2024-09-25,9681
2024-09-26,5935
2024-09-27,3271
2024-09-28,22374
2024-09-29,7031
2024-09-30,5056
2024-10-01,11405
2024-10-02,10813
2024-10-03,4321
2024-10-04,6832
2024-10-05,12565
2024-10-06,3923
2024-10-07,4055
2024-10-08,7503
2024-10-09,7282
2024-10-10,4810
2024-10-11,6929
2024-10-12,8062
2024-10-13,22675
2024-10-14,4233
2024-10-15,6126
2024-10-16,9551
2024-10-17,4801
2024-10-18,19874
2024-10-19,4497
2024-10-20,18163
2024-10-21,2688
2024-10-22,1701
2024-10-23,3489
2024-10-24,20867
2024-10-25,3358
2024-10-26,20799
2024-10-27,9903
2024-10-28,8254
2024-10-29,8252
2024-10-30,6044
2024-10-31,12347
2024-11-01,1931
2024-11-02,21894
2024-11-03,16948
2024-11-04,19310
2024-11-05,6614
2024-11-06,6368
2024-11-07,6314
2024-11-08,13351
2024-11-09,11136
2024-11-10,22007
2024-11-11,7091
2024-11-12,7495
2024-11-13,6385
2024-11-14,3712
2024-11-15,4512
2024-11-16,7788
2024-11-17,3198
2024-11-18,4199
2024-11-19,5204
2024-11-20,6409
2024-11-21,1903
2024-11-22,1646
2024-11-23,8440
2024-11-24,6827
2024-11-25,1338
2024-11-26,6216
2024-11-27,6689
2024-11-28,5836
2024-11-29,2692
2024-11-30,6158
2024-12-01,28991
2024-12-02,5101
2024-12-03,5126
2024-12-04,6724
2024-12-05,12234
2024-12-06,5529
2024-12-07,1755
2024-12-08,6916
2024-12-09,1739
2024-12-10,1715
2024-12-11,2157
2024-12-12,1705
2024-12-13,8418
2024-12-14,7625
2024-12-15,14190
2024-12-16,6354
2024-12-17,10715
2024-12-18,5375
2024-12-19,5505
2024-12-20,14987
2024-12-21,8895
2024-12-22,7678
2024-12-23,7227
2024-12-24,7038
2024-12-25,7906
2024-12-26,8992
2024-12-27,24339
2024-12-28,3381
2024-12-29,2478
2024-12-30,9881
2024-12-31,2273
2025-01-01,9542
2025-01-02,13231
2025-01-03,9106
2025-01-04,4571
2025-01-05,7964
2025-01-06,5799
2025-01-07,10636
2025-01-08,8293
2025-01-09,11626
2025-01-10,12359
2025-01-11,8711
2025-01-12,17373
2025-01-13,3358
2025-01-14,10245
2025-01-15,10621
2025-01-16,4493
2025-01-17,5827
2025-01-18,12333
2025-01-19,6358
2025-01-20,5660
2025-01-21,10370
2025-01-22,10339
2025-01-23,11266
2025-01-24,748
2025-01-25,3922
2025-01-26,21775
2025-01-27,3906
2025-01-28,5004
2025-01-29,14434
2025-01-30,4218
2025-01-31,1486
2025-02-01,980
2025-02-02,30970
2025-02-03,508
2025-02-04,419
2025-02-05,2624
2025-02-06,6718
2025-02-07,701
2025-02-08,15837
2025-02-09,14556
2025-02-10,8603
2025-02-11,4876
2025-02-12,4630
2025-02-13,4666
2025-02-14,28060
2025-02-15,2184
2025-02-16,19308
2025-02-17,1619
2025-02-18,17771
2025-02-19,4440
2025-02-20,1299
2025-02-21,1827
2025-02-22,25075
2025-02-23,8311
2025-02-24,5372
2025-02-25,12299
2025-02-26,10993
2025-02-27,4937
2025-02-28,22222
2025-03-01,8098
2025-03-02,6224
2025-03-03,20208
2025-03-04,6477
2025-03-05,26219
2025-03-06,3733
2025-03-07,21657
2025-03-08,7191
2025-03-09,20272
2025-03-10,8229
2025-03-11,6362
2025-03-12,4633
2025-03-13,4659
2025-03-14,26752
2025-03-15,9713
2025-03-16,21102
2025-03-17,3875
2025-03-18,3962
2025-03-19,2044
2025-03-20,9549
2025-03-21,12914
2025-03-22,29668
2025-03-23,8431
2025-03-24,8635
2025-03-25,5012
2025-03-26,6461
2025-03-27,3679
2025-03-28,3443
2025-03-29,12753
2025-03-30,40834
2025-03-31,4982
2025-04-01,3528
2025-04-02,8359
2025-04-03,6299
2025-04-04,2519
2025-04-05,8225
2025-04-06,13394
2025-04-07,7339
2025-04-08,9261
2025-04-09,4969
2025-04-10,4589
2025-04-11,5558
2025-04-12,15207
2025-04-13,12600
2025-04-14,6357
2025-04-15,4458
2025-04-16,6163
2025-04-17,3034
2025-04-18,6153
2025-04-19,12092
2025-04-20,23542
2025-04-21,7318
2025-04-22,9046
2025-04-23,7005
2025-04-24,1659
2025-04-25,7199
2025-04-26,9366
2025-04-27,19602
2025-04-28,3532
2025-04-29,4409
2025-04-30,12962
2025-05-01,4797
2025-05-02,6160
2025-05-03,18815
2025-05-04,4920
2025-05-05,13433
2025-05-06,4119
2025-05-07,5343
2025-05-08,5567
2025-05-09,4944
2025-05-10,13913
2025-05-11,7937
2025-05-12,25477
2025-05-13,4938
2025-05-14,5261
2025-05-15,6873
2025-05-16,11128
2025-05-17,24345
2025-05-18,16661
2025-05-19,7383
2025-05-20,2885
2025-05-21,6187
2025-05-22,4446
2025-05-23,5725
2025-05-24,9501
2025-05-25,5135
2025-05-26,4214
2025-05-27,4529
2025-05-28,6213
2025-05-29,6107
2025-05-30,12562
2025-05-31,9945
2025-06-01,10215
2025-06-02,8506
2025-06-03,8827
2025-06-04,6736
2025-06-05,3620
2025-06-06,5489
2025-06-07,4500
2025-06-08,17432
2025-06-09,14639
2025-06-10,11192
2025-06-11,4842
2025-06-12,4903
2025-06-13,11768
2025-06-14,4475
2025-06-15,26753
2025-06-16,10522
2025-06-17,1679
2025-06-18,2243
2025-06-19,5926
2025-06-20,9401
2025-06-21,10021
2025-06-22,29865
2025-06-23,14839
2025-06-24,9644
2025-06-25,10494
2025-06-26,16602
2025-06-27,35591
2025-06-28,22176
2025-06-29,32273
2025-06-30,6755
2025-07-01,4243
2025-07-02,6830
2025-07-03,6695
2025-07-04,28353
2025-07-05,5844
2025-07-06,31835
2025-07-07,8029
2025-07-08,5404
2025-07-09,15118
2025-07-10,5849
2025-07-11,7290
2025-07-12,3476
2025-07-13,34603
2025-07-14,13514
2025-07-15,10149
2025-07-16,15578
2025-07-17,4003
2025-07-18,20754
2025-07-19,11922
2025-07-20,27989
2025-07-21,5474
2025-07-22,10090
2025-07-23,19562
2025-07-24,22424
2025-07-25,12941
2025-07-26,10140
2025-07-27,32954
2025-07-28,5948
2025-07-29,2602
2025-07-30,11130
2025-07-31,1538
2025-08-01,11073
2025-08-02,7656
2025-08-03,55317
2025-08-04,2634
2025-08-05,10895
2025-08-06,5742
2025-08-07,2993
2025-08-08,46102
2025-08-09,4253
2025-08-10,39628
2025-08-11,1849
2025-08-12,11480
2025-08-13,9306
2025-08-14,4983
2025-08-15,6978
2025-08-16,5612
2025-08-17,34675
2025-08-18,20492
2025-08-19,10821
2025-08-20,6044
2025-08-21,5802
2025-08-22,26511
2025-08-23,5652
2025-08-24,39296
2025-08-25,7257
2025-08-26,9889
2025-08-27,30730
2025-08-28,5373
2025-08-29,6206
2025-08-30,28287
2025-08-31,11754
2025-09-01,41715
2025-09-02,13494
2025-09-03,13450
2025-09-04,15989
2025-09-05,35399
2025-09-06,7573
2025-09-07,50184
2025-09-08,12219
2025-09-09,13091
2025-09-10,20353
2025-09-11,38005
2025-09-12,15654
2025-09-13,8775
2025-09-14,34236
2025-09-15,7058
2025-09-16,29523
2025-09-17,13788
2025-09-18,9377
2025-09-19,19731
2025-09-20,12913
2025-09-21,24596
2025-09-22,4407
2025-09-23,4190
2025-09-24,20949
2025-09-25,3976
2025-09-26,11832
2025-09-27,10282
2025-09-28,30759
2025-09-29,10026
2025-09-30,6639
2025-10-01,8418
2025-10-02,19769
2025-10-03,6173
2025-10-04,22125
2025-10-05,30512
2025-10-06,14656
2025-10-07,5346
2025-10-08,7093
2025-10-09,22141
2025-10-10,11836
2025-10-11,3316
2025-10-12,35958
2025-10-13,11461
2025-10-14,4370
2025-10-15,13402
2025-10-16,20266
2025-10-17,4469
2025-10-18,16652
2025-10-19,44307
2025-10-20,9479
2025-10-21,14520
2025-10-22,8105
2025-10-23,5715
2025-10-24,16600
2025-10-25,13679
2025-10-26,32213
2025-10-27,16338
2025-10-28,10214
2025-10-29,6434
2025-10-30,17657
2025-10-31,3584
2025-11-01,20208
2025-11-02,17741
2025-11-03,9625
2025-11-04,6514
2025-11-05,7117
2025-11-06,19928
2025-11-07,3990
2025-11-08,20899
2025-11-09,18857
2025-11-10,15016
2025-11-11,22455
2025-11-12,5568
2025-11-13,17539
2025-11-14,7014
2025-11-15,17522
2025-11-16,21514
2025-11-17,8355
2025-11-18,31780
2025-11-19,5877
2025-11-20,18447
2025-11-21,5577
2025-11-22,14564
2025-11-23,18381
2025-11-24,13706
2025-11-25,16877
2025-11-26,9808
2025-11-27,19406
2025-11-28,6511
2025-11-29,14099
2025-11-30,18245
2025-12-01,9570
2025-12-02,7492
2025-12-03,3731
2025-12-04,14781
2025-12-05,7091
2025-12-06,16814
2025-12-07,21427
2025-12-08,10109
2025-12-09,10743
2025-12-10,6391
2025-12-11,15803
2025-12-12,9678
2025-12-13,15365
2025-12-14,38452
2025-12-15,6655
2025-12-16,5892
2025-12-17,7240
2025-12-18,6725
2025-12-19,15256
2025-12-20,11548
2025-12-21,26692
2025-12-22,24364
2025-12-23,16451
2025-12-24,9280
2025-12-25,18914
2025-12-26,10569
2025-12-27,16318
2025-12-28,16579
2025-12-29,13651
2025-12-30,26755
2025-12-31,11527
2026-01-01,19479
2026-01-02,1609
2026-01-03,12824
2026-01-04,7388
2026-01-05,14300
2026-01-06,17399
2026-01-07,6104
2026-01-08,3792
2026-01-09,7666
2026-01-10,12949
2026-01-11,36601
2026-01-12,7888
2026-01-13,19242
2026-01-14,7544
2026-01-15,19613
2026-01-16,3445
2026-01-17,13574
2026-01-18,35856
2026-01-19,5255
2026-01-20,10798
2026-01-21,5729
2026-01-22,13322
2026-01-23,7901
2026-01-24,9375
2026-01-25,33769
2026-01-26,4159
2026-01-27,6231
2026-01-28,7444
2026-01-29,6991
2026-01-30,38219
2026-01-31,1378
2026-02-01,17592
2026-02-02,7847
2026-02-03,4763
2026-02-04,22428
2026-02-05,4130
2026-02-06,39925
2026-02-07,17980
2026-02-08,21025
2026-02-09,9883
2026-02-10,5317
2026-02-11,28467
2026-02-12,5700
2026-02-13,39363
2026-02-14,16688
2026-02-15,21532
2026-02-16,7486
2026-02-17,29065
2026-02-18,7685
2026-02-19,3652
2026-02-20,27205
2026-02-21,12375
2026-02-22,29265
2026-02-23,4709
2026-02-24,3398
2026-02-25,24167
2026-02-26,5117
2026-02-27,3237
2026-02-28,43881
2026-03-01,15524
2026-03-02,9347
2026-03-03,3848
2026-03-04,24300
2026-03-05,4514
2026-03-06,21548
2026-03-07,11216
2026-03-08,51018
2026-03-09,8732
2026-03-10,2880
2026-03-11,25028
2026-03-12,5518
2026-03-13,43278
2026-03-14,7224
2026-03-15,20167
2026-03-16,10941
