date,resting_hr,min_hr,max_hr,measurements
2019-09-17,61.4,51.0,123.0,417
2019-09-18,52.8,50.0,142.0,653
2019-09-19,53.1,50.0,120.0,714
2019-09-20,54.9,45.0,118.0,709
2019-09-21,54.0,49.0,140.0,691
2019-09-22,52.0,42.0,129.0,711
2019-09-23,52.4,50.0,126.0,602
2019-09-24,51.0,38.0,134.0,720
2019-09-25,51.3,47.0,133.0,711
2019-09-26,51.4,48.0,130.0,715
2019-09-27,54.1,50.0,130.0,678
2019-09-28,58.4,43.0,122.0,661
2019-09-29,51.2,48.0,131.0,670
2019-09-30,50.0,47.0,112.0,679
2019-10-01,51.3,47.0,115.0,714
2019-10-02,52.0,46.0,123.0,708
2019-10-03,52.1,48.0,134.0,704
2019-10-04,52.8,49.0,111.0,694
2019-10-05,51.6,50.0,132.0,720
2019-10-06,50.2,45.0,123.0,691
2019-10-07,49.0,45.0,120.0,604
2019-10-08,50.1,41.0,126.0,662
2019-10-09,52.2,40.0,143.0,717
2019-10-10,50.0,40.0,134.0,667
2019-10-11,57.6,44.0,132.0,521
2019-10-12,55.2,50.0,140.0,717
2019-10-13,54.2,41.0,134.0,708
2019-10-14,51.3,46.0,105.0,645
2019-10-15,51.9,43.0,119.0,716
2019-10-16,48.2,31.0,120.0,714
2019-10-17,47.7,41.0,132.0,704
2019-10-18,51.3,47.0,122.0,689
2019-10-19,53.9,50.0,120.0,712
2019-10-20,48.4,36.0,116.0,709
2019-10-21,50.8,49.0,111.0,677
2019-10-22,48.5,47.0,131.0,688
2019-10-23,51.0,45.0,114.0,712
2019-10-24,53.1,49.0,117.0,719
2019-10-25,51.9,47.0,120.0,697
2019-10-26,50.2,40.0,122.0,715
2019-10-27,50.3,47.0,138.0,672
2019-10-28,47.0,33.0,119.0,715
2019-10-29,48.2,43.0,125.0,710
2019-11-01,54.9,49.0,119.0,709
2019-11-02,54.5,51.0,138.0,709
2019-11-03,51.3,50.0,127.0,634
2019-11-04,50.4,43.0,124.0,711
2019-11-05,49.0,41.0,132.0,699
2019-11-06,50.8,39.0,123.0,707
2019-11-07,53.2,49.0,123.0,709
2019-11-08,56.0,52.0,111.0,712
2019-11-09,53.8,53.0,117.0,413
2019-11-10,53.2,51.0,164.0,710
2019-11-11,52.1,43.0,124.0,712
2019-11-12,50.1,44.0,134.0,702
2019-11-13,51.4,46.0,116.0,712
2019-11-14,50.0,44.0,119.0,719
2019-11-15,51.2,49.0,123.0,714
2019-11-16,52.4,51.0,135.0,645
2019-11-17,52.0,42.0,112.0,692
2019-11-18,50.2,42.0,117.0,701
2019-11-19,48.4,40.0,110.0,694
2019-11-20,50.4,48.0,127.0,700
2019-11-21,52.9,49.0,127.0,711
2019-11-22,54.4,49.0,125.0,709
2019-11-23,52.5,51.0,127.0,607
2019-11-24,52.1,49.0,111.0,630
2019-11-25,49.8,45.0,109.0,712
2019-11-26,53.0,47.0,117.0,711
2019-11-27,54.6,43.0,133.0,715
2019-11-28,53.8,43.0,118.0,635
2019-11-29,58.3,50.0,131.0,283
2019-11-30,52.7,36.0,126.0,710
2019-12-01,50.4,42.0,105.0,120
2019-12-03,50.0,40.0,113.0,400
2019-12-04,51.1,42.0,111.0,683
2019-12-05,53.2,48.0,128.0,704
2019-12-06,51.9,35.0,127.0,708
2019-12-07,51.0,48.0,122.0,707
2019-12-08,53.2,47.0,134.0,672
2019-12-09,50.2,46.0,114.0,697
2019-12-10,51.8,43.0,127.0,569
2019-12-11,53.2,51.0,129.0,714
2019-12-12,54.1,49.0,121.0,700
2019-12-13,54.4,49.0,124.0,697
2019-12-14,53.1,49.0,131.0,697
2019-12-15,51.2,45.0,116.0,705
2019-12-16,49.8,39.0,130.0,674
2019-12-17,52.6,47.0,103.0,350
2019-12-18,51.7,41.0,134.0,695
2019-12-19,50.9,45.0,122.0,702
2019-12-20,50.2,47.0,124.0,671
2019-12-21,51.0,46.0,125.0,700
2019-12-22,53.0,50.0,138.0,684
2019-12-23,49.1,44.0,116.0,709
2019-12-24,52.9,45.0,119.0,672
2019-12-25,51.7,49.0,139.0,708
2019-12-26,49.6,46.0,126.0,714
2019-12-27,49.2,46.0,132.0,651
2019-12-28,50.5,49.0,141.0,254
2019-12-29,76.9,59.0,185.0,1557
2019-12-30,64.7,58.0,121.9,163
2019-12-31,58.8,56.0,124.8,192
2020-01-01,64.1,61.0,119.0,270
2020-01-02,51.2,42.0,89.0,215
2020-01-03,52.5,46.0,102.9,288
2020-01-04,52.2,50.0,129.0,296
2020-01-05,50.5,49.0,117.0,286
2020-01-06,50.5,49.0,88.0,296
2020-01-07,49.6,47.0,74.0,294
2020-01-08,47.9,31.0,95.0,304
2020-01-09,50.2,49.0,128.0,299
2020-01-10,52.8,51.0,144.0,322
2020-01-11,51.9,50.0,134.0,253
2020-01-12,50.3,48.0,118.5,366
2020-01-13,49.6,48.0,103.1,349
2020-01-14,50.2,48.0,112.8,258
2020-01-15,49.7,47.0,128.9,305
2020-01-16,49.5,48.0,179.0,253
2020-01-17,50.9,47.0,122.0,291
2020-01-18,49.5,48.0,125.9,288
2020-01-19,48.3,47.0,131.0,262
2020-01-20,47.7,46.0,167.0,258
2020-01-21,46.1,45.0,128.0,258
2020-01-22,46.3,44.0,109.2,273
2020-01-23,47.8,45.0,131.0,316
2020-01-24,67.9,64.0,99.0,114
2020-01-25,53.2,52.0,99.6,250
2020-01-26,48.1,45.0,102.3,299
2020-01-27,47.4,46.0,110.0,295
2020-01-28,46.5,45.0,148.0,285
2020-01-29,48.7,47.0,143.0,258
2020-01-30,49.9,48.0,110.8,284
2020-01-31,49.0,47.0,132.0,224
2020-02-01,53.4,52.0,176.0,223
2020-02-02,52.5,49.0,104.3,273
2020-02-03,50.7,47.3,133.5,193
2020-02-04,51.3,49.0,122.0,267
2020-02-05,47.6,46.0,93.0,256
2020-02-06,47.2,46.0,108.5,281
2020-02-07,49.1,47.0,112.1,263
2020-02-08,50.3,47.0,120.0,250
2020-02-09,48.4,47.0,97.5,260
2020-02-10,47.7,46.0,132.0,292
2020-02-11,46.5,44.0,83.0,263
2020-02-12,45.0,43.0,134.0,266
2020-02-13,49.5,48.0,108.0,278
2020-02-14,50.3,49.0,121.0,291
2020-02-15,52.1,49.6,173.0,231
2020-02-16,49.7,48.0,109.0,277
2020-02-17,48.5,46.0,104.0,229
2020-02-18,48.3,46.0,118.0,307
2020-02-19,48.4,46.0,114.0,263
2020-02-20,47.7,47.0,89.0,250
2020-02-21,51.4,50.0,116.0,194
2020-02-22,52.8,48.0,182.0,781
2020-02-23,57.1,54.0,89.0,268
2020-02-24,48.4,46.0,103.1,311
2020-02-25,53.1,50.0,92.0,190
2020-02-26,53.2,52.0,113.8,191
2020-02-27,49.6,48.0,124.3,268
2020-02-28,50.3,49.0,107.0,308
2020-02-29,50.5,48.6,120.8,278
2020-03-01,53.5,52.0,102.0,256
2020-03-02,51.5,49.0,113.0,272
2020-03-03,48.8,47.0,116.7,251
2020-03-04,54.4,51.0,113.4,211
2020-03-05,56.3,53.0,113.7,188
2020-03-06,55.5,45.0,107.8,215
2020-03-07,56.1,53.3,98.0,193
2020-03-08,57.3,55.0,176.0,159
2020-03-09,56.4,54.0,107.7,191
2020-03-10,55.1,52.0,83.0,191
2020-03-11,59.5,52.0,113.3,215
2020-03-12,56.9,54.0,115.8,204
2020-03-13,56.8,53.0,152.0,208
2020-03-14,56.3,53.0,136.0,186
2020-03-15,57.0,53.0,176.0,171
2020-03-16,51.1,43.5,97.0,203
2020-03-17,54.4,52.6,113.4,214
2020-03-18,54.1,49.0,110.4,177
2020-03-19,55.1,53.0,112.8,189
2020-03-20,51.9,49.0,93.2,208
2020-03-21,51.8,48.0,109.0,172
2020-03-22,56.3,53.0,185.0,217
2020-03-23,53.3,50.0,107.0,177
2020-03-24,53.3,50.0,118.0,178
2020-03-25,55.3,53.0,98.0,192
2020-03-26,57.3,55.0,168.0,183
2020-03-27,57.2,55.0,104.0,210
2020-03-28,59.1,55.0,102.0,193
2020-03-29,56.2,50.0,119.5,224
2020-03-30,53.4,44.0,92.0,164
2020-03-31,56.9,54.0,115.0,164
2020-04-01,56.5,53.0,118.0,185
2020-04-02,58.2,56.0,111.6,197
2020-04-03,56.6,52.6,101.0,194
2020-04-04,58.5,55.0,121.0,188
2020-04-05,63.2,55.0,179.0,162
2020-04-06,54.8,52.0,100.0,151
2020-04-07,58.0,56.0,84.0,172
2020-04-08,58.1,53.8,108.9,203
2020-04-09,57.2,55.0,116.0,215
2020-04-10,58.1,54.0,127.7,211
2020-04-11,59.7,56.0,130.0,214
2020-04-12,58.6,55.0,177.0,162
2020-04-13,55.3,51.9,94.8,191
2020-04-14,53.3,50.0,103.0,188
2020-04-15,55.1,49.0,104.4,190
2020-04-16,56.5,43.0,106.2,195
2020-04-17,57.8,54.0,183.0,189
2020-04-18,52.4,50.0,125.0,165
2020-04-19,56.4,54.0,108.0,203
2020-04-20,59.3,56.0,100.0,193
2020-04-21,56.2,52.0,167.0,173
2020-04-22,55.8,52.0,81.0,179
2020-04-23,56.7,52.0,87.0,170
2020-04-24,54.4,52.0,88.0,203
2020-04-25,57.7,54.0,121.0,185
2020-04-26,56.2,53.0,171.0,164
2020-04-27,57.7,56.0,111.0,204
2020-04-28,57.0,51.0,85.0,204
2020-04-29,53.8,48.0,93.0,190
2020-04-30,56.9,55.0,142.0,178
2020-05-01,55.9,54.0,128.0,171
2020-05-02,55.9,51.0,113.8,175
2020-05-03,53.0,49.0,174.0,155
2020-05-04,54.7,54.0,73.0,154
2020-05-05,54.9,52.0,108.1,192
2020-05-06,54.1,47.0,164.0,184
2020-05-07,59.4,56.0,112.8,205
2020-05-08,58.0,56.0,93.0,197
2020-05-09,56.7,49.0,108.4,216
2020-05-10,53.7,48.0,172.0,147
2020-05-11,51.4,49.0,86.0,199
2020-05-12,55.1,53.0,85.0,178
2020-05-13,58.1,53.0,117.1,268
2020-05-14,61.7,57.0,124.0,136
2020-05-15,57.3,55.0,108.5,189
2020-05-16,55.7,51.0,123.0,431
2020-05-17,54.5,41.0,94.1,161
2020-05-18,54.2,53.0,179.0,183
2020-05-19,55.6,51.0,94.0,171
2020-05-20,55.2,52.0,121.0,195
2020-05-21,56.1,53.0,126.0,182
2020-05-22,59.2,56.0,103.0,200
2020-05-23,56.4,55.0,95.0,184
2020-05-24,59.1,55.0,164.0,146
2020-05-25,54.2,51.0,85.0,191
2020-05-26,54.6,51.2,80.0,168
2020-05-27,55.3,53.0,117.2,203
2020-05-28,59.2,56.0,119.0,189
2020-05-29,59.5,55.0,106.0,204
2020-05-30,67.1,60.0,113.0,200
2020-05-31,60.2,58.0,84.7,79
2020-06-01,57.2,53.0,115.8,183
2020-06-02,55.7,52.0,79.0,181
2020-06-03,57.4,52.0,81.0,198
2020-06-04,66.5,61.0,122.0,183
2020-06-05,58.9,54.0,102.0,152
2020-06-06,59.2,57.0,103.0,187
2020-06-07,58.7,55.0,119.6,185
2020-06-08,59.8,54.0,115.0,189
2020-06-09,60.0,58.0,82.0,134
2020-06-10,59.3,54.0,87.0,192
2020-06-11,59.4,58.0,119.8,178
2020-06-12,63.4,59.0,119.4,214
2020-06-13,61.6,57.0,106.2,170
2020-06-14,59.0,52.0,161.0,161
2020-06-15,56.4,54.0,110.0,201
2020-06-16,56.4,45.0,97.0,180
2020-06-17,59.5,56.0,124.0,220
2020-06-18,59.6,57.0,134.0,226
2020-06-19,59.6,55.0,135.0,218
2020-06-20,64.5,59.0,109.6,208
2020-06-21,63.2,59.0,104.0,186
2020-06-22,59.9,55.0,95.0,180
2020-06-23,67.0,64.0,155.0,145
2020-06-24,60.4,52.0,105.0,142
2020-06-25,62.7,59.0,108.0,157
2020-06-26,55.4,48.5,137.0,180
2020-06-27,56.8,53.0,91.0,164
2020-06-28,55.5,53.0,98.0,162
2020-06-29,54.8,53.0,85.0,183
2020-06-30,55.4,53.0,81.0,179
2020-07-01,58.4,56.0,102.1,156
2020-07-02,61.9,56.0,112.1,205
2020-07-03,55.4,53.0,91.0,170
2020-07-04,58.8,56.0,120.6,183
2020-07-05,57.0,55.0,80.9,141
2020-07-06,54.5,42.0,83.0,161
2020-07-07,57.3,52.0,127.4,204
2020-07-08,57.9,55.0,124.0,185
2020-07-09,58.5,50.0,111.0,192
2020-07-10,55.8,54.0,83.0,170
2020-07-11,59.2,43.0,176.0,164
2020-07-12,61.5,59.0,120.0,216
2020-07-13,55.0,52.0,96.0,192
2020-07-14,56.2,54.0,107.0,181
2020-07-15,68.8,62.0,125.2,145
2020-07-16,60.1,58.0,98.3,198
2020-07-17,57.0,52.0,109.4,199
2020-07-18,59.8,56.0,187.0,130
2020-07-19,62.3,60.0,101.0,161
2020-07-20,57.7,51.0,82.0,93
2020-07-21,57.0,53.0,86.0,176
2020-07-22,55.9,52.9,85.0,171
2020-07-23,58.3,55.0,121.0,187
2020-07-24,56.5,52.0,120.3,218
2020-07-25,63.1,61.0,120.5,186
2020-07-26,58.3,56.0,91.0,118
2020-07-27,55.8,54.0,83.0,170
2020-07-28,55.0,49.0,85.0,178
2020-07-29,59.1,56.0,121.1,200
2020-07-30,61.9,59.0,128.5,187
2020-07-31,61.4,56.0,120.0,187
2020-08-01,61.3,58.0,174.0,190
2020-08-02,68.4,64.0,154.0,125
2020-08-03,57.9,55.0,101.0,178
2020-08-04,59.4,57.0,97.0,126
2020-08-05,57.4,56.0,145.0,177
2020-08-06,59.3,52.0,118.9,203
2020-08-07,59.6,55.0,115.6,185
2020-08-08,73.3,62.0,186.0,172
2020-08-09,64.2,60.0,109.0,164
2020-08-10,58.3,51.0,116.0,170
2020-08-11,54.1,51.0,87.0,140
2020-08-12,54.2,52.8,77.0,192
2020-08-13,52.5,47.0,83.0,163
2020-08-14,59.7,57.0,119.0,201
2020-08-15,61.0,56.0,123.0,175
2020-08-16,58.4,53.0,125.3,206
2020-08-17,58.8,55.0,130.0,197
2020-08-18,51.9,48.0,87.0,171
2020-08-19,57.1,54.0,118.8,200
2020-08-20,61.2,59.0,117.0,167
2020-08-21,57.4,56.0,191.0,180
2020-08-22,57.9,55.0,114.0,184
2020-08-23,58.5,52.0,173.4,195
2020-08-24,55.6,50.0,87.0,173
2020-08-25,57.6,47.0,169.3,199
2020-08-26,59.4,56.0,106.0,125
2020-08-27,54.9,50.0,88.0,182
2020-08-28,55.0,52.0,114.9,196
2020-08-29,54.1,42.0,157.9,224
2020-08-30,52.9,46.0,84.0,172
2020-08-31,57.5,54.0,166.0,346
2020-09-01,64.0,61.0,108.0,151
2020-09-02,57.3,55.0,75.0,99
2020-09-03,57.5,52.0,168.3,214
2020-09-04,57.5,53.0,96.0,203
2020-09-05,54.1,52.0,87.0,214
2020-09-06,63.1,59.0,167.8,139
2020-09-07,55.6,53.0,121.0,169
2020-09-08,55.7,51.0,94.0,172
2020-09-09,58.2,54.3,123.6,212
2020-09-10,61.0,55.0,157.0,156
2020-09-11,56.4,55.0,98.0,132
2020-09-12,54.5,53.0,76.0,150
2020-09-13,53.6,47.0,150.0,168
2020-09-14,54.9,53.0,87.0,169
2020-09-15,58.2,56.0,171.3,204
2020-09-16,56.1,52.0,74.0,157
2020-09-17,55.2,51.0,101.7,201
2020-09-18,58.2,51.0,171.1,192
2020-09-19,57.6,56.0,115.0,180
2020-09-20,59.7,54.0,173.1,204
2020-09-21,53.8,49.0,120.0,143
2020-09-22,53.2,50.0,90.0,184
2020-09-23,56.4,53.0,174.8,153
2020-09-24,52.8,49.0,78.0,200
2020-09-25,50.6,48.0,103.9,278
2020-09-26,51.3,49.0,177.8,294
2020-09-27,53.5,45.0,104.4,251
2020-09-28,51.6,50.0,74.0,262
2020-09-29,51.3,49.0,178.2,289
2020-09-30,54.6,51.0,122.0,276
2020-10-01,52.3,50.0,79.0,268
2020-10-02,51.6,50.0,116.2,258
2020-10-03,54.9,53.0,122.9,282
2020-10-04,53.6,52.0,180.4,298
2020-10-05,54.2,47.0,115.0,255
2020-10-06,54.4,51.0,179.7,268
2020-10-07,54.4,50.0,115.0,244
2020-10-08,51.4,47.0,87.0,252
2020-10-09,50.6,49.0,112.0,229
2020-10-10,63.4,59.0,178.4,197
2020-10-11,59.4,56.0,181.6,209
2020-10-12,54.8,54.0,73.0,146
2020-10-13,54.1,51.9,173.8,294
2020-10-14,55.0,46.0,178.9,214
2020-10-15,53.8,53.0,69.0,119
2020-10-16,53.2,50.0,113.0,286
2020-10-17,53.4,45.0,97.0,189
2020-10-18,50.8,48.0,173.6,315
2020-10-19,51.3,48.0,76.0,254
2020-10-20,49.5,48.0,91.0,264
2020-10-21,54.3,53.0,177.6,283
2020-10-22,53.2,50.0,95.0,257
2020-10-23,53.0,51.0,180.8,327
2020-10-24,54.5,52.0,116.4,291
2020-10-25,54.7,52.2,186.0,767
2020-10-26,53.0,47.0,88.0,241
2020-10-27,55.8,52.0,108.9,223
2020-10-28,53.7,50.0,181.6,246
2020-10-29,53.5,52.0,115.1,244
2020-10-30,54.1,48.0,97.0,154
2020-10-31,57.4,55.0,99.0,121
2020-11-01,53.3,51.0,168.0,289
2020-11-02,53.3,51.0,83.0,190
2020-11-03,55.2,49.0,86.0,177
2020-11-04,51.7,50.0,79.0,111
2020-11-05,60.1,54.0,90.0,147
2020-11-06,57.2,56.0,88.0,110
2020-11-07,54.3,53.0,138.0,227
2020-11-08,60.9,57.0,110.0,102
2020-11-09,57.4,56.0,102.0,125
2020-11-10,56.1,52.0,106.0,275
2020-11-11,52.5,42.0,145.0,264
2020-11-12,53.7,52.0,77.0,197
2020-11-13,51.9,40.0,174.0,254
2020-11-14,57.7,51.0,108.0,302
2020-11-15,55.4,51.5,126.0,229
2020-11-16,54.1,44.0,79.0,158
2020-11-17,51.3,50.0,119.0,291
2020-11-18,53.0,41.0,81.0,254
2020-11-19,54.6,50.0,119.4,154
2020-11-20,52.1,45.0,127.0,279
2020-11-21,58.9,58.0,128.0,153
2020-11-22,53.7,51.1,75.0,138
2020-11-23,57.5,53.0,82.0,183
2020-11-24,53.3,48.0,91.0,270
2020-11-25,59.6,57.0,99.0,175
2020-11-26,54.2,52.0,120.7,254
2020-11-27,54.6,49.0,158.0,297
2020-11-28,53.8,53.0,138.3,247
2020-11-29,58.9,57.0,187.5,102
2020-11-30,55.3,52.0,107.2,269
2020-12-01,54.4,49.0,88.0,274
2020-12-02,52.9,52.0,83.0,199
2020-12-03,56.8,50.0,97.0,185
2020-12-04,52.6,51.0,121.0,254
2020-12-05,56.4,55.0,138.6,245
2020-12-06,53.1,51.0,122.9,336
2020-12-07,54.4,47.0,87.0,269
2020-12-08,52.3,50.0,114.4,271
2020-12-09,62.2,60.0,126.0,172
2020-12-10,61.1,58.0,106.0,175
2020-12-11,54.2,50.0,109.9,279
2020-12-12,60.3,55.0,171.0,186
2020-12-13,55.3,54.0,119.0,265
2020-12-14,55.0,53.0,86.0,266
2020-12-15,58.4,55.0,86.0,160
2020-12-16,56.3,53.0,182.0,797
2020-12-17,57.6,54.0,89.0,148
2020-12-18,53.4,51.0,95.0,268
2020-12-19,52.2,43.0,127.0,270
2020-12-20,54.4,51.0,190.0,808
2020-12-21,54.0,41.0,88.0,268
2020-12-22,55.2,53.0,100.0,152
2020-12-23,61.9,58.0,104.1,130
2020-12-24,58.5,50.0,92.0,88
2020-12-25,56.6,54.0,118.0,126
2020-12-26,68.4,53.0,189.0,767
2020-12-27,57.0,48.0,103.3,256
2020-12-28,61.3,58.0,124.0,194
2020-12-29,58.4,57.0,110.0,162
2020-12-30,53.3,52.0,126.0,263
2020-12-31,54.9,50.2,193.0,587
2021-01-01,62.6,60.0,101.0,552
2021-01-03,56.1,54.0,81.0,119
2021-01-04,60.3,58.0,118.0,216
2021-01-05,56.2,47.0,88.0,155
2021-01-06,60.2,59.0,105.0,203
2021-01-07,59.2,57.0,84.0,146
2021-01-08,72.7,60.0,188.0,639
2021-01-09,60.0,55.0,121.0,170
2021-01-10,59.3,55.0,190.0,1122
2021-01-11,57.9,56.0,78.0,147
2021-01-12,59.8,47.0,84.0,183
2021-01-13,52.8,52.0,82.0,191
2021-01-14,59.3,52.0,112.0,172
2021-01-15,59.4,45.0,94.0,149
2021-01-16,61.3,59.0,127.0,133
2021-01-17,57.9,55.0,187.0,687
2021-01-18,62.5,53.0,109.8,175
2021-01-19,57.9,55.0,82.0,180
2021-01-20,60.9,54.0,88.0,140
2021-01-21,68.8,60.0,136.0,58
2021-01-22,63.1,56.0,100.0,114
2021-01-23,58.4,55.0,191.0,936
2021-01-24,62.3,50.0,115.0,172
2021-01-25,61.2,58.0,102.0,154
2021-01-27,53.4,40.0,127.0,87
2021-01-28,55.9,54.0,80.0,102
2021-01-29,66.2,53.0,187.0,830
2021-01-30,60.0,58.0,109.4,109
2021-01-31,60.1,53.0,99.0,136
2021-02-01,58.4,57.0,88.0,193
2021-02-02,61.2,50.0,119.0,119
2021-02-04,65.1,62.0,128.0,162
2021-02-05,66.3,60.0,186.0,684
2021-02-06,60.6,55.0,110.3,162
2021-02-07,54.7,54.0,91.0,206
2021-02-08,58.5,57.0,84.0,173
2021-02-09,51.6,50.0,66.0,108
2021-02-10,61.8,58.0,101.0,166
2021-02-11,61.8,46.0,112.7,156
2021-02-12,53.5,52.0,108.0,191
2021-02-13,60.6,45.0,150.0,262
2021-02-14,62.5,61.0,113.0,198
2021-02-15,57.5,54.0,83.0,188
2021-02-16,52.8,45.0,86.0,165
2021-02-17,56.7,43.0,80.0,184
2021-02-18,58.4,48.0,84.0,178
2021-02-19,61.8,60.0,121.7,178
2021-02-20,62.4,40.0,169.0,370
2021-02-21,56.3,54.0,107.0,252
2021-02-22,65.0,50.0,191.0,661
2021-02-23,63.0,61.0,125.0,156
2021-02-24,60.3,59.0,104.0,119
2021-02-25,59.7,56.0,126.0,205
2021-02-26,55.4,44.0,140.0,179
2021-02-27,60.0,58.0,79.0,83
2021-02-28,61.2,55.0,134.0,334
2021-03-01,55.9,49.0,84.0,139
2021-03-02,58.7,54.0,87.0,156
2021-03-03,59.4,45.0,84.0,173
2021-03-05,61.3,48.0,96.0,165
2021-03-06,61.4,56.0,176.0,188
2021-03-07,60.2,58.0,143.0,59
2021-03-08,61.0,55.0,109.6,178
2021-03-09,61.3,47.0,81.0,113
2021-03-10,57.7,42.0,143.0,167
2021-03-12,56.6,54.0,107.0,164
2021-03-13,61.8,41.0,161.0,276
2021-03-14,61.2,60.0,87.0,59
2021-03-15,58.2,56.0,91.0,167
2021-03-16,56.7,49.0,100.0,180
2021-03-17,59.9,55.0,94.0,132
2021-03-18,63.7,59.0,109.0,149
2021-03-19,58.2,41.0,96.0,177
2021-03-20,58.8,41.0,171.0,268
2021-03-22,64.7,58.0,119.6,174
2021-03-23,67.0,66.0,78.0,19
2021-03-24,68.1,55.0,168.0,402
2021-03-25,54.3,43.0,91.0,137
2021-03-26,59.9,40.0,88.0,177
2021-03-27,64.0,54.0,102.0,72
2021-03-28,64.0,63.0,86.0,19
2021-03-30,66.7,63.0,142.1,152
2021-03-31,66.4,51.0,163.0,377
2021-04-01,66.0,62.0,121.3,145
2021-04-02,61.4,52.0,131.0,203
2021-04-03,61.1,44.0,165.0,338
2021-04-04,63.0,61.0,113.1,173
2021-04-05,59.9,55.0,113.0,149
2021-04-06,66.1,58.0,130.0,121
2021-04-07,57.8,49.0,84.0,143
2021-04-08,74.8,60.0,119.0,103
2021-04-09,60.2,58.0,120.0,269
2021-04-10,58.5,45.0,143.0,151
2021-04-11,60.8,47.0,100.0,127
2021-04-12,63.1,61.0,124.0,119
2021-04-13,59.8,48.0,108.0,181
2021-04-14,55.2,50.0,83.0,179
2021-04-15,54.2,47.0,106.0,185
2021-04-16,54.0,49.0,97.0,226
2021-04-17,49.6,40.0,90.0,205
2021-04-18,58.4,54.0,162.0,359
2021-04-19,55.5,50.0,104.9,156
2021-04-20,55.8,48.0,84.0,187
2021-04-21,60.0,58.0,98.0,166
2021-04-22,57.9,49.0,115.3,274
2021-04-23,56.4,54.0,87.0,181
2021-04-24,68.1,53.0,192.0,883
2021-04-25,55.8,42.0,129.0,175
2021-04-26,53.7,52.0,88.0,153
2021-04-27,51.9,45.0,87.0,197
2021-04-28,55.3,50.0,97.0,188
2021-04-29,54.3,48.0,79.0,189
2021-04-30,56.2,54.0,86.0,89
2021-05-01,62.7,45.0,155.0,423
2021-05-02,59.5,56.0,110.0,257
2021-05-03,55.7,54.0,78.0,198
2021-05-04,53.3,43.0,101.0,200
2021-05-05,57.8,42.0,117.0,200
2021-05-06,54.0,50.0,90.0,209
2021-05-07,53.9,52.0,83.0,170
2021-05-08,60.1,49.0,143.0,434
2021-05-09,55.8,53.0,94.0,149
2021-05-10,59.7,56.0,98.0,203
2021-05-11,51.5,43.0,83.0,205
2021-05-12,54.8,48.0,93.0,190
2021-05-13,60.8,45.0,120.0,206
2021-05-14,65.4,60.0,126.3,235
2021-05-15,70.9,56.0,159.0,388
2021-05-16,62.0,58.0,126.0,247
2021-05-17,56.1,53.0,123.0,275
2021-05-18,59.5,50.0,139.0,237
2021-05-20,60.8,43.0,118.1,183
2021-05-21,59.5,57.0,99.0,174
2021-05-22,60.8,57.0,123.0,137
2021-05-23,56.1,54.0,124.8,287
2021-05-24,58.9,56.0,143.0,268
2021-05-25,53.8,53.0,129.0,253
2021-05-26,55.1,53.0,117.0,236
2021-05-27,57.5,53.0,107.0,174
2021-05-28,65.5,57.0,123.0,213
2021-05-29,62.7,60.0,96.0,202
2021-05-30,61.7,59.0,120.0,230
2021-05-31,58.1,51.0,115.0,185
2021-06-01,57.5,53.0,106.0,184
2021-06-02,62.9,60.0,143.0,204
2021-06-03,58.5,55.0,109.0,173
2021-06-04,61.2,51.0,135.0,176
2021-06-05,61.6,50.0,170.0,304
2021-06-06,62.7,60.0,121.0,159
2021-06-07,59.2,55.0,133.0,224
2021-06-08,59.2,48.0,115.4,195
2021-06-09,62.0,41.0,162.0,570
2021-06-10,61.4,56.0,118.0,203
2021-06-11,64.6,59.0,127.0,207
2021-06-12,61.5,55.0,151.0,561
2021-06-13,61.0,59.0,107.0,185
2021-06-14,56.5,49.0,100.0,125
2021-06-15,55.4,51.0,116.7,254
2021-06-16,61.8,57.0,135.3,251
2021-06-17,64.0,54.0,132.0,195
2021-06-18,62.8,60.0,127.3,231
2021-06-19,67.6,52.0,138.0,509
2021-06-20,60.3,57.0,96.0,144
2021-06-21,54.0,45.0,97.0,197
2021-06-22,49.7,46.0,79.0,188
2021-06-23,57.1,54.0,113.8,160
2021-06-24,60.3,57.0,112.0,212
2021-06-25,59.9,56.0,121.0,206
2021-06-26,61.9,55.0,117.0,176
2021-06-27,55.4,52.0,89.0,150
2021-06-28,58.3,56.0,136.4,204
2021-06-29,58.2,54.0,115.7,207
2021-06-30,59.0,57.0,110.0,128
2021-07-01,55.6,52.0,98.0,162
2021-07-02,60.4,56.0,119.0,197
2021-07-03,66.6,59.0,127.0,149
2021-07-04,54.8,49.0,104.0,111
2021-07-05,59.0,50.0,89.0,139
2021-07-06,56.5,53.0,107.0,188
2021-07-07,57.8,51.0,141.0,430
2021-07-08,57.6,52.0,102.0,191
2021-07-09,60.4,57.0,117.3,169
2021-07-10,64.6,59.0,120.0,173
2021-07-11,51.7,43.0,116.0,210
2021-07-12,56.6,42.0,89.0,158
2021-07-13,58.9,56.0,117.3,201
2021-07-14,56.1,48.0,107.0,116
2021-07-15,59.9,56.0,88.0,74
2021-07-16,64.2,51.0,170.1,323
2021-07-17,59.1,57.0,102.0,149
2021-07-18,62.2,60.0,85.0,101
2021-07-19,64.4,55.0,180.0,723
2021-07-20,54.8,51.0,107.0,205
2021-07-21,58.2,55.0,164.0,155
2021-07-22,59.7,56.0,91.0,169
2021-07-23,53.6,51.0,120.4,220
2021-07-24,51.6,50.0,112.2,246
2021-07-25,53.5,52.0,107.3,126
2021-07-26,59.2,55.0,101.0,232
2021-07-27,54.3,43.0,110.0,225
2021-07-28,56.5,44.0,127.0,211
2021-07-29,59.3,55.0,139.0,112
2021-07-30,57.7,47.0,113.0,203
2021-07-31,63.2,51.0,159.0,81
2021-08-02,53.2,52.0,96.0,100
2021-08-03,50.0,42.0,89.0,170
2021-08-04,56.6,49.0,149.0,217
2021-08-05,59.4,49.0,93.0,160
2021-08-06,62.6,41.0,118.0,243
2021-08-07,60.8,44.0,104.0,138
2021-08-08,59.4,52.0,177.3,279
2021-08-09,53.2,47.0,80.0,82
2021-08-10,58.9,55.0,102.1,189
2021-08-11,57.2,48.0,151.0,341
2021-08-12,57.0,43.0,105.0,173
2021-08-13,56.9,53.5,104.0,255
2021-08-14,62.2,59.0,179.7,193
2021-08-15,58.2,54.0,120.0,220
2021-08-16,53.3,48.0,97.1,203
2021-08-17,53.2,50.0,99.0,212
2021-08-18,50.2,48.0,109.1,230
2021-08-19,53.8,51.0,124.0,169
2021-08-20,53.9,49.0,110.9,201
2021-08-21,74.2,53.0,178.2,355
2021-08-22,63.8,60.0,145.0,165
2021-08-23,52.5,46.0,93.0,150
2021-08-24,56.8,52.0,126.0,194
2021-08-26,57.9,54.0,114.0,190
2021-08-27,55.4,50.0,108.7,186
2021-08-28,62.6,59.0,116.9,95
2021-08-29,58.8,48.0,125.0,265
2021-08-30,56.5,53.9,115.0,158
2021-08-31,53.5,52.0,117.6,244
2021-09-01,55.2,44.0,109.7,199
2021-09-02,57.0,53.0,90.0,164
2021-09-03,54.7,53.0,111.9,173
2021-09-04,58.0,48.0,122.0,257
2021-09-05,59.3,56.0,173.2,175
2021-09-06,56.5,52.0,110.5,186
2021-09-07,57.7,55.0,104.0,352
2021-09-08,61.5,56.0,111.0,143
2021-09-09,67.9,57.0,184.0,756
2021-09-10,56.1,51.0,122.0,197
2021-09-11,56.7,48.0,132.4,144
2021-09-12,57.3,53.0,110.0,381
2021-09-13,52.7,43.0,119.0,128
2021-09-14,54.0,41.0,117.0,169
2021-09-16,56.9,54.6,126.0,173
2021-09-17,57.4,55.0,120.0,197
2021-09-18,60.6,57.0,107.0,177
2021-09-19,59.1,57.0,95.0,173
2021-09-20,53.4,42.0,97.0,122
2021-09-21,54.4,53.0,92.0,147
2021-09-22,67.0,56.0,194.0,990
2021-09-23,59.9,58.0,107.0,89
2021-09-24,79.2,54.0,190.0,845
2021-09-25,58.8,56.0,90.0,131
2021-09-26,55.8,53.0,107.0,149
2021-09-27,56.7,56.0,72.0,21
2021-09-28,53.8,52.0,105.0,178
2021-09-29,53.2,48.0,128.0,179
2021-09-30,52.7,43.0,75.0,186
2021-10-01,63.0,56.0,144.0,162
2021-10-02,60.7,53.0,134.0,565
2021-10-03,52.6,41.0,102.0,138
2021-10-04,58.0,50.0,98.0,143
2021-10-05,60.6,60.0,116.0,117
2021-10-06,54.8,45.0,101.0,167
2021-10-07,66.0,63.0,124.0,58
2021-10-08,55.7,43.0,105.0,184
2021-10-09,68.9,54.0,130.0,314
2021-10-10,58.2,56.0,124.0,227
2021-10-11,56.9,50.0,106.0,219
2021-10-12,61.3,54.0,101.0,167
2021-10-13,63.4,53.0,95.0,182
2021-10-14,59.8,53.0,97.0,176
2021-10-15,58.8,58.0,77.0,55
2021-10-16,62.6,58.0,162.0,175
2021-10-17,65.0,62.0,96.0,31
2021-10-18,59.2,51.0,95.0,166
2021-10-19,61.1,54.0,122.0,414
2021-10-20,58.4,55.0,107.1,164
2021-10-21,59.8,58.0,87.0,119
2021-10-22,59.4,56.3,114.0,169
2021-10-23,57.1,54.0,113.0,162
2021-10-24,59.4,47.0,91.0,170
2021-10-25,59.1,57.0,82.0,121
2021-10-26,59.1,53.0,96.0,163
2021-10-27,60.4,45.0,145.0,171
2021-10-28,61.4,52.0,115.9,189
2021-10-29,66.6,55.0,107.0,162
2021-10-30,60.7,58.0,120.0,95
2021-10-31,58.8,56.0,100.0,143
2021-11-01,59.2,53.0,106.0,153
2021-11-02,59.5,54.0,113.0,183
2021-11-03,61.7,55.0,130.0,193
2021-11-04,64.5,55.0,117.0,162
2021-11-05,60.3,57.0,117.0,194
2021-11-06,66.2,44.0,157.0,503
2021-11-07,63.2,58.0,115.0,162
2021-11-08,58.2,41.0,102.0,188
2021-11-09,65.2,50.0,192.0,901
2021-11-10,58.3,47.0,106.7,186
2021-11-11,60.2,46.0,122.0,188
2021-11-12,54.2,51.0,94.5,248
2021-11-13,67.8,58.0,190.0,712
2021-11-14,61.9,52.0,96.0,133
2021-11-15,58.3,55.0,119.0,178
2021-11-16,57.8,43.0,109.0,196
2021-11-17,60.3,52.0,119.0,76
2021-11-18,59.4,56.0,91.0,174
2021-11-19,62.6,58.0,96.0,161
2021-11-20,60.5,55.3,130.0,191
2021-11-21,61.0,58.0,113.0,90
2021-11-22,56.4,49.0,118.0,160
2021-11-23,55.0,47.0,90.0,163
2021-11-24,59.0,48.0,116.0,187
2021-11-25,57.8,49.0,128.0,199
2021-11-26,57.7,54.0,102.0,183
2021-11-27,60.8,57.0,169.0,211
2021-11-28,59.9,55.0,97.0,138
2021-11-29,62.9,51.0,186.0,325
2021-11-30,61.7,57.0,93.0,169
2021-12-01,60.3,50.0,95.4,174
2021-12-02,59.5,56.0,101.0,140
2021-12-03,59.5,55.0,111.9,92
2021-12-04,62.4,55.0,174.0,192
2021-12-05,61.6,57.0,116.0,91
2021-12-07,61.4,58.0,110.8,124
2021-12-09,55.6,41.0,93.0,178
2021-12-10,57.4,55.0,88.0,188
2021-12-11,58.2,50.0,145.0,546
2021-12-12,59.4,48.0,124.0,184
2021-12-14,57.6,47.0,94.0,181
2021-12-15,61.8,52.0,121.1,191
2021-12-16,60.3,59.0,105.0,226
2021-12-17,65.0,60.0,104.1,198
2021-12-18,69.5,59.0,169.0,263
2021-12-19,62.2,55.0,116.8,176
2021-12-20,63.4,54.0,122.0,222
2021-12-21,61.8,46.0,110.3,205
2021-12-22,62.3,61.0,102.8,138
2021-12-23,62.0,62.0,78.0,10
2021-12-24,62.7,59.0,115.0,127
2021-12-25,60.5,44.0,100.0,187
2021-12-26,60.9,41.0,95.0,190
2021-12-27,60.4,50.0,99.0,146
2021-12-28,62.7,56.0,105.2,133
2021-12-29,66.3,57.0,114.8,106
2021-12-30,62.0,54.0,102.2,186
2021-12-31,61.2,59.0,114.0,176
2022-01-01,59.5,44.0,94.0,183
2022-01-02,60.7,56.0,119.0,206
2022-01-03,58.4,55.0,114.0,123
2022-01-04,58.9,52.0,120.0,150
2022-01-05,53.3,48.0,117.0,268
2022-01-06,58.1,56.0,111.0,189
2022-01-07,58.7,54.0,110.0,197
2022-01-08,58.1,56.0,103.0,171
2022-01-09,59.4,58.0,122.0,146
2022-01-10,57.3,50.0,114.0,181
2022-01-11,56.3,53.0,112.0,158
2022-01-12,55.1,51.0,122.0,277
2022-01-13,55.9,41.0,88.0,186
2022-01-14,54.5,44.0,135.0,198
2022-01-15,53.1,49.0,138.0,549
2022-01-16,61.7,55.0,107.0,174
2022-01-17,61.3,54.0,98.5,144
2022-01-18,58.9,53.0,102.0,199
2022-01-19,55.5,54.0,111.0,201
2022-01-20,58.3,52.0,83.0,165
2022-01-21,56.7,48.0,111.0,223
2022-01-22,66.9,59.0,167.0,488
2022-01-23,69.5,66.0,111.0,51
2022-01-25,61.2,54.0,102.0,186
2022-01-26,55.6,45.0,85.0,194
2022-01-27,51.6,43.0,83.0,119
2022-01-28,56.5,54.0,111.2,177
2022-01-29,64.4,43.0,158.0,557
2022-01-30,59.5,53.0,122.0,223
2022-01-31,59.5,58.0,89.0,263
2022-02-01,62.3,53.0,126.0,346
2022-02-02,64.9,52.0,113.0,809
2022-02-03,59.8,56.0,92.0,282
2022-02-04,59.9,57.0,107.6,195
2022-02-05,63.9,58.0,129.0,199
2022-02-06,66.3,52.0,94.0,206
2022-02-07,60.8,59.0,95.0,196
2022-02-08,61.6,59.0,101.1,180
2022-02-09,61.1,55.0,127.0,163
2022-02-10,59.1,51.0,96.0,134
2022-02-11,66.3,56.0,115.0,126
2022-03-22,62.5,52.0,136.0,144
2022-03-23,59.7,57.7,110.0,160
2022-03-25,61.6,49.0,116.5,216
2022-03-26,55.2,53.0,172.0,269
2022-03-27,55.0,51.0,120.0,194
2022-03-28,63.4,59.0,111.9,166
2022-03-29,61.6,59.0,122.0,185
2022-03-30,61.3,55.0,131.8,204
2022-03-31,59.5,52.0,108.0,198
2022-04-01,60.4,54.0,109.0,139
2022-04-02,57.9,46.0,91.0,155
2022-04-03,57.1,41.0,123.5,169
2022-04-04,56.9,54.0,126.0,188
2022-04-05,58.0,49.0,111.0,183
2022-04-06,63.5,60.0,99.4,148
2022-04-07,59.5,55.0,86.0,172
2022-04-08,64.9,57.0,127.0,127
2022-04-09,62.1,60.0,110.5,154
2022-04-10,61.5,53.0,117.6,165
2022-04-11,59.9,55.0,126.5,215
2022-04-12,57.9,55.0,120.0,204
2022-04-13,60.3,59.0,170.0,185
2022-04-14,62.5,59.0,97.0,188
2022-04-15,62.9,60.0,123.0,156
2022-04-16,61.6,54.0,106.0,125
2022-04-17,69.0,61.0,118.7,137
2022-04-18,58.0,55.0,122.0,174
2022-04-19,60.0,57.0,121.0,212
2022-04-20,65.4,53.0,147.0,139
2022-04-21,57.6,46.0,85.0,184
2022-04-22,64.8,51.0,127.0,193
2022-04-23,56.5,41.0,135.0,40
2022-04-24,61.7,55.0,109.0,115
2022-04-25,67.8,64.0,128.7,76
2022-04-26,61.5,52.0,90.0,131
2022-04-27,60.4,43.0,106.0,179
2022-04-28,60.9,58.0,116.0,144
2022-04-29,59.9,54.0,120.2,167
2022-05-01,58.0,57.0,125.0,147
2022-05-02,71.2,68.0,126.0,114
2022-05-03,58.4,47.0,102.0,202
2022-05-04,58.3,48.0,136.0,393
2022-05-05,58.9,51.2,118.0,355
2022-05-06,58.1,56.0,89.0,173
2022-05-07,57.1,41.0,113.0,135
2022-05-08,54.4,52.0,102.0,170
2022-05-09,56.7,51.0,99.0,112
2022-05-10,53.8,51.0,96.0,183
2022-05-11,60.0,54.0,111.0,200
2022-05-12,58.0,53.0,99.0,185
2022-05-13,58.9,53.0,104.0,154
2022-05-15,68.4,60.0,112.0,152
2022-05-16,58.0,51.0,130.0,111
2022-05-17,60.9,56.0,102.0,129
2022-05-18,62.7,48.0,142.0,200
2022-05-19,56.9,54.0,110.0,253
2022-05-20,59.3,54.0,115.0,273
2022-05-21,66.4,63.0,120.0,170
2022-05-22,58.0,44.0,93.2,214
2022-05-23,59.7,54.0,93.0,170
2022-05-24,57.6,54.0,97.0,181
2022-05-25,55.5,48.0,99.0,239
2022-05-26,57.5,57.0,103.0,100
2022-05-27,60.7,44.0,124.5,225
2022-05-28,64.9,57.0,107.0,194
2022-05-29,55.1,53.0,85.0,156
2022-05-30,57.1,49.0,115.0,172
2022-05-31,56.7,54.0,145.0,181
2022-06-01,59.1,50.0,94.0,172
2022-06-02,53.7,43.0,94.0,179
2022-06-03,63.4,51.0,139.0,129
2022-06-04,59.2,54.0,108.2,194
2022-06-05,57.5,48.0,88.0,171
2022-06-06,58.9,54.0,106.7,205
2022-06-07,55.6,53.0,88.0,203
2022-06-08,57.3,54.0,114.6,211
2022-06-09,59.5,43.0,114.0,334
2022-06-10,59.1,57.0,103.0,170
2022-06-11,59.9,56.0,122.0,292
2022-06-12,69.3,56.0,107.0,146
2022-06-14,60.3,53.0,111.0,153
2022-06-15,64.3,49.0,106.0,158
2022-06-16,60.7,58.0,133.0,206
2022-06-17,57.1,49.0,93.1,206
2022-06-18,56.7,52.0,105.9,218
2022-06-19,59.5,55.0,126.0,207
2022-06-20,59.0,42.0,99.0,197
2022-06-21,59.8,57.0,119.0,348
2022-06-22,55.0,50.0,92.0,188
2022-06-23,60.5,46.0,120.3,220
2022-06-24,65.9,56.0,121.0,281
2022-06-25,66.9,53.0,167.0,664
2022-06-26,58.7,55.0,101.4,248
2022-06-27,63.6,54.0,171.0,629
2022-06-28,52.0,43.0,99.0,187
2022-06-29,58.5,49.0,109.0,175
2022-06-30,54.9,53.0,84.0,187
2022-07-01,59.7,42.0,176.0,496
2022-07-02,71.2,67.0,103.0,143
2022-07-03,64.0,61.0,88.0,90
2022-07-04,60.7,59.0,103.0,192
2022-07-05,61.1,52.0,115.0,134
2022-07-06,57.3,48.0,106.0,177
2022-07-07,58.2,47.0,108.0,182
2022-07-08,65.7,57.0,110.0,210
2022-07-09,71.7,47.0,156.0,558
2022-07-10,63.6,46.0,108.0,217
2022-07-11,62.2,47.0,127.0,259
2022-07-12,63.8,56.0,98.0,199
2022-07-13,62.9,44.0,138.0,221
2022-07-14,65.2,41.0,105.0,204
2022-07-15,64.9,46.0,122.0,226
2022-07-16,85.3,84.0,97.0,28
2022-07-18,64.8,49.0,103.0,138
2022-07-19,78.5,55.0,184.0,146
2022-07-20,71.0,60.0,108.0,183
2022-07-21,60.9,48.0,94.0,159
2022-07-22,62.1,57.0,112.0,211
2022-07-23,65.6,62.0,130.7,180
2022-07-24,64.7,55.0,139.0,221
2022-07-25,65.4,64.0,102.0,160
2022-07-26,68.9,59.0,147.8,353
2022-07-27,59.4,46.0,102.0,162
2022-07-28,64.1,60.0,121.5,171
2022-07-29,60.3,51.0,91.0,159
2022-07-30,68.7,63.0,125.5,219
2022-07-31,55.7,51.0,118.0,102
2022-08-01,59.0,43.0,112.4,198
2022-08-02,59.5,53.0,97.0,207
2022-08-03,64.1,53.0,114.7,223
2022-08-04,70.7,58.0,155.4,220
2022-08-05,61.0,57.0,98.0,171
2022-08-06,62.7,57.0,122.0,136
2022-08-07,61.2,59.0,91.0,163
2022-08-08,56.5,53.0,182.0,184
2022-08-09,61.3,56.0,91.0,182
2022-08-10,61.8,55.0,114.4,200
2022-08-11,60.8,55.0,110.5,194
2022-08-12,60.9,52.0,115.6,203
2022-08-13,61.9,50.0,132.5,141
2022-08-14,60.1,52.0,113.3,206
2022-08-15,59.2,56.0,115.4,199
2022-08-16,58.3,51.0,151.4,203
2022-08-17,57.6,51.0,88.0,159
2022-08-18,61.6,58.0,101.0,192
2022-08-19,66.7,59.0,138.2,228
2022-08-20,61.4,45.0,132.8,195
2022-08-21,56.6,47.0,111.4,224
2022-08-22,59.5,56.0,114.0,173
2022-08-23,57.1,56.0,85.0,181
2022-08-24,60.2,57.0,116.4,210
2022-08-25,63.1,58.0,115.0,206
2022-08-26,66.5,60.0,210.0,300
2022-08-27,91.9,89.0,116.0,79
2022-08-28,58.7,43.0,119.0,327
2022-08-29,59.0,47.0,106.4,176
2022-08-30,56.3,52.6,95.0,181
2022-08-31,59.3,56.0,90.0,177
2022-09-01,59.8,54.0,94.0,188
2022-09-02,60.7,57.0,121.0,220
2022-09-03,62.4,45.0,119.2,207
2022-09-04,66.0,41.0,198.0,458
2022-09-05,61.3,58.0,101.0,183
2022-09-06,65.6,61.0,135.7,182
2022-09-07,57.9,52.0,121.0,229
2022-09-08,59.3,56.0,100.0,138
2022-09-09,57.1,51.0,108.0,320
2022-09-10,65.8,54.0,192.0,578
2022-09-11,61.2,56.1,102.0,160
2022-09-12,71.6,60.0,195.0,649
2022-09-13,54.5,51.2,112.0,172
2022-09-14,51.7,47.0,109.0,235
2022-09-15,52.7,46.0,125.0,170
2022-09-16,57.8,49.0,151.4,236
2022-09-17,55.0,52.0,115.0,320
2022-09-18,55.6,42.0,196.0,488
2022-09-19,53.1,49.0,96.0,193
2022-09-20,54.4,49.0,112.0,196
2022-09-21,59.1,53.0,189.0,367
2022-09-22,57.0,49.0,102.1,157
2022-09-23,60.6,57.0,113.0,282
2022-09-24,64.6,59.0,99.0,271
2022-09-25,60.2,56.0,131.0,304
2022-09-26,49.9,46.0,111.0,144
2022-09-27,48.4,47.0,108.0,207
2022-09-28,61.1,43.0,187.0,561
2022-09-29,55.6,47.0,104.0,139
2022-09-30,56.9,51.0,112.0,355
2022-10-01,54.8,44.0,133.0,186
2022-10-02,64.0,55.0,197.0,753
2022-10-03,55.2,50.0,86.0,181
2022-10-04,55.1,52.0,115.0,232
2022-10-05,53.7,45.0,87.0,188
2022-10-06,53.7,50.0,126.0,253
2022-10-07,61.7,58.0,132.9,161
2022-10-08,55.2,53.0,91.0,178
2022-10-09,65.1,48.0,181.0,749
2022-10-10,54.1,49.0,116.0,215
2022-10-11,55.7,53.0,92.0,193
2022-10-12,55.7,51.0,95.0,166
2022-10-13,55.8,55.0,89.0,162
2022-10-14,52.0,40.0,85.0,166
2022-10-15,53.4,48.0,111.2,229
2022-10-16,55.9,42.0,87.0,193
2022-10-17,57.4,53.0,194.0,327
2022-10-18,57.7,55.0,83.0,189
2022-10-19,57.6,52.0,118.0,186
2022-10-20,59.2,52.0,190.0,444
2022-10-21,57.7,54.0,160.0,224
2022-10-22,56.9,52.0,112.0,210
2022-10-23,91.8,50.0,177.0,908
2022-10-24,59.7,54.0,167.5,201
2022-10-25,56.3,52.0,119.0,211
2022-10-26,57.1,55.0,106.0,191
2022-10-27,55.8,49.0,82.0,86
2022-10-28,56.1,54.0,76.0,122
2022-10-29,57.1,56.0,85.0,126
2022-10-30,66.5,55.0,181.0,1028
2022-10-31,55.7,50.0,82.0,178
2022-11-01,57.8,50.0,93.0,208
2022-11-02,59.1,45.0,193.0,460
2022-11-03,55.0,44.0,119.0,196
2022-11-04,58.1,46.0,117.0,230
2022-11-05,58.0,46.0,138.0,184
2022-11-06,61.1,57.0,190.0,358
2022-11-07,50.9,44.0,92.0,156
2022-11-08,56.2,52.0,85.0,187
2022-11-09,60.0,55.0,187.0,454
2022-11-10,58.4,56.0,90.0,196
2022-11-11,58.2,56.0,136.5,181
2022-11-12,64.8,55.0,193.0,920
2022-11-13,58.7,55.0,99.0,252
2022-11-14,54.9,44.0,87.0,160
2022-11-15,53.7,49.0,88.0,183
2022-11-16,58.0,44.0,87.0,171
2022-11-17,58.3,40.0,115.0,178
2022-11-18,55.2,53.0,132.0,225
2022-11-19,61.8,58.0,123.0,57
2022-11-20,59.5,45.0,94.0,124
2022-11-21,58.6,53.0,86.0,162
2022-11-22,55.3,50.0,103.0,186
2022-11-23,59.9,49.0,98.0,171
2022-11-24,58.0,57.0,76.0,13
2022-11-25,68.3,53.0,128.0,111
2022-11-26,64.1,56.0,116.0,355
2022-11-27,61.9,56.0,184.0,284
2022-11-28,58.4,57.0,80.0,78
2022-11-29,60.5,54.0,92.0,176
2022-11-30,60.4,54.0,116.0,189
2022-12-02,57.7,48.0,86.0,166
2022-12-03,64.1,52.0,191.0,346
2022-12-04,58.2,49.0,88.0,144
2022-12-05,58.5,45.0,110.0,170
2022-12-06,59.3,49.0,104.0,188
2022-12-07,59.5,50.0,188.0,294
2022-12-08,60.5,44.0,129.0,194
2022-12-09,55.7,46.0,88.0,180
2022-12-10,61.2,44.0,115.0,193
2022-12-11,57.0,48.0,115.0,189
2022-12-12,53.6,42.0,163.0,218
2022-12-13,63.9,49.0,151.0,195
2022-12-14,63.1,54.0,92.0,180
2022-12-15,55.1,44.0,97.0,190
2022-12-16,61.4,56.0,96.0,139
2023-01-07,62.1,54.0,86.0,55
2023-01-08,66.6,53.0,171.0,311
2023-01-09,64.9,61.0,78.0,114
2023-01-10,59.4,48.0,83.0,185
2023-01-11,56.6,53.0,108.0,179
2023-01-12,57.7,53.0,83.0,190
2023-01-13,59.3,48.0,85.0,165
2023-01-14,56.6,50.3,126.0,202
2023-01-15,59.0,52.0,197.0,213
2023-01-16,62.5,52.0,98.5,195
2023-01-17,56.1,45.0,103.0,209
2023-01-18,53.5,52.0,89.0,227
2023-01-19,57.0,51.0,98.0,173
2023-01-20,58.9,45.0,116.0,184
2023-01-21,57.4,42.0,133.0,170
2023-01-22,59.0,45.0,185.0,417
2023-01-23,56.3,54.0,103.0,148
2023-01-24,53.6,51.0,107.0,199
2023-01-25,57.0,53.0,109.0,202
2023-01-26,57.3,53.6,123.0,168
2023-01-27,64.5,63.0,96.0,116
2023-01-28,60.3,57.0,178.0,117
2023-01-29,55.9,54.0,113.0,64
2023-01-30,57.1,46.0,90.0,162
2023-01-31,60.3,46.0,92.0,163
2023-02-01,60.9,58.0,92.0,79
2023-02-02,59.4,45.0,89.0,176
2023-02-03,60.2,58.0,112.4,191
2023-02-04,56.5,49.0,107.9,188
2023-02-05,62.8,56.0,192.0,501
2023-02-06,54.9,44.0,98.0,171
2023-02-07,59.9,46.0,130.0,189
2023-02-08,60.3,58.0,189.0,220
2023-02-09,60.9,54.0,107.0,173
2023-02-10,57.6,43.0,99.0,199
2023-02-11,55.6,47.0,128.1,164
2023-02-12,59.7,44.0,119.0,140
2023-02-13,56.7,50.0,106.0,181
2023-02-14,58.9,56.0,110.0,256
2023-02-15,55.9,52.0,93.0,205
2023-02-16,51.5,50.0,104.0,273
2023-02-17,63.4,60.0,126.0,146
2023-02-18,58.2,48.0,118.0,166
2023-02-19,61.7,54.0,190.0,457
2023-02-20,56.5,51.0,129.0,166
2023-02-21,57.8,45.0,95.0,185
2023-02-22,56.6,53.0,82.0,166
2023-02-23,57.3,55.0,104.0,183
2023-02-24,58.4,55.0,119.7,170
2023-02-25,65.5,46.0,185.0,590
2023-02-26,61.7,59.0,122.4,201
2023-02-27,59.1,52.0,123.0,205
2023-02-28,58.8,47.0,110.0,174
2023-03-01,57.7,52.0,129.0,171
2023-03-02,61.0,46.0,133.6,205
2023-03-03,60.6,45.0,123.9,201
2023-03-04,56.9,44.0,102.0,165
2023-03-05,62.5,41.0,204.0,613
2023-03-06,58.4,51.0,109.0,180
2023-03-07,57.4,44.0,84.0,168
2023-03-08,58.5,57.0,120.0,190
2023-03-09,57.1,43.0,119.0,165
2023-03-10,61.9,55.0,123.0,262
2023-03-11,57.4,55.0,135.0,118
2023-03-12,56.9,43.0,103.0,192
2023-03-13,54.6,53.0,119.0,165
2023-03-14,59.0,46.0,105.0,169
2023-03-15,58.5,45.0,81.0,170
2023-03-16,58.7,49.0,90.0,157
2023-03-17,62.2,47.0,118.9,183
2023-03-18,56.6,49.0,105.0,102
2023-03-19,67.9,59.0,183.0,424
2023-03-20,59.2,50.0,120.0,234
2023-03-21,55.5,54.0,85.0,95
2023-03-22,60.8,49.0,113.3,207
2023-03-23,59.5,51.0,98.0,167
2023-03-24,59.5,58.0,91.0,190
2023-03-25,56.8,53.0,122.9,208
2023-03-26,56.7,41.0,105.3,195
2023-03-27,56.9,50.0,93.0,195
2023-03-28,58.3,41.0,91.0,206
2023-03-29,60.2,48.0,79.0,187
2023-03-30,61.0,59.0,121.0,156
2023-03-31,64.6,60.0,117.5,123
2023-04-01,60.7,59.0,126.0,231
2023-04-02,65.4,60.0,158.0,213
2023-04-03,57.5,43.0,121.3,195
2023-04-04,61.7,58.0,118.0,278
2023-04-05,62.6,58.0,108.4,220
2023-04-06,61.7,57.0,116.0,184
2023-04-07,62.3,55.0,129.7,220
2023-04-08,57.0,43.0,113.0,194
2023-04-09,62.6,55.0,123.0,206
2023-04-10,61.3,56.0,118.0,198
2023-04-11,59.6,55.0,107.0,244
2023-04-12,60.7,57.0,129.0,186
2023-04-13,67.0,51.0,120.2,203
2023-04-14,60.1,56.0,104.0,194
2023-04-15,60.4,52.0,136.0,175
2023-04-16,61.5,54.0,114.2,177
2023-04-17,65.4,51.0,162.0,207
2023-04-18,59.6,51.0,124.0,154
2023-04-19,56.1,44.0,98.0,211
2023-04-20,55.6,54.0,147.0,212
2023-04-21,65.4,57.0,128.8,240
2023-04-22,62.0,51.0,126.9,218
2023-04-23,64.7,59.0,121.9,240
2023-04-24,61.9,49.0,99.0,184
2023-04-25,61.5,43.0,120.0,191
2023-04-26,60.4,40.0,86.0,185
2023-04-27,57.9,50.0,139.1,79
2023-04-28,60.7,51.0,118.9,200
2023-04-29,72.8,56.0,139.0,521
2023-04-30,101.5,75.0,126.4,333
2023-05-02,59.3,57.0,98.4,211
2023-05-03,54.4,45.0,104.0,189
2023-05-04,61.5,48.0,100.0,194
2023-05-05,63.2,48.0,119.8,198
2023-05-06,63.7,47.0,122.0,287
2023-05-07,64.0,56.0,172.0,436
2023-05-08,63.5,53.0,89.0,172
2023-05-09,61.1,54.0,104.0,191
2023-05-10,59.5,51.0,81.0,183
2023-05-11,64.7,58.0,115.0,215
2023-05-12,58.3,56.0,132.0,304
2023-05-13,65.0,49.0,121.5,190
2023-05-14,57.3,52.0,104.0,189
2023-05-15,57.9,48.0,91.0,184
2023-05-16,58.5,50.0,107.0,193
2023-05-17,59.5,57.0,101.0,192
2023-05-18,60.0,56.0,134.9,194
2023-05-19,62.3,56.0,127.1,215
2023-05-20,59.6,55.0,126.0,161
2023-05-21,64.1,58.6,113.1,547
2023-05-22,59.7,55.0,96.0,192
2023-05-23,63.5,58.0,134.0,328
2023-05-24,60.5,54.0,172.0,200
2023-05-25,60.3,56.0,120.0,199
2023-05-27,66.8,57.0,111.2,190
2023-05-28,62.9,41.0,126.0,305
2023-05-29,61.4,54.0,112.0,190
2023-05-30,62.0,47.0,111.0,124
2023-05-31,65.3,59.0,117.0,385
2023-06-01,61.3,59.0,130.0,25
2023-06-02,57.1,48.0,133.0,126
2023-06-03,73.5,42.0,186.0,724
2023-06-04,66.0,65.0,112.0,125
2023-06-05,58.4,53.0,89.0,154
2023-06-07,56.7,54.0,118.0,217
2023-06-08,61.3,55.0,110.0,263
2023-06-09,63.3,61.0,155.0,159
2023-06-10,64.2,56.0,119.1,212
2023-06-11,61.4,58.0,104.5,178
2023-06-12,66.7,65.0,130.0,132
2023-06-13,63.3,59.0,112.0,319
2023-06-14,59.4,48.0,101.0,174
2023-06-15,55.8,50.0,102.0,228
2023-06-16,66.9,54.0,121.0,274
2023-06-17,64.5,59.0,110.0,227
2023-06-18,59.4,55.9,112.8,323
2023-06-19,59.0,55.0,140.0,186
2023-06-20,59.6,58.0,103.0,199
2023-06-21,59.8,51.0,103.0,172
2023-06-22,58.7,56.0,106.0,188
2023-06-23,62.9,59.0,109.0,171
2023-06-25,64.7,46.0,118.0,159
2023-06-26,60.0,56.0,136.0,101
2023-06-28,56.0,52.0,116.0,228
2023-06-29,58.3,53.0,89.0,155
2023-06-30,62.2,47.0,136.0,462
2023-07-01,62.6,53.0,115.0,263
2023-07-02,58.5,53.7,119.0,194
2023-07-05,57.3,55.0,112.0,208
2023-07-06,56.2,54.0,123.0,219
2023-07-07,53.7,53.0,82.0,82
2023-07-08,61.0,57.0,130.0,106
2023-07-09,56.0,55.0,119.0,28
2023-07-11,61.5,58.0,128.0,216
2023-07-13,60.0,55.0,103.0,207
2023-07-14,63.2,61.0,103.0,159
2023-07-15,68.5,60.0,171.0,309
2023-07-16,65.0,52.0,109.0,132
2023-07-17,69.6,59.0,173.0,707
2023-07-18,64.7,63.0,80.0,43
2023-07-19,66.2,57.0,170.0,215
2023-07-20,60.5,57.0,98.0,180
2023-07-21,60.9,57.0,104.4,142
2023-07-22,59.0,55.0,117.0,214
2023-07-23,54.2,41.0,102.0,199
2023-07-24,62.7,51.0,89.0,24
2023-07-25,60.8,50.0,123.0,199
2023-07-26,59.1,43.0,93.0,165
2023-07-27,58.0,56.0,90.0,177
2023-07-28,60.2,56.0,112.7,190
2023-07-30,55.4,43.0,107.0,378
2023-07-31,60.3,55.0,119.0,242
2023-08-01,60.6,53.0,108.0,206
2023-08-02,59.8,57.7,89.0,206
2023-08-03,59.2,49.0,105.0,217
2023-08-04,57.8,52.0,109.0,230
2023-08-05,58.0,55.0,121.0,200
2023-08-06,65.1,57.0,136.0,449
2023-08-07,61.7,46.0,97.0,162
2023-08-08,59.3,56.0,106.0,190
2023-08-09,57.9,43.0,118.0,172
2023-08-10,59.7,44.0,96.0,179
2023-08-11,62.0,48.0,117.0,229
2023-08-12,58.1,45.0,120.0,185
2023-08-13,68.7,60.0,186.0,785
2023-08-14,62.4,57.0,107.0,246
2023-08-15,62.2,59.0,95.0,118
2023-08-16,61.9,59.0,130.0,254
2023-08-17,61.0,57.0,184.0,296
2023-08-18,58.3,53.0,119.0,285
2023-08-19,58.7,55.0,105.0,220
2023-08-20,67.5,56.0,192.0,747
2023-08-21,63.3,58.0,117.0,231
2023-08-22,59.7,55.0,120.0,256
2023-08-23,57.8,55.0,108.0,220
2023-08-24,57.9,53.0,105.0,363
2023-08-25,62.7,62.0,89.0,29
2023-08-26,60.2,58.0,88.0,106
2023-08-27,64.5,56.0,105.5,159
2023-08-28,61.3,59.0,109.0,155
2023-08-29,61.0,59.0,117.0,223
2023-08-30,55.5,45.0,87.0,108
2023-08-31,58.4,53.0,114.0,195
2023-09-01,61.6,56.0,123.0,207
2023-09-02,61.4,55.0,112.0,252
2023-09-03,62.4,57.0,120.8,262
2023-09-04,65.3,56.0,197.0,680
2023-09-05,62.9,47.0,100.0,164
2023-09-06,59.4,51.0,115.6,182
2023-09-07,57.7,51.0,106.0,155
2023-09-08,62.5,52.0,120.7,194
2023-09-09,72.1,56.0,184.0,967
2023-09-10,73.1,56.0,182.0,389
2023-09-11,59.9,40.0,101.0,202
2023-09-12,61.6,48.0,185.0,802
2023-09-13,56.6,54.0,135.0,241
2023-09-14,56.6,52.0,131.0,164
2023-09-15,57.8,55.0,98.0,192
2023-09-16,63.2,48.0,177.0,771
2023-09-17,55.3,54.0,91.0,188
2023-09-18,54.7,51.0,96.0,203
2023-09-19,59.1,57.0,108.0,176
2023-09-20,61.0,40.0,187.0,434
2023-09-21,53.1,50.9,107.0,200
2023-09-22,54.6,49.0,106.0,203
2023-09-23,57.2,50.0,118.0,229
2023-09-24,71.0,71.0,94.0,11
2023-09-25,57.2,54.0,115.0,237
2023-09-26,52.0,50.0,105.0,200
2023-09-27,53.2,48.0,116.0,279
2023-09-28,57.4,53.0,100.0,177
2023-09-29,57.0,54.0,127.0,221
2023-09-30,61.0,54.0,165.0,224
2023-10-01,60.3,53.0,97.0,203
2023-10-02,63.2,52.0,110.0,196
2023-10-03,56.1,53.0,98.0,195
2023-10-04,60.1,57.0,127.0,137
2023-10-05,66.0,44.0,122.0,208
2023-10-06,59.6,56.0,106.0,234
2023-10-07,58.3,47.0,104.9,179
2023-10-08,64.6,52.0,190.0,777
2023-10-09,58.2,46.0,134.0,201
2023-10-10,58.7,53.0,116.3,190
2023-10-11,57.4,54.0,107.0,183
2023-10-12,53.1,50.1,87.0,204
2023-10-13,56.0,54.0,121.0,173
2023-10-14,60.1,53.0,122.0,322
2023-10-15,63.4,62.0,96.0,104
2023-10-16,55.2,42.0,90.0,256
2023-10-17,59.0,54.0,86.0,178
2023-10-18,59.4,57.0,96.0,178
2023-10-19,53.5,52.0,95.0,209
2023-10-20,52.6,52.0,92.0,124
2023-10-21,70.5,46.0,181.0,443
2023-10-22,65.9,52.0,89.0,185
2023-10-23,59.2,49.0,84.0,161
2023-10-24,58.7,45.0,102.0,199
2023-10-25,61.6,55.0,94.0,188
2023-10-26,61.1,54.0,124.5,220
2023-10-27,58.5,48.0,124.0,204
2023-10-28,63.8,54.0,109.2,237
2023-10-29,66.3,47.0,101.0,143
2023-11-01,60.0,53.0,90.0,159
2023-11-02,64.4,46.0,130.0,292
2023-11-03,62.0,50.0,128.0,282
2023-11-04,60.2,59.0,76.0,50
2023-11-05,65.4,58.0,170.0,243
2023-11-06,63.2,59.0,85.0,63
2023-11-07,56.9,49.0,96.0,179
2023-11-08,60.6,43.0,116.0,162
2023-11-09,59.3,49.0,139.0,249
2023-11-10,56.6,41.0,129.0,178
2023-11-11,56.5,55.0,87.0,197
2023-11-12,61.8,56.0,129.0,275
2023-11-13,57.8,44.0,104.0,142
2023-11-14,61.6,58.0,92.0,172
2023-11-15,63.0,54.0,102.0,194
2023-11-16,58.6,43.0,126.0,209
2023-11-17,60.1,41.0,110.0,204
2023-11-18,63.5,48.0,121.0,159
2023-11-19,59.5,43.0,118.0,246
2023-11-20,60.5,45.0,118.9,185
2023-11-21,60.8,51.0,121.0,191
2023-11-22,62.0,53.0,124.0,205
2023-11-23,59.1,52.0,113.0,197
2023-11-24,60.5,54.0,97.0,183
2023-11-25,64.6,52.0,137.0,169
2023-11-26,58.7,43.0,113.3,183
2023-11-27,60.0,57.0,91.0,188
2023-11-28,63.4,53.0,98.0,207
2023-11-29,59.4,51.0,100.0,178
2023-11-30,62.2,56.0,83.0,54
2023-12-02,66.2,60.0,118.0,184
2023-12-03,58.8,46.0,132.0,316
2023-12-04,64.1,57.0,114.0,74
2023-12-05,60.7,53.0,126.0,192
2023-12-06,61.5,59.0,121.0,216
2023-12-07,61.4,55.0,110.0,178
2023-12-08,62.7,54.0,128.6,170
2023-12-09,62.0,48.0,155.0,209
2023-12-10,63.2,58.0,120.0,90
2023-12-11,58.7,56.0,122.0,96
2023-12-12,54.8,53.0,97.0,216
2023-12-13,58.7,47.0,111.0,179
2023-12-14,60.0,57.0,107.0,190
2023-12-15,63.7,53.0,129.9,216
2023-12-16,66.6,46.0,123.0,205
2023-12-17,65.2,56.0,125.0,203
2023-12-18,66.6,52.0,137.0,262
2023-12-19,63.1,50.0,109.0,207
2023-12-20,65.7,53.0,129.0,269
2023-12-21,60.1,51.0,116.0,215
2023-12-22,62.1,41.0,120.0,184
2023-12-23,62.6,52.0,119.9,200
2023-12-24,63.9,58.0,131.0,103
2023-12-25,66.6,53.0,138.8,136
2023-12-26,58.2,50.0,112.0,111
2023-12-27,58.6,57.0,112.0,198
2023-12-28,58.6,50.0,126.0,197
2023-12-29,61.8,57.0,126.4,161
2023-12-30,61.1,49.0,149.0,136
2023-12-31,65.2,43.0,119.0,182
2024-01-01,63.5,46.0,113.0,224
2024-01-02,55.6,41.0,141.0,190
2024-01-03,62.6,59.0,175.0,209
2024-01-04,63.2,61.0,89.0,179
2024-01-05,62.0,58.0,151.0,235
2024-01-06,56.2,51.0,137.0,291
2024-01-07,59.5,57.0,132.0,237
2024-01-08,63.4,61.0,112.0,180
2024-01-09,61.9,59.0,142.0,201
2024-01-10,62.5,60.0,96.0,202
2024-01-11,65.2,44.0,143.0,205
2024-01-12,65.0,62.0,137.6,196
2024-01-13,64.0,60.0,134.8,206
2024-01-14,60.7,58.0,150.0,208
2024-01-15,56.1,54.0,111.3,206
2024-01-16,59.7,53.0,124.0,250
2024-01-17,65.8,61.0,103.0,195
2024-01-18,66.1,63.0,154.0,221
2024-01-19,66.3,63.0,131.0,199
2024-01-20,63.8,61.0,127.4,216
2024-01-21,64.2,55.0,140.0,216
2024-01-22,64.1,63.0,133.0,190
2024-01-23,63.2,60.0,109.0,189
2024-01-24,65.0,61.0,98.0,185
2024-01-25,62.1,45.0,137.1,244
2024-01-26,64.0,60.0,130.0,293
2024-01-27,59.9,58.0,141.0,267
2024-01-28,53.0,51.0,123.0,473
2024-01-29,61.9,52.0,113.0,216
2024-01-30,62.4,59.0,135.0,194
2024-01-31,60.8,55.0,135.0,203
2024-02-01,64.6,58.0,131.8,219
2024-02-02,61.6,59.0,132.0,213
2024-02-03,61.5,57.0,117.1,230
2024-02-04,62.6,59.0,133.0,300
2024-02-05,58.9,56.0,110.3,179
2024-02-06,58.1,54.0,119.0,190
2024-02-07,62.2,54.0,117.0,251
2024-02-08,65.7,61.0,135.0,201
2024-02-09,65.5,63.0,127.1,210
2024-02-10,63.7,59.0,153.0,311
2024-02-11,75.6,70.0,116.0,281
2024-02-12,66.8,63.0,125.0,249
2024-02-13,64.5,60.0,95.0,201
2024-02-14,63.1,60.0,108.0,179
2024-02-15,65.5,61.0,136.2,217
2024-02-16,63.5,59.0,101.0,210
2024-02-17,58.7,55.0,178.0,704
2024-02-18,65.4,62.0,132.0,208
2024-02-19,59.8,48.0,92.0,200
2024-02-20,62.1,58.0,94.5,220
2024-02-21,58.6,55.0,97.0,181
2024-02-22,59.9,56.0,121.3,203
2024-02-23,66.0,63.0,136.0,191
2024-02-24,63.3,59.0,117.0,233
2024-02-25,66.3,60.0,190.0,631
2024-02-26,60.6,57.0,90.0,192
2024-02-27,59.5,57.0,87.0,195
2024-02-28,58.7,54.0,106.9,185
2024-02-29,50.8,46.0,109.0,271
2024-03-01,51.8,50.0,124.0,259
2024-03-02,68.2,57.0,180.0,976
2024-03-03,63.4,58.0,137.0,200
2024-03-04,65.0,59.0,126.0,219
2024-03-05,60.3,57.0,87.0,199
2024-03-06,58.9,55.0,124.7,195
2024-03-07,67.7,58.0,166.0,572
2024-03-08,61.7,57.0,146.0,152
2024-03-09,58.2,53.0,122.0,203
2024-03-10,64.3,57.0,116.2,212
2024-03-11,61.9,60.0,102.0,178
2024-03-12,59.5,57.0,95.0,217
2024-03-13,59.0,55.0,97.0,190
2024-03-14,64.8,61.0,131.5,246
2024-03-15,60.1,57.0,146.0,216
2024-03-16,61.2,57.0,100.0,192
2024-03-17,63.2,47.0,133.0,295
2024-03-18,60.9,59.0,105.0,250
2024-03-19,64.8,60.0,101.0,236
2024-03-20,62.4,58.0,142.0,190
2024-03-21,60.5,58.0,128.0,208
2024-03-22,63.4,61.0,156.3,193
2024-03-23,64.0,62.0,132.0,180
2024-03-24,57.0,55.0,111.0,246
2024-03-25,61.7,56.0,136.5,314
2024-03-26,62.9,59.0,101.0,211
2024-03-27,62.1,55.0,87.0,179
2024-03-28,62.6,47.0,152.0,211
2024-03-29,62.6,60.0,142.3,219
2024-03-30,65.6,59.0,136.7,197
2024-03-31,62.5,57.6,127.5,218
2024-04-01,60.7,58.0,116.8,186
2024-04-02,62.1,59.0,106.0,183
2024-04-03,62.0,60.0,128.0,191
2024-04-04,62.0,58.0,112.0,210
2024-04-05,59.4,58.0,142.5,234
2024-04-06,57.4,54.0,134.0,227
2024-04-07,56.5,52.0,126.0,245
2024-04-08,60.5,57.0,124.9,294
2024-04-09,57.2,54.0,83.0,209
2024-04-10,58.8,54.0,100.0,215
2024-04-11,58.7,56.0,121.2,210
2024-04-12,61.3,58.0,134.8,392
2024-04-13,60.4,55.0,138.0,231
2024-04-14,61.5,58.0,115.0,263
2024-04-15,62.2,55.0,123.0,222
2024-04-16,61.8,57.0,98.0,204
2024-04-17,61.7,58.0,119.0,206
2024-04-18,64.0,59.0,130.7,236
2024-04-19,59.8,57.0,123.0,232
2024-04-20,61.8,58.0,131.6,261
2024-04-21,62.4,59.0,168.4,186
2024-04-22,59.4,55.0,127.0,207
2024-04-23,61.4,59.0,87.0,205
2024-04-24,60.0,59.0,116.0,269
2024-04-25,59.0,57.0,119.0,245
2024-04-26,57.6,55.0,119.0,315
2024-04-27,57.9,54.0,144.0,228
2024-04-28,62.6,56.0,122.5,195
2024-04-29,59.3,56.0,102.0,197
2024-04-30,62.0,57.0,137.0,258
2024-05-01,59.5,48.0,109.0,213
2024-05-02,63.6,61.0,138.0,280
2024-05-03,63.0,60.0,132.6,197
2024-05-04,62.4,50.0,150.0,259
2024-05-05,63.6,60.0,133.0,194
2024-05-06,64.6,58.0,134.5,299
2024-05-07,61.2,58.0,94.0,213
2024-05-08,59.1,57.0,81.0,191
2024-05-09,60.8,57.0,142.6,245
2024-05-10,58.2,54.0,133.0,204
2024-05-11,65.0,63.0,126.0,318
2024-05-12,62.0,58.0,122.0,243
2024-05-13,61.8,56.0,125.5,256
2024-05-14,64.9,61.0,115.0,238
2024-05-15,64.8,63.0,130.0,207
2024-05-16,66.2,63.0,143.7,156
2024-05-17,64.7,61.0,188.0,233
2024-05-18,64.6,62.0,132.0,201
2024-05-19,58.6,54.0,129.0,256
2024-05-20,59.5,56.0,98.5,219
2024-05-21,55.8,54.0,86.0,217
2024-05-22,65.8,64.0,172.0,114
2024-05-23,58.2,56.0,88.0,220
2024-05-24,63.7,58.1,140.0,290
2024-05-25,61.8,59.0,118.0,265
2024-05-26,55.9,53.0,165.7,193
2024-05-27,47.6,46.0,76.0,196
2024-05-28,51.2,47.0,138.3,213
2024-05-29,51.1,50.0,113.0,86
2024-05-30,53.0,50.0,107.0,187
2024-05-31,52.3,49.0,114.0,226
2024-06-01,51.7,49.0,122.0,227
2024-06-02,52.7,48.0,159.8,162
2024-06-03,58.4,53.0,125.0,403
2024-06-04,54.8,53.0,91.0,222
2024-06-05,54.8,49.0,133.0,213
2024-06-06,54.0,52.0,104.0,205
2024-06-07,64.5,54.0,182.0,329
2024-06-08,58.9,55.0,132.0,319
2024-06-09,50.7,46.0,139.0,247
2024-06-10,53.7,53.0,159.0,214
2024-06-11,52.8,51.0,110.0,246
2024-06-12,52.1,49.0,168.1,206
2024-06-13,52.4,50.0,109.0,230
2024-06-14,49.9,47.0,100.5,279
2024-06-15,51.7,47.0,136.0,222
2024-06-16,53.2,52.0,137.0,244
2024-06-17,52.6,49.0,127.0,271
2024-06-18,51.8,49.0,132.6,175
2024-06-19,55.5,50.0,143.0,684
2024-06-20,58.3,52.0,163.2,517
2024-06-21,51.2,48.0,93.0,275
2024-06-22,60.1,57.0,152.3,252
2024-06-23,57.6,53.0,94.0,242
2024-06-24,53.9,51.0,79.0,204
2024-06-25,59.0,56.9,99.0,317
2024-06-26,55.5,52.0,91.0,208
2024-06-27,54.5,51.0,115.0,237
2024-06-28,55.1,51.0,101.0,200
2024-06-29,55.7,51.0,131.0,266
2024-06-30,58.7,53.0,111.0,272
2024-07-01,57.8,53.9,117.0,242
2024-07-02,57.0,54.0,96.0,200
2024-07-03,53.4,50.0,155.0,270
2024-07-04,58.3,55.0,149.0,245
2024-07-05,58.1,55.0,108.0,218
2024-07-06,54.6,51.0,101.7,219
2024-07-07,58.6,55.0,157.0,225
2024-07-08,58.4,56.0,100.0,206
2024-07-09,58.2,55.0,102.0,214
2024-07-10,56.9,54.0,104.6,238
2024-07-11,53.3,49.0,82.0,211
2024-07-12,53.0,50.0,105.8,226
2024-07-13,65.0,60.0,120.0,373
2024-07-14,60.5,57.0,99.0,185
2024-07-15,57.8,53.0,130.0,324
2024-07-16,54.4,50.0,82.0,196
2024-07-17,58.1,55.0,109.7,195
2024-07-18,59.0,55.0,130.0,208
2024-07-19,63.2,62.0,121.2,258
2024-07-20,66.1,63.0,96.0,138
2024-07-21,59.4,56.0,140.0,299
2024-07-22,57.9,55.0,114.0,258
2024-07-23,58.1,55.0,81.0,192
2024-07-24,60.6,55.0,121.0,520
2024-07-25,62.8,59.0,138.0,414
2024-07-26,62.6,60.0,117.7,222
2024-07-27,57.1,54.0,107.3,237
2024-07-28,61.1,59.0,127.0,201
2024-07-29,58.7,56.0,116.0,340
2024-07-30,58.5,56.0,106.0,242
2024-07-31,59.8,57.0,123.0,237
2024-08-01,57.8,53.0,93.0,204
2024-08-02,59.3,55.0,140.0,190
2024-08-03,55.2,51.0,114.6,205
2024-08-04,56.5,49.0,113.0,702
2024-08-05,59.6,54.0,110.0,430
2024-08-06,53.2,51.0,86.0,224
2024-08-07,46.2,43.0,114.0,261
2024-08-08,57.2,54.0,112.0,219
2024-08-09,55.8,51.0,115.4,246
2024-08-10,61.5,57.0,119.8,249
2024-08-11,58.2,54.0,106.8,195
2024-08-12,59.9,57.0,121.0,268
2024-08-13,57.4,54.0,92.0,179
2024-08-14,61.6,55.0,92.0,189
2024-08-15,58.0,54.0,105.0,212
2024-08-16,64.8,63.0,120.0,232
2024-08-17,56.1,49.0,112.9,210
2024-08-18,61.1,56.0,122.4,397
2024-08-19,53.1,49.0,125.0,264
2024-08-20,59.0,55.0,81.0,188
2024-08-21,54.6,50.0,104.0,324
2024-08-22,55.2,53.0,94.0,202
2024-08-23,53.6,52.0,102.0,209
2024-08-24,58.3,55.0,125.0,265
2024-08-25,55.2,53.0,109.5,171
2024-08-26,56.2,52.0,81.0,190
2024-08-27,59.3,57.0,93.0,213
2024-08-28,59.5,55.0,100.0,200
2024-08-29,62.2,58.0,88.0,247
2024-08-30,61.3,57.0,116.7,262
2024-08-31,59.9,58.0,118.0,319
2024-09-01,80.2,70.0,115.0,346
2024-09-02,58.8,54.0,94.0,398
2024-09-03,57.5,54.0,132.9,225
2024-09-04,55.8,54.0,67.0,32
2024-09-05,64.5,56.0,183.0,1454
2024-09-06,61.7,58.0,142.0,365
2024-09-07,58.6,55.0,134.0,316
2024-09-08,56.3,53.0,142.0,218
2024-09-09,59.9,52.0,145.0,328
2024-09-10,68.9,61.0,186.0,966
2024-09-11,59.2,56.0,157.0,221
2024-09-12,53.0,46.0,180.0,765
2024-09-13,58.2,53.0,133.0,192
2024-09-14,63.0,48.0,161.0,578
2024-09-15,63.2,54.0,166.0,213
2024-09-16,65.8,59.0,177.2,509
2024-09-17,61.8,60.0,110.0,60
2024-09-18,62.6,54.0,108.4,303
2024-09-19,60.7,57.0,146.0,299
2024-09-20,58.5,55.0,115.0,212
2024-09-21,62.1,56.0,167.7,345
2024-09-22,60.7,57.8,163.4,237
2024-09-23,59.1,57.0,104.0,226
2024-09-24,57.2,55.0,88.0,202
2024-09-25,58.2,54.0,88.0,134
2024-09-26,59.3,57.0,94.0,206
2024-09-27,57.1,52.0,96.0,171
2024-09-28,60.9,52.0,182.0,492
2024-09-29,57.5,55.0,107.0,225
2024-09-30,55.4,52.0,105.0,168
2024-10-01,62.5,56.0,120.0,202
2024-10-02,60.1,54.0,113.0,151
2024-10-03,63.2,61.0,101.0,203
2024-10-04,59.2,56.0,164.9,217
2024-10-05,60.4,59.0,179.9,211
2024-10-06,57.4,52.0,99.0,219
2024-10-07,58.5,56.0,104.0,178
2024-10-08,62.5,59.0,111.0,187
2024-10-09,64.3,46.0,115.0,276
2024-10-10,59.6,58.0,122.0,285
2024-10-11,56.6,52.0,129.0,257
2024-10-12,57.5,54.0,151.0,206
2024-10-13,63.2,59.0,172.0,414
2024-10-14,59.1,54.0,134.0,172
2024-10-15,62.4,60.0,98.0,203
2024-10-16,61.9,55.0,138.0,184
2024-10-17,58.1,53.0,116.0,250
2024-10-18,54.3,52.0,190.0,585
2024-10-19,59.3,58.2,108.0,98
2024-10-20,62.9,59.0,138.0,248
2024-10-21,54.0,52.0,97.0,97
2024-10-23,53.8,41.0,89.0,172
2024-10-24,65.0,50.0,126.0,279
2024-10-25,60.2,58.0,104.0,152
2024-10-26,67.1,64.0,131.0,209
2024-10-27,63.6,43.0,172.6,86
2024-10-28,63.2,60.0,106.0,101
2024-10-29,59.3,56.0,113.0,160
2024-10-30,58.6,56.0,132.0,222
2024-10-31,62.1,59.0,112.0,233
2024-11-02,76.2,61.0,193.0,517
2024-11-03,66.4,60.0,123.0,368
2024-11-04,61.1,56.0,180.0,350
2024-11-05,58.7,51.0,89.0,205
2024-11-06,53.6,52.0,102.0,259
2024-11-07,51.7,50.0,164.0,315
2024-11-08,63.4,49.0,184.0,388
2024-11-09,61.0,56.0,159.8,205
2024-11-10,61.1,58.0,158.5,370
2024-11-11,57.8,48.0,161.0,208
2024-11-12,61.5,59.0,99.0,204
2024-11-13,58.6,56.0,95.0,201
2024-11-14,53.5,49.0,85.0,180
2024-11-15,58.3,56.0,83.0,159
2024-11-16,56.6,53.0,115.0,168
2024-11-17,61.9,59.0,125.0,177
2024-11-18,54.6,46.0,97.0,187
2024-11-19,58.6,57.0,112.0,209
2024-11-20,54.3,49.0,117.0,196
2024-11-26,55.7,53.0,80.0,189
2024-11-27,57.3,55.0,105.0,201
2024-11-28,56.3,52.0,107.0,246
2024-11-29,48.2,42.0,84.0,156
2024-12-01,62.2,57.0,184.0,314
2024-12-02,57.0,50.0,85.0,189
2024-12-03,56.1,55.0,87.0,206
2024-12-04,61.9,56.0,107.4,133
2024-12-05,57.7,54.0,126.0,261
2024-12-06,58.1,56.0,137.0,181
2024-12-08,58.2,55.0,124.0,150
2024-12-13,62.8,59.0,139.7,206
2024-12-14,61.9,59.0,182.0,126
2024-12-15,58.8,58.0,131.0,163
2024-12-16,58.0,46.0,90.0,166
2024-12-17,58.3,54.0,163.6,223
2024-12-18,57.5,42.0,122.0,158
2024-12-19,52.0,47.0,79.0,197
2024-12-20,56.4,52.0,178.4,168
2024-12-21,54.0,48.0,169.4,265
2024-12-22,56.8,50.0,115.0,211
2024-12-23,56.4,50.0,119.0,100
2024-12-24,53.6,50.0,102.0,148
2024-12-25,55.9,53.0,108.0,196
2024-12-26,56.2,52.0,98.0,139
2024-12-27,62.6,55.0,180.0,385
2024-12-30,63.5,60.0,169.6,150
2025-01-01,56.5,49.0,106.0,170
2025-01-02,57.7,47.0,163.7,229
2025-01-03,57.6,53.0,126.0,177
2025-01-04,54.5,50.0,132.0,179
2025-01-05,52.3,49.0,134.0,228
2025-01-06,53.3,52.0,107.0,185
2025-01-07,57.3,52.0,113.9,214
2025-01-08,58.9,57.0,109.0,169
2025-01-09,58.0,54.0,152.9,210
2025-01-10,59.2,54.0,166.0,207
2025-01-11,61.5,60.0,120.0,221
2025-01-12,59.5,58.0,141.0,337
2025-01-13,55.2,54.0,110.0,178
2025-01-14,57.4,55.0,162.3,161
2025-01-15,55.1,53.0,131.0,205
2025-01-16,54.4,53.0,85.0,114
2025-01-17,54.1,47.0,116.0,195
2025-01-18,73.9,59.0,182.0,1397
2025-01-19,56.2,52.0,110.0,221
2025-01-20,53.2,49.0,98.0,182
2025-01-21,55.2,54.0,139.0,148
2025-01-22,56.1,51.0,155.3,187
2025-01-23,56.6,52.0,157.9,192
2025-01-26,68.5,57.0,181.0,597
2025-01-27,55.2,53.0,83.0,167
2025-01-29,62.6,53.0,191.0,380
2025-01-30,55.5,52.0,132.0,194
2025-02-02,72.6,44.0,176.0,752
2025-02-08,57.9,50.0,111.0,146
2025-02-09,55.2,49.0,122.0,208
2025-02-10,54.6,52.0,143.0,211
2025-02-11,58.5,48.0,97.0,139
2025-02-12,57.5,56.0,105.0,172
2025-02-13,57.4,50.0,77.0,152
2025-02-14,60.2,56.0,175.0,647
2025-02-16,59.2,56.0,140.0,234
2025-02-18,60.2,57.0,177.1,123
2025-02-19,59.9,56.0,87.0,92
2025-02-22,70.1,65.0,186.0,456
2025-02-23,57.8,49.0,116.0,196
2025-02-24,57.0,54.0,105.0,131
2025-02-25,61.5,56.0,124.0,327
2025-02-26,59.1,54.0,130.0,265
2025-02-27,59.2,58.0,122.0,198
2025-02-28,64.6,47.0,186.0,541
2025-03-01,60.0,58.0,85.0,174
2025-03-02,62.2,56.0,110.6,201
2025-03-03,65.1,55.0,185.0,433
2025-03-04,61.7,57.9,120.0,223
2025-03-05,65.9,51.0,189.0,501
2025-03-06,59.6,57.0,92.0,223
2025-03-07,64.8,54.0,192.0,379
2025-03-08,58.4,57.0,118.0,203
2025-03-09,59.6,55.0,190.0,507
2025-03-10,63.4,61.0,125.0,174
2025-03-11,56.9,54.0,111.0,225
2025-03-12,53.4,49.0,101.0,326
2025-03-13,56.9,54.0,117.0,200
2025-03-14,58.8,43.0,182.0,523
2025-03-15,61.5,59.0,120.4,70
2025-03-16,70.1,63.0,196.0,490
2025-03-17,58.0,55.0,96.0,155
2025-03-18,58.5,55.0,78.0,120
2025-03-20,56.4,53.0,92.1,237
2025-03-21,61.9,58.3,182.0,186
2025-03-22,59.0,45.0,113.0,273
2025-03-23,52.0,44.0,128.0,309
2025-03-24,59.8,58.0,97.0,116
2025-03-25,56.8,46.9,137.0,207
2025-03-26,59.4,58.0,119.0,154
2025-03-27,60.3,59.0,76.0,54
2025-03-29,62.4,58.0,119.0,477
2025-03-30,69.6,61.0,174.0,449
2025-03-31,59.9,58.0,111.4,65
2025-04-01,58.4,54.0,92.8,203
2025-04-02,56.2,54.0,113.1,184
2025-04-03,52.8,52.0,97.0,286
2025-04-06,63.6,58.1,163.0,497
2025-04-07,58.1,55.0,137.0,195
2025-04-08,56.3,55.0,104.6,204
2025-04-09,55.5,53.0,127.0,218
2025-04-10,56.2,54.0,80.0,190
2025-04-11,53.8,50.0,145.0,242
2025-04-12,56.1,51.0,129.0,222
2025-04-13,55.3,52.0,176.6,236
2025-04-14,56.3,46.0,101.0,187
2025-04-15,51.3,49.0,83.0,219
2025-04-16,52.0,48.0,103.8,205
2025-04-17,51.2,48.7,84.0,207
2025-04-18,52.4,52.0,122.0,221
2025-04-19,51.9,47.0,124.0,801
2025-04-20,70.0,55.0,177.0,710
2025-04-21,57.7,52.0,139.0,700
2025-04-22,56.8,53.0,106.0,220
2025-04-23,52.9,50.0,115.0,202
2025-04-25,60.6,54.0,160.0,516
2025-04-26,55.9,53.0,108.0,169
2025-04-27,63.0,57.0,116.0,904
2025-04-28,55.2,53.0,76.0,149
2025-04-29,52.4,51.0,94.0,231
2025-04-30,49.0,45.0,89.0,179
2025-05-01,53.1,50.0,86.0,216
2025-05-02,57.0,53.0,108.0,190
2025-05-03,59.2,52.0,165.9,266
2025-05-04,49.9,48.5,102.0,191
2025-05-05,57.0,53.0,136.0,735
2025-05-07,58.4,55.0,115.0,184
2025-05-08,57.1,53.0,106.0,216
2025-05-09,56.8,52.0,146.0,458
2025-05-10,62.8,60.0,162.0,326
2025-05-11,60.4,55.0,120.0,201
2025-05-12,61.9,53.0,186.0,799
2025-05-13,55.8,54.0,92.0,188
2025-05-14,59.0,57.0,112.7,219
2025-05-15,53.2,51.0,91.0,182
2025-05-16,59.5,55.0,127.0,160
2025-05-17,57.7,55.0,106.0,214
2025-05-18,59.4,53.0,126.0,1069
2025-05-19,60.1,54.0,135.0,868
2025-05-20,57.6,55.0,82.0,66
2025-05-21,52.7,50.0,114.0,204
2025-05-23,54.4,52.0,111.0,195
2025-05-24,52.5,49.0,113.0,276
2025-05-25,57.3,47.0,115.0,619
2025-05-27,55.3,52.0,98.0,215
2025-05-28,54.7,53.0,102.0,177
2025-05-29,58.5,56.0,115.9,61
2025-05-30,62.6,58.0,165.0,377
2025-05-31,53.8,49.0,109.0,307
2025-06-01,55.3,52.0,112.0,233
2025-06-02,56.4,54.0,117.0,210
2025-06-03,59.0,57.0,92.0,227
2025-06-04,53.0,52.0,116.0,236
2025-06-05,52.2,49.0,111.0,226
2025-06-06,55.3,49.0,108.0,274
2025-06-07,62.2,59.0,114.0,44
2025-06-08,58.6,51.0,123.0,250
2025-06-09,62.6,53.0,155.0,304
2025-06-10,57.0,55.0,103.0,205
2025-06-11,55.3,52.0,107.0,212
2025-06-12,57.4,54.0,114.0,198
2025-06-13,73.4,70.0,196.0,230
2025-06-14,64.8,60.0,101.0,144
2025-06-15,71.3,57.0,192.0,1150
2025-06-16,57.6,55.0,101.0,433
2025-06-19,55.0,51.0,87.0,113
2025-06-20,66.5,63.0,124.0,439
2025-06-21,62.7,55.0,128.5,467
2025-06-22,66.1,57.0,179.0,1224
2025-06-23,59.6,57.0,110.0,221
2025-06-24,63.0,56.0,140.0,204
2025-06-25,63.6,59.0,148.0,763
2025-06-26,60.5,59.0,135.0,220
2025-06-27,69.7,56.0,185.0,956
2025-06-28,61.0,52.0,123.0,357
2025-06-29,75.0,63.0,192.0,924
2025-06-30,59.4,57.0,85.0,183
2025-07-01,58.3,55.0,86.0,115
2025-07-02,55.8,54.0,118.0,201
2025-07-03,59.7,54.0,129.0,219
2025-07-04,64.2,58.0,139.0,383
2025-07-06,62.3,56.0,166.0,295
2025-07-07,62.1,58.0,111.0,178
2025-07-08,58.0,54.0,83.0,192
2025-07-09,59.0,54.0,189.0,437
2025-07-13,70.3,60.0,180.0,1280
2025-07-14,61.2,58.0,182.0,427
2025-07-15,62.9,56.0,116.0,373
2025-07-16,59.9,52.0,179.0,881
2025-07-17,53.0,50.0,94.0,183
2025-07-18,81.2,65.0,191.0,458
2025-07-19,60.9,57.0,107.0,281
2025-07-20,67.4,61.0,168.0,866
2025-07-21,56.1,52.0,110.0,211
2025-07-22,55.4,53.0,105.0,255
2025-07-23,59.5,50.0,185.0,572
2025-07-24,56.5,53.0,182.0,722
2025-07-25,58.8,55.0,122.0,282
2025-07-26,63.9,59.0,115.0,413
2025-07-27,57.5,46.0,167.0,989
2025-07-28,53.1,48.0,108.5,171
2025-07-29,52.6,49.0,75.6,92
2025-07-30,64.1,49.0,163.3,152
2025-08-01,58.7,43.0,132.3,182
2025-08-02,61.3,57.0,122.0,180
2025-08-03,93.6,63.0,180.0,760
2025-08-04,57.4,55.0,74.0,33
2025-08-05,54.3,48.0,115.0,273
2025-08-06,54.3,51.0,113.8,217
2025-08-08,87.1,59.0,186.0,914
2025-08-09,66.0,62.0,121.0,80
2025-08-10,73.9,59.0,190.0,1824
2025-08-11,58.0,58.0,75.0,10
2025-08-12,56.8,54.0,107.0,405
2025-08-13,55.4,53.0,114.0,220
2025-08-14,53.9,52.0,100.0,181
2025-08-15,57.0,53.0,130.3,205
2025-08-16,59.1,54.0,158.0,752
2025-08-17,62.2,49.0,196.0,1268
2025-08-18,57.0,51.0,106.8,363
2025-08-19,53.8,49.0,105.0,447
2025-08-20,55.1,52.0,105.0,168
2025-08-22,59.8,53.0,185.0,875
2025-08-23,55.3,52.0,128.0,183
2025-08-24,74.5,55.0,187.0,1357
2025-08-25,53.8,51.0,144.0,167
2025-08-26,52.2,50.0,113.0,159
2025-08-27,57.3,47.0,186.0,1182
2025-08-28,52.6,51.0,85.0,184
2025-08-29,50.5,47.0,117.0,232
2025-08-30,63.9,59.0,128.0,194
2025-08-31,60.0,57.0,110.0,333
2025-09-01,54.7,45.0,163.0,1527
2025-09-02,55.7,51.0,117.0,615
2025-09-03,55.5,53.0,178.7,193
2025-09-04,58.9,55.0,133.0,432
2025-09-05,60.8,49.0,181.0,900
2025-09-06,53.8,51.0,100.0,165
2025-09-07,72.1,54.0,174.0,1380
2025-09-08,58.7,55.0,89.0,141
2025-09-09,52.4,51.0,107.0,184
2025-09-10,56.4,51.0,160.0,371
2025-09-11,61.1,52.0,174.0,366
2025-09-12,58.4,55.0,108.1,294
2025-09-13,57.2,52.0,111.8,175
2025-09-14,61.5,58.0,179.0,392
2025-09-15,55.4,52.0,91.0,132
2025-09-16,57.4,50.0,98.0,1388
2025-09-17,58.9,56.0,147.0,222
2025-09-18,53.4,51.0,131.0,188
2025-09-19,54.7,52.0,181.0,486
2025-09-20,53.4,48.0,151.0,926
2025-09-21,64.6,57.0,180.0,720
2025-09-22,54.0,50.0,87.0,293
2025-09-23,52.3,50.0,84.0,224
2025-09-24,51.5,47.0,176.0,950
2025-09-25,52.3,49.0,86.0,199
2025-09-26,48.1,41.0,171.0,378
2025-09-27,54.1,52.0,146.0,222
2025-09-28,50.3,46.0,185.0,517
2025-09-29,51.2,48.0,82.0,177
2025-09-30,48.4,44.0,71.0,307
2025-10-01,48.2,43.0,173.0,338
2025-10-02,58.0,56.0,165.9,258
2025-10-03,55.3,54.0,94.0,271
2025-10-04,61.9,58.0,177.0,250
2025-10-05,60.3,51.0,192.0,818
2025-10-06,52.4,47.0,160.0,302
2025-10-07,52.4,51.0,97.0,225
2025-10-08,53.6,46.0,176.0,1086
2025-10-09,55.9,53.0,163.0,213
2025-10-10,63.4,58.0,136.0,117
2025-10-11,63.1,58.0,98.0,188
2025-10-12,56.3,52.0,157.0,335
2025-10-13,53.0,47.0,171.0,331
2025-10-14,53.1,51.0,77.0,257
2025-10-15,58.9,56.0,180.0,302
2025-10-16,55.5,52.0,161.0,323
2025-10-17,56.0,54.8,126.0,212
2025-10-18,52.2,47.0,179.0,321
2025-10-19,56.6,52.0,148.0,345
2025-10-20,51.7,50.0,178.0,312
2025-10-21,58.5,55.0,108.0,205
2025-10-22,53.2,51.0,143.7,306
2025-10-23,54.5,53.0,81.0,227
2025-10-24,51.7,48.0,175.0,317
2025-10-25,58.5,54.0,184.0,273
2025-10-26,54.0,48.0,153.3,384
2025-10-27,55.8,52.0,179.0,348
2025-10-28,52.1,48.0,184.0,326
2025-10-29,54.9,52.0,122.0,222
2025-10-30,51.2,48.0,173.9,312
2025-10-31,54.2,52.0,79.0,212
2025-11-01,52.6,47.0,182.0,328
2025-11-02,56.3,50.0,145.2,442
2025-11-03,51.6,48.0,180.0,328
2025-11-04,54.3,52.0,87.0,223
2025-11-05,52.1,43.0,153.0,353
2025-11-06,52.2,43.0,171.0,312
2025-11-07,53.1,50.0,88.0,222
2025-11-08,51.1,44.0,185.0,594
2025-11-09,58.5,56.0,161.5,299
2025-11-10,55.7,53.0,176.0,285
2025-11-11,52.0,44.0,151.0,389
2025-11-12,51.1,45.0,171.0,337
2025-11-13,52.6,46.0,169.0,360
2025-11-14,55.7,52.0,90.0,289
2025-11-15,54.7,48.0,186.0,706
2025-11-16,59.4,57.0,155.0,212
2025-11-17,54.5,49.0,183.0,729
2025-11-18,61.3,56.0,169.0,935
2025-11-19,54.2,51.0,85.0,283
2025-11-20,60.8,54.0,176.0,945
2025-11-21,57.4,55.0,120.0,208
2025-11-22,54.6,52.0,191.0,761
2025-11-23,62.3,50.0,182.0,817
2025-11-24,53.8,49.0,170.0,763
2025-11-25,58.9,52.0,186.0,432
2025-11-26,53.7,50.0,153.0,555
2025-11-27,60.0,54.0,172.0,1024
2025-11-28,54.5,53.0,98.0,283
2025-11-29,62.8,58.0,183.0,383
2025-11-30,59.6,52.0,170.0,388
2025-12-01,55.8,53.0,80.0,211
2025-12-02,52.5,47.0,111.0,311
2025-12-03,54.2,52.0,88.0,197
2025-12-04,60.3,57.0,190.0,606
2025-12-05,53.4,51.0,84.0,296
2025-12-06,67.6,58.0,182.0,594
2025-12-07,68.7,51.0,155.0,16632
2025-12-08,61.6,57.0,182.0,589
2025-12-09,69.2,56.0,189.0,19066
2025-12-10,52.3,49.0,80.0,306
2025-12-11,68.7,54.0,166.0,9167
2025-12-12,52.3,49.0,104.0,297
2025-12-13,62.9,60.0,109.0,148
2025-12-14,90.5,62.9,193.0,23464
2025-12-15,52.5,50.0,79.0,305
2025-12-16,57.3,53.0,93.0,200
2025-12-17,53.1,49.0,86.0,308
2025-12-18,51.1,50.0,78.0,218
2025-12-19,58.8,45.0,162.0,14207
2025-12-20,53.8,48.0,132.0,190
2025-12-21,66.2,49.0,194.0,27884
2025-12-22,60.6,55.0,166.0,554
2025-12-23,62.1,49.0,180.0,18769
2025-12-24,56.7,53.0,168.0,525
2025-12-25,72.1,51.0,176.0,15972
2025-12-26,57.9,54.0,121.0,132
2025-12-27,80.1,49.0,186.0,21718
2025-12-28,73.4,54.0,154.0,18795
2025-12-29,51.9,43.0,92.0,169
2025-12-30,59.4,44.0,178.0,28706
2025-12-31,61.5,52.0,223.0,33560
2026-01-01,71.1,58.0,176.0,15045
2026-01-02,53.3,49.0,64.0,119
2026-01-03,110.3,53.0,189.0,7843
2026-01-04,52.7,50.0,88.0,275
2026-01-05,78.6,54.0,151.0,6485
2026-01-06,61.0,34.0,191.0,20683
2026-01-07,58.5,45.0,132.0,219
2026-01-08,53.1,48.0,93.0,311
2026-01-09,57.2,53.0,101.0,198
2026-01-10,75.1,55.0,186.0,18012
2026-01-11,62.0,47.0,172.0,38110
2026-01-12,19.5,3.0,163.0,9373
2026-01-13,67.0,46.0,191.0,16556
2026-01-14,66.5,53.0,146.0,5039
2026-01-15,67.1,49.0,181.0,21851
2026-01-16,54.2,49.0,109.0,260
2026-01-17,48.0,3.0,190.0,30898
2026-01-18,58.4,52.0,177.0,35183
2026-01-19,52.6,51.0,102.0,192
2026-01-20,59.8,47.0,189.0,42136
2026-01-21,55.8,54.0,103.0,177
2026-01-22,79.6,52.0,173.0,5553
2026-01-23,57.1,54.0,98.0,209
2026-01-24,61.4,59.0,117.0,187
2026-01-25,81.0,43.0,194.0,18583
2026-01-26,55.0,50.0,113.0,290
2026-01-27,54.0,51.0,78.0,214
2026-01-28,52.5,45.0,115.0,875
2026-01-29,52.8,47.0,102.0,205
2026-01-30,60.5,48.0,161.0,47717
2026-01-31,51.7,48.0,60.0,121
2026-02-01,29.7,2.0,152.0,25340
2026-02-02,60.2,42.0,158.0,13426
2026-02-03,52.2,48.0,92.0,203
2026-02-04,70.8,42.0,184.0,10228
2026-02-05,54.5,51.0,101.0,201
2026-02-06,68.0,51.0,186.0,26553
2026-02-07,60.5,55.0,140.0,719
2026-02-08,80.4,44.0,173.0,10871
2026-02-09,55.1,52.0,146.0,509
2026-02-10,48.7,41.0,92.0,305
2026-02-11,73.7,48.0,190.0,12966
2026-02-12,52.2,45.0,79.0,323
2026-02-13,71.2,44.0,185.0,21126
2026-02-14,68.6,45.0,159.0,16531
2026-02-15,95.2,57.0,169.0,9557
2026-02-16,53.3,48.0,142.0,803
2026-02-17,96.4,52.0,185.0,7578
2026-02-18,53.0,46.0,132.0,569
2026-02-19,54.3,52.0,108.0,172
2026-02-20,90.7,55.0,188.0,7893
2026-02-21,68.4,48.0,156.0,5597
2026-02-22,82.2,50.0,195.0,12559
2026-02-23,56.3,55.0,82.0,111
2026-02-24,55.7,54.0,82.0,218
2026-02-25,99.2,48.0,188.0,7850
2026-02-26,57.8,57.0,80.0,192
2026-02-27,55.6,54.0,76.0,111
2026-02-28,84.0,50.0,181.0,15048
2026-03-01,53.8,51.0,123.0,509
2026-03-02,52.6,49.0,138.0,796
2026-03-03,53.3,52.0,80.0,204
2026-03-04,70.1,50.0,189.0,16771
2026-03-05,56.1,51.0,76.0,215
2026-03-06,102.5,57.0,192.0,5323
2026-03-07,62.0,56.0,152.0,714
2026-03-08,113.9,47.0,177.0,15429
2026-03-09,54.1,47.0,157.0,733
2026-03-10,57.5,56.0,82.0,194
2026-03-11,62.4,44.0,185.0,13116
2026-03-12,56.1,54.0,108.0,220
2026-03-13,74.5,43.0,184.0,20045
2026-03-14,62.4,59.0,158.0,585
2026-03-15,71.1,57.0,183.0,18506
2026-03-16,56.5,54.0,132.0,646
